station_id,station_name,date,label,symbole_unite,lon,lat
05051300,La Cern au niveau de  Le Lardin-Saint-Lazare,2020-06-15,4.1,NFU,1.225524817,45.12572571
05049300,Le ruisseau de Manaurie à Manaurie,2020-06-15,4.3,NFU,0.991090325,44.960978245
02003400,LA LARGUE A FRIESEN,2020-06-15,9.5,NFU,7.152206389,47.566455027
02049640,LA MOSELOTTE AU SYNDICAT (NOL),2020-06-15,1.4,NFU,6.709753264,48.010750586
02098030,L'EICHEL A HINSBOURG,2020-06-15,11.0,NFU,7.289908146,48.894160272
05105200,L'Osse au niveau de Nérac,2020-06-15,150.0,NFU,0.292721701,44.122338276
04154400,YON à DOMPIERRE-SUR-YON,2020-06-15,19.0,NFU,-1.384130105,46.735931207
04174000,JARLOT à PLOURIN-LES-MORLAIX,2020-06-15,4.0,NFU,-3.799194954,48.561769724
06184800,ORB A LE-BOUSQUET-D'ORB 1,2020-06-15,1.3,NFU,3.130887454,43.723006875
06187100,ORB A CESSENON-SUR-ORB 2,2020-06-15,1.3,NFU,3.086941075,43.437820674
06183000,LERGUE A BRIGNAC ,2020-06-15,4.2,NFU,3.477313236,43.628187438
06440445,OGNON A BUSSIERES 1,2020-06-15,2.2,NFU,5.968455432,47.335447701
06438900,RUISSEAU DE NOIRONTE A RUFFEY-LE-CHATEAU ,2020-06-15,6.1,NFU,5.806764654,47.285835096
03193000,L'EURE A LERY 1,2020-06-15,2.9,NFU,1.209558025,49.287347104
03067798,LE RU DU BAS A CERNY 1,2020-06-15,93.9,NFU,2.333887838,48.475477759
03183200,LE BECQUET A BELBEUF 1,2020-06-15,0.61,NFU,1.139508404,49.375843317
03023000,LA VOIRE A LASSICOURT 1,2020-06-15,3.4,NFU,4.491321431,48.44858172
03022000,L'AUJON A LONGCHAMP-SUR-AUJON 1,2020-06-15,1.2,NFU,4.804771329,48.153711826
CU000052,HUISNE - PRISE D'EAU DE L'EPAU,2020-06-15,14.0,NFU,0.200609396,47.988490895
AK000680,PRISE MAQUENS,2020-06-15,4.5,NFU,2.327153462,43.21206827
05112150,La Masse d'Agen au confluent avec la Garonne,2020-06-15,4.5,NFU,0.611271798,44.207276788
05058600,Le Céou à Castelnaud-la-chapelle,2020-06-15,0.5,NFU,1.156882278,44.805706414
O0115163,Lac de l'Oule,2020-06-15,1.0,NFU,0.204525801,42.826386353
06072400,RHONE A RUFFIEUX ,2020-06-15,7.9,NFU,5.805818155,45.853960341
05088040,La Briolance en aval de Blanquefort-sur-Briolance,2020-06-15,6.5,NFU,0.968815098,44.590964063
05043000,La Loue à Saint Martial d'Albarède,2020-06-15,9.1,NFU,1.034098761,45.324002634
04430012,LE DAROT A MARIOL,2020-06-15,6.5,NFU,3.478535825,46.014371419
K751505,ETANG DU LOUROUX à LE LOUROUX,2020-06-15,3.0,NFU,0.783826866,47.159617884
04339000,KERLOC'H A CROZON,2020-06-15,8.0,NFU,-4.491690814,48.259248366
K091410,RETENUE DE VILLEREST à CORDELLE,2020-06-15,18.0,NFU,4.054226534,45.917020864
03085669,LA MOUCHE A HUMES-JORQUENAY 1,2020-06-15,2.9,NFU,5.286935817,47.894614165
04174760,FLECHE à PLOUIDER,2020-06-15,5.8,NFU,-4.271555725,48.585357109
04030210,CHARLET À AUTHEZAT,2020-06-15,28.0,NFU,3.194329355,45.653883441
04174550,HORN à SAINT-POL-DE-LEON,2020-06-15,12.0,NFU,-4.019344723,48.676444913
04430018,LE BRIANDET A BELLERIVE SUR ALLIER,2020-06-15,7.3,NFU,3.400929797,46.12592954
03203050,LE CAILLY A CANTELEU 1,2020-06-15,16.0,NFU,1.050952262,49.45343403
02052000,LA VOLOGNE A JARMENIL,2020-06-15,3.4,NFU,6.571279685,48.115196633
02049500,LA MOSELOTTE A SAULXURES-SUR-MOSELOTTE,2020-06-15,0.9,NFU,6.734059524,47.96246643
02098300,LE GRENTZBACH A WALDHAMBACH,2020-06-15,11.0,NFU,7.225408738,48.934801513
02049610,LA MOSELOTTE A VAGNEY (ZAINVILLERS),2020-06-15,3.4,NFU,6.720143491,47.987989654
03099490,L'ORNAIN A GIVRAUVAL 1,2020-06-15,0.84,NFU,5.33516978,48.665937785
03027844,LE RU DE SINOTTE A VENOY 3,2020-06-15,26.0,NFU,3.640611782,47.822553698
03099750,LE RUISSEAU MALVAL A NANCOIS-SUR-ORNAIN 1,2020-06-15,4.5,NFU,5.305716746,48.713365697
04661002,LE GUE A ANETZ,2020-06-15,19.0,NFU,-1.068112023,47.395943926
03112295,LE MORBRAS A SUCY-EN-BRIE 2,2020-06-15,3.5,NFU,2.508494996,48.779948501
03201650,LA CLÉRETTE A MONTVILLE 1,2020-06-15,3.8,NFU,1.075216796,49.560938001
03067600,L'ESSONNE A GUIGNEVILLE-SUR-ESSONNE 2,2020-06-15,2.9,NTU,2.347623648,48.464389435
CJ000121,PONT DE COUTERNE,2020-06-15,13.0,NFU,-0.465843068,48.546503525
O0115163,Lac de l'Oule,2020-06-15,0.6,NFU,0.204525801,42.826386353
05088050,La Lémance en amont de Montflanquin,2020-06-15,3.5,NFU,0.971998008,44.574992858
05084800,Le Lot en aval de Ste-Livrade,2020-06-15,5.6,NFU,0.537656824,44.393238617
05079900,Le Dropt à Allemans,2020-06-15,3.0,NFU,0.290987543,44.628755124
04431019,LE BERON A SERBANNES,2020-06-15,19.0,NFU,3.318276175,46.095763508
04662000,LE DONNEAU A MOUZEIL,2020-06-15,18.0,NFU,-1.297673523,47.420007289
04131000,OUDON à CRAON,2020-06-15,6.8,NFU,-0.947905907,47.826947799
05083588,Le Tolzac de Monclar au niveau de Grateloup,2020-06-15,93.0,NFU,0.416119902,44.441340623
04430015,LE SARMON A BRUGHEAS,2020-06-15,14.0,NFU,3.351156008,46.057323295
04431018,LE BERON A CHARMEIL,2020-06-15,16.0,NFU,3.402979856,46.15891656
04174730,KERALLE à PLOUESCAT,2020-06-15,11.0,NFU,-4.186345983,48.650413777
02041735,LE ROTHENBACH A STURZELBRONN (GRAFENWEIHER),2020-06-15,1.5,NFU,7.604939636,49.022327995
02053000,LA MOSELLE A EPINAL,2020-06-15,3.1,NFU,6.451684871,48.155526475
04431021,L 'AGASSE A MARCENAT,2020-06-15,23.0,NFU,3.394332601,46.244394818
02003200,L'ILL A TAGOLSHEIM,2020-06-15,6.4,NFU,7.266417053,47.654501265
02049000,LA MOSELLE A SAULX,2020-06-15,0.9,NFU,6.686089771,47.909403126
06185900,JAUR A OLARGUES 2,2020-06-15,1.4,NFU,2.912019551,43.560448998
06004750,MORTE A BUCEY-LES-GY 3,2020-06-15,1.1,NFU,5.847663366,47.418743003
03022445,LA HÉRONNE A DROYES 1,2020-06-15,18.0,NFU,4.748026719,48.523317796
03182415,L'OISON A SAINT-CYR-LA-CAMPAGNE 1,2020-06-15,39.0,NFU,1.019278533,49.253700939
03201260,LE CAILLY A FONTAINE-LE-BOURG 1,2020-06-15,4.1,NFU,1.126082524,49.560682268
03099445,LE RUISSEAU DES GRANDES FONTAINES A LONGEAUX 1,2020-06-15,6.1,NFU,5.347675797,48.648144971
05079950,La Dourdenne à Roumagne,2020-06-15,6.6,NFU,0.341379543,44.618628935
05106710,La Gueyze en amont de Sos,2020-06-15,6.3,NFU,0.121404537,44.052855585
05085530,La Lède au niveau de Monflanquin,2020-06-15,14.0,NFU,0.742578159,44.51974792
04179678,KER HA RO à PLOEVEN,2020-06-15,3.2,NFU,-4.21438788,48.169811738
04430013,LA MERLAUDE A HAUTERIVE,2020-06-15,20.0,NFU,3.447333276,46.075751267
04430014,LE SARMON A BELLERIVE SUR ALLIER,2020-06-15,18.0,NFU,3.413868189,46.117400409
04662004,LE BEUSSE A COUFFE,2020-06-15,58.0,NFU,-1.287013369,47.391218538
04154230,LAY à MOUTIERS-SUR-LE-LAY,2020-06-15,7.3,NFU,-1.172621899,46.551816002
04661003,LE SAUGERES A ROCHE-BLANCHE,2020-06-15,13.0,NFU,-1.150960389,47.417487635
03182700,LE PUCHOT A ELBEUF 1,2020-06-15,3.8,NFU,1.002033506,49.293954498
02051820,LE BARBA A DOCELLES,2020-06-15,3.1,NFU,6.638643771,48.138997484
03085630,LA MOUCHE A PERRANCEY-LES-VIEUX-MOULINS 1,2020-06-15,1.8,NFU,5.263472893,47.859245539
06152180,UBAYE A LE-LAUZET-UBAYE ,2020-06-15,63.0,NFU,6.441961549,44.424931898
06188500,ORB A VILLENEUVE-LES-BEZIERS ,2020-06-15,2.3,NFU,3.253011588,43.312170832
06010000,OGNON A PESMES 1,2020-06-15,5.3,NFU,5.550034885,47.287898466
06079050,RHONE A BREGNIER-CORDON 1,2020-06-15,6.4,NFU,5.61589934,45.624587179
03067798,LE RU DU BAS A CERNY 1,2020-06-15,4.9,NTU,2.333887838,48.475477759
03091000,LA MARNE A FRIGNICOURT 1,2020-06-15,1.4,NFU,4.587424586,48.700651184
03085651,LE RU DE MORGON A SAINT-CIERGUES 1,2020-06-15,6.7,NFU,5.242368347,47.875576574
03015000,L'AUBE A VILLE-SOUS-LA-FERTE 1,2020-06-15,1.1,NFU,4.795471206,48.144052112
03014130,L'AUBE A AUBERIVE 3,2020-06-15,3.3,NFU,5.080423025,47.777652066
03036127,LE RU DE BÛCHIN A ROUVRAY 1,2020-06-15,6.2,NFU,3.669757442,47.885023435
03065730,L'ESSONNE A BOULANCOURT 1,2020-06-15,11.0,NTU,2.426511615,48.259852519
03181000,L'ANDELLE A PITRES 3,2020-06-15,7.8,NFU,1.230669408,49.316305599
05060200,L'Enéa à Carsac-Aillac,2020-06-15,3.9,NFU,1.270230649,44.840041879
04174670,GUILLEC à PLOUGOULM,2020-06-15,11.0,NFU,-4.054419004,48.668268969
04426052,CHARLET A LA SAUVETAT,2020-06-15,21.0,NFU,3.174247202,45.640057867
04661004,LA BOIRE TORSE A VARADES,2020-06-15,16.0,NFU,-1.052002694,47.384446234
04174770,QUILLIMADEC à GUISSENY,2020-06-15,9.6,NFU,-4.356014777,48.621863449
02098525,L'EICHEL A LORENTZEN,2020-06-15,6.2,NFU,7.173945045,48.955210921
02043350,LE FISCHBACH A NEUWILLER-LES-SAVERNE,2020-06-15,5.0,NFU,7.346237774,48.803426948
04661001,L'AUBINIERE A ANCENIS,2020-06-15,54.0,NFU,-1.179999363,47.392558164
02048960,LE RUISSEAU DE LA COLLINE DE FRESSE A FRESSE-SUR-MOSELLE,2020-06-15,0.6,NFU,6.819192942,47.888838307
02002000,L'ILL A CARSPACH,2020-06-15,17.2,NFU,7.218093436,47.615523487
02098256,LE GRENTZBACH A RATZWILLER (AMONT),2020-06-15,8.1,NFU,7.283809713,48.963732949
02051000,LA MOSELLE A ELOYES,2020-06-15,1.6,NFU,6.608993818,48.093077161
06004995,ECOULOTTES A ARC-LES-GRAY 2,2020-06-15,18.0,NFU,5.584702846,47.458677419
06440770,FONTAINE DE MAGNEY A SORNAY 1,2020-06-15,2.8,NFU,5.692289826,47.273352443
06005500,SAONE A APREMONT 1,2020-06-15,5.3,NFU,5.544088677,47.395715666
06072300,RHONE A CULOZ ,2020-06-15,4.8,NFU,5.802294627,45.848821668
06076420,SERAN A CHAMPAGNE-EN-VALROMEY ,2020-06-15,1.9,NFU,5.669600048,45.912583561
06152700,DURANCE A ROCHEBRUNE ,2020-06-15,14.0,NFU,6.197532319,44.459976691
06005550,TENISE A ESMOULINS 1,2020-06-15,15.0,NFU,5.561078526,47.402620057
03200435,LE ROBEC A ROUEN 2,2020-06-15,1.5,NFU,1.129854272,49.439646172
03174000,LA SEINE A POSES 2,2020-06-15,5.9,NFU,1.23665644,49.310144107
03066650,L'ESSONNE A MAISSE 2,2020-06-15,7.8,NTU,2.388897778,48.40611291
03080660,LA SEINE A ALFORTVILLE 3,2020-06-15,2.5,NFU,2.410053858,48.814653807
BS000449,PORNIC ETANG DU GROS CAILLOU,2020-06-15,13.0,NFU,-2.017121021,47.105350545
CM001522,RUISSEAU DE SARE,2020-06-15,5.34,NFU,-1.562064697,43.353667706
S3105033,Petit étang de Biscarrosse,2020-06-15,1.3,NFU,-1.179797337,44.398774796
05111960,La Ségone au niveau de Colayrac-saint-Cirq,2020-06-15,9.6,NFU,0.582983923,44.230971422
05086250,Le Boudouyssou au niveau de Penne d'Agenais,2020-06-15,6.5,NFU,0.799082308,44.392201104
04339001,RAU DE STALAS à DOUARNENEZ,2020-06-15,2.7,NFU,-4.324456327,48.073499672
04131300,CHERAN à LA BOISSIERE,2020-06-15,11.0,NFU,-0.986109317,47.783842894
02041746,LE SCHWARZBACH A NIEDERBRONN-LES-BAINS,2020-06-15,6.5,NFU,7.687831879,48.960384342
06151900,UBAYE A ST-PAUL-SUR-UBAYE ,2020-06-15,2.3,NFU,6.764453519,44.521137184
06077500,RHONE A BREGNIER-CORDON 3,2020-06-15,9.1,NFU,5.623039917,45.638440114
06439460,OGNON A CHENEVREY-ET-MOROGNE 1,2020-06-15,8.0,NFU,5.743328362,47.264625692
02054100,LA MOSELLE A CHAVELOT,2020-06-15,3.0,NFU,6.440464781,48.234327897
02054000,LA MOSELLE A GOLBEY,2020-06-15,2.6,NFU,6.442262839,48.208391295
03109000,LA MARNE A LA FERTE-SOUS-JOUARRE 1,2020-06-15,2.4,NFU,3.124601326,48.944716518
06076720,FURANS A LA-BURBANCHE ,2020-06-15,0.82,NFU,5.559003759,45.845531768
03085608,LA MARNE A HUMES-JORQUENAY 3,2020-06-15,13.0,NFU,5.305169269,47.902621754
03109000,LA MARNE A LA FERTE-SOUS-JOUARRE 1,2020-06-15,2.4,NFU,3.124601326,48.944716518
03202250,LE CAILLY A LE HOULME 1,2020-06-15,4.6,NFU,1.036954004,49.50839983
03182700,LE PUCHOT A ELBEUF 1,2020-06-15,3.8,NFU,1.002033506,49.293954498
03068038,LE COURS D'EAU NUMÉRO 01 DE BOIGNY A BAULNE 1,2020-06-15,2.9,NTU,2.364930096,48.498669349
03201250,LE CAILLY A SAINT-GERMAIN-SOUS-CAILLY 1,2020-06-15,2.8,NFU,1.210412866,49.577595885
03068120,L'ESSONNE A BALLANCOURT-SUR-ESSONNE 2,2020-06-15,3.6,NTU,2.368123802,48.531342211
AK000962,ARRIVEE PRISE ORB,2020-06-15,0.22,NFU,3.171615822,43.220208284
CM000295,HELBARRON,2020-06-15,6.67,NFU,-1.562064697,43.353667706
05086300,Le Lot à St-Sylvestre,2020-06-15,9.4,NFU,0.807428367,44.394618933
05086260,La Tancanne en aval d'Auradou,2020-06-15,12.0,NFU,0.79330748,44.343817942
05080740,Le Dropt au niveau de Villeréal,2020-06-15,18.0,NFU,0.715559467,44.632850177
05049200,La Beune aux Eyzies,2020-06-15,5.8,NFU,1.01428987,44.934195455
02051600,LE NEUNE A LAVELINE-DEVANT-BRUYERE,2020-06-15,12.3,NFU,6.760979762,48.185082307
04426051,CHARLET A PLAUZAT,2020-06-15,2.9,NFU,3.1612418,45.625912664
02050000,LA MOSELOTTE A AUTRIVE,2020-06-15,1.4,NFU,6.626517509,48.01452706
K091410,RETENUE DE VILLEREST à CORDELLE,2020-06-15,24.0,NFU,4.054226534,45.917020864
02098235,LE GRENTZBACH A SAINT-LOUIS-LES-BITCHE,2020-06-15,9.3,NFU,7.33511746,48.986725332
02098100,L'EICHEL A FROHMUHL,2020-06-15,4.6,NFU,7.276797014,48.908129754
02003100,LE THALBACH A WITTERSDORF,2020-06-15,2.7,NFU,7.275201329,47.622305772
06069550,RHONE A MASSIGNIEU-DE-RIVES ,2020-06-15,4.5,NFU,5.782767267,45.753369718
02049900,LA CLEURIE A CLEURIE,2020-06-15,3.4,NFU,6.703357475,48.057897126
06077000,FURANS A BELLEY 1,2020-06-15,4.8,NFU,5.677092267,45.708409236
06185000,ORB A LE-POUJOL-SUR-ORB ,2020-06-15,1.9,NFU,3.068476485,43.577018352
03027847,LE RUISSEAU DU CARREAU A BLEIGNY-LE-CARREAU 2,2020-06-15,7.0,NFU,3.641365829,47.837427119
03112480,LA MARNE A CHARENTON-LE-PONT 2,2020-06-15,10.0,NFU,2.41962979,48.816895156
03027840,LE RU DE SINOTTE A MONETEAU 3,2020-06-15,13.0,NFU,3.602707227,47.869384764
03112000,LA MARNE A JOINVILLE-LE-PONT 1,2020-06-15,10.0,NFU,2.46916825,48.820237175
03017900,L'AUBE A EPAGNE 1,2020-06-15,2.1,NFU,4.461432733,48.391789159
03067796,LE RU DU HAUT A CERNY,2020-06-15,7.2,NTU,2.332878883,48.477149025
03065960,LA VELVETTE A BOIGNEVILLE 2,2020-06-15,6.6,NTU,2.383451257,48.346281353
AM000571,SAINTE-MARTHE,2020-06-15,15.0,NFU,5.40188436,43.335817132
CJ000043,NOE VERTE,2020-06-15,19.0,NFU,-0.735469933,48.76192519
BD000152,PRAT HIR.,2020-06-15,2.4,NFU,-4.074282852,48.185622493
DL000034,PRISE D'EAU EN CURE,2020-06-15,3.9,NFU,3.760886637,47.535533799
05111900,La garonne à Colayrac St Cirq,2020-06-15,30.0,NFU,0.53626611,44.214263598
05083650,L'Ourbise au moulin de Picon,2020-06-15,9.8,NFU,0.261740906,44.353665115
05112170,La Masse d'Agen en amont du Pont-du-Casse,2020-06-15,10.0,NFU,0.683609093,44.247098231
05087400,La Lémance en amont de Monsempron-Libos,2020-06-15,4.1,NFU,0.944284425,44.508471188
05106700,La Gélise à Sos,2020-06-15,20.0,NFU,0.143221503,44.039648022
O0115163,Lac de l'Oule,2020-06-15,0.5,NFU,0.204525801,42.826386353
05111600,L'Auvignon au niveau de Calignac,2020-06-15,13.0,NFU,0.438320947,44.149973017
04426050,CHARLET - AFFLUENT NORD A LA SAUVETAT,2020-06-15,15.0,NFU,3.169364954,45.654238929
04341009,RAU DE PLOZEVET A PLOZEVET,2020-06-15,3.1,NFU,-4.392611129,47.963596463
K091410,RETENUE DE VILLEREST à CORDELLE,2020-06-15,3.7,NFU,4.054226534,45.917020864
02001750,L'ILL A OLTINGUE,2020-06-15,5.4,NFU,7.39298038,47.48813713
02003350,LA LARGUE A SEPPOIS-LE-BAS,2020-06-15,6.9,NFU,7.175098786,47.539523831
02054500,LA MOSELLE A CHATEL-NOMEXY,2020-06-15,4.5,NFU,6.390897472,48.312310072
06090600,ALBARINE A ARGIS 1,2020-06-15,1.5,NFU,5.476857409,45.94655604
06183500,HERAULT A ASPIRAN ,2020-06-15,13.0,NFU,3.471281946,43.568045556
03174000,LA SEINE A POSES 2,2020-06-15,5.9,NFU,1.23665644,49.310144107
06154000,LUYE A JARJAYES ,2020-06-15,7.3,NFU,6.081965184,44.479323275
04735000,R GRAON À NESMY,2020-06-15,14.0,NFU,-1.398895241,46.557526508
03099950,L'ORNAIN A SILMONT 1,2020-06-15,0.83,NFU,5.244154034,48.731842696
04735002,LE FOSSE CHALON A SAINT-VINCENT-SUR-GRAON,2020-06-15,27.0,NFU,-1.407114789,46.526213517
03063000,LA SEINE A ABLON-SUR-SEINE 2,2020-06-15,2.9,NFU,2.41559629,48.71866825
03085630,LA MOUCHE A PERRANCEY-LES-VIEUX-MOULINS 1,2020-06-15,1.8,NFU,5.263472893,47.859245539
03201000,L'AUBETTE A SAINT-LEGER-DU-BOURG-DENIS 1,2020-06-15,1.7,NFU,1.153457886,49.432717192
CM000315,LA NIVE,2020-06-15,5.29,NFU,-1.47068208,43.407170641
BE000439,PRISE DES BONELS,2020-06-15,1.3,NFU,3.480177905,43.973366819
BJ000082,LA ROCHE (LE COUESNON),2020-06-15,18.0,NFU,-1.438877298,48.300815461
AM001023,ENTRÉE STATION LE BARCOT,2020-06-15,0.24,NFU,5.307047793,43.719114745
O0115183,Lac d'Orédon,2020-06-16,1.4,NFU,0.161716253,42.825657658
02057650,LE MADON A PIERREVILLE,2020-06-16,6.4,NFU,6.125175007,48.549250383
02057065,LE COLON A AVRAINVILLE,2020-06-16,15.3,NFU,6.210469919,48.36870496
02055500,L'EURON A FROVILLE,2020-06-16,19.2,NFU,6.365409749,48.470055317
02057490,LE RUISSEAU DE CORNAPRE A XIROCOURT,2020-06-16,1.3,NFU,6.166597862,48.430292828
04431023,LE MOURGON LE VIF A BOST,2020-06-16,23.0,NFU,3.497422148,46.191996065
04179530,AULNE à SAINT-SEGAL,2020-06-16,2.0,NFU,-4.107171245,48.207601713
04171550,TRIEUX à KERPERT,2020-06-16,6.9,NFU,-3.13830288,48.385588928
04172020,FROUT à PABU,2020-06-16,15.0,NFU,-3.143142041,48.610203325
04178127,DOUFFINE à SAINT-SEGAL,2020-06-16,33.0,NFU,-4.06072711,48.260143285
06133350,DORON DE PRALOGNAN A PLANAY ,2020-06-16,0.74,NFU,6.708503426,45.411837301
02004300,LA DOLLER A SEWEN (LERCHENMATT),2020-06-16,0.5,NFU,6.895346403,47.801892805
03217400,LA VALMONT A COLLEVILLE 1,2020-06-16,1.6,NFU,0.479315969,49.743947476
06180500,CANAL DE LA ROBINE A GRUISSAN ,2020-06-16,20.0,NFU,3.030844093,43.122126674
03082758,LE ROSNE A GARGES-LES-GONESSE 1,2020-06-16,2.4,NFU,2.422659553,48.976213959
03029000,L'YONNE A BASSOU 1,2020-06-16,2.7,NFU,3.519531924,47.926409621
03069231,LE RU MISERY A VERT-LE-GRAND 1,2020-06-16,1.8,NTU,2.363967323,48.566934643
03217080,LA DURDENT A VEULETTES-SUR-MER 2,2020-06-16,3.7,NFU,0.60803521,49.855419565
03214000,L'ARQUES A DIEPPE 1,2020-06-16,9.8,NFU,1.09520701,49.915003597
BV000108,PRISE D'EAU DE NAZARETH,2020-06-16,25.0,NFU,0.341894653,44.139121951
AM000035,LES GIRAUDETS SIOM,2020-06-16,8.4,NFU,5.309376921,43.404247077
BS000090,NANTES - ERDRE CANAL ST FELIX (SEC),2020-06-16,17.0,NFU,-1.537071177,47.244639768
DH000192,ST LAURENT-PRISE D'EAU,2020-06-16,4.4,NFU,-0.907178156,46.952424157
BS000087,MAUVES/LOIRE   LA LOIRE,2020-06-16,2.5,NFU,-1.407555723,47.317714813
BS000089,NANTES - LOIRE LA ROCHE (SEC),2020-06-16,14.0,NFU,-1.537071177,47.244639768
05047750,Le Couzeau au niveau de Lanquais,2020-06-16,8.1,NFU,0.675665212,44.801977419
04130000,MAYENNE à DAON,2020-06-16,5.6,NFU,-0.642932959,47.749228604
K60-410,RETENUE DE SIDIAILLES à SIDIAILLES,2020-06-16,6.6,NFU,2.332804959,46.505662524
W2755283,GRAND-MAISON,2020-06-16,0.77,NFU,6.12155513,45.205844796
04171385,GOAZEL à GOMMENEC'H,2020-06-16,38.0,NFU,-3.022296108,48.628838993
04171300,LEFF à BOQUEHO,2020-06-16,7.1,NFU,-2.951404825,48.48217794
02003800,LA LARGUE A SPECHBACH-LE-BAS,2020-06-16,12.3,NFU,7.223280657,47.662180887
02057250,LE MADON A MATTAINCOURT,2020-06-16,15.8,NFU,6.135465782,48.277511562
03029000,L'YONNE A BASSOU 1,2020-06-16,2.7,NFU,3.519531924,47.926409621
06175320,BERRE A PORTEL-DES-CORBIERES 1,2020-06-16,0.95,NFU,2.899611997,43.049843593
03229000,LA DIVES A VICQUES 1,2020-06-16,8.6,NFU,-0.079805959,48.95087633
03228440,LA BARGES A VILLEBADIN,2020-06-16,3.8,NFU,0.144378806,48.786103889
04126500,MAYENNE à L'HUISSERIE,2020-06-16,8.4,NFU,-0.74036546,48.012326547
K5--310,COMPLEXE DE ROCHEBUT à EVAUX-LES-BAINS,2020-06-16,5.1,NFU,2.513958055,46.230767398
04171400,LEFF à GOMMENEC'H,2020-06-16,36.0,NFU,-3.035300702,48.650046839
02011000,LA THUR A ENSISHEIM,2020-06-16,4.2,NFU,7.33686652,47.868051668
02010000,LA THUR A STAFFELFELDEN,2020-06-16,4.5,NFU,7.264898893,47.826924307
02004000,L'ILL A BRUNSTATT,2020-06-16,10.5,NFU,7.307015534,47.717579055
06041665,CHAUX A BEAUVERNOIS ,2020-06-16,17.0,NFU,5.431278643,46.85001175
06169100,FOSSELLA A ST-NAZAIRE 1,2020-06-16,3.6,NFU,2.963865733,42.667036455
06134500,ISERE A FEISSONS-SUR-ISERE ,2020-06-16,5.7,NFU,6.467460007,45.562607361
03018951,L'AUBE A VINETS 1,2020-06-16,2.1,NFU,4.234375218,48.530373588
03228560,LE RUISSEAU DE L'ETANG DES MARETTES A COULONCES 1,2020-06-16,3.3,NFU,0.033532325,48.834535231
03020650,LA SUPERBE A MARIGNY 1,2020-06-16,7.1,NFU,3.870386547,48.679721648
03058150,LE RU DE COLOMBEAU A LA BELLIOLE,2020-06-16,17.0,NFU,3.104301153,48.152838567
AC000169,GOUR DU PUY - PRISE D'EAU,2020-06-16,3.5,NFU,2.608535908,46.331373766
05080700,La Banège au niveau de Plaisance,2020-06-16,11.0,NFU,0.563919136,44.701758969
05047200,Le Caudeau à Bergerac,2020-06-16,2.4,NFU,0.458584748,44.851531712
O0115183,Lac d'Orédon,2020-06-16,0.6,NFU,0.161716253,42.825657658
04171750,TRIEUX à SAINT-PEVER,2020-06-16,6.1,NFU,-3.113959654,48.482748658
02057480,LE BEAULONG A MARAINVILLE-SUR-MADON,2020-06-16,18.2,NFU,6.160500135,48.400680207
M633510,ETANG DE LA POITEVINIERE à RIAILLE,2020-06-16,5.6,NFU,-1.307999372,47.534928217
02057210,LE RUISSEAU DE VROVILLE A VROVILLE,2020-06-16,5.2,NFU,6.149420777,48.276042095
02057060,LE MADON A BAINVILLE-AUX-SAULES,2020-06-16,12.4,NFU,6.145956411,48.202213812
02008000,LA THUR A FELLERING,2020-06-16,1.7,NFU,6.984743685,47.891603396
02057400,LE MADON A AMBACOURT,2020-06-16,6.9,NFU,6.142424023,48.346669154
02057600,LE BRENON A AUTREY,2020-06-16,4.5,NFU,6.139675619,48.528747106
02057000,LA MOSELLE A MEREVILLE,2020-06-16,6.3,NFU,6.151654254,48.601054126
02017000,LA LAUCH A MERXHEIM,2020-06-16,9.9,NFU,7.291291824,47.913892494
03081000,LA SEINE A PARIS-12E--ARRONDISSEMENT 1,2020-06-16,2.6,NFU,2.381542365,48.832587164
06133600,ISERE A MONTGIROD ,2020-06-16,3.1,NFU,6.599401123,45.532406421
06042500,VALLIERE A SAVIGNY-EN-REVERMONT ,2020-06-16,14.0,NFU,5.423296016,46.628179831
03101600,L'ORNAIN A REVIGNY-SUR-ORNAIN 3,2020-06-16,1.6,NFU,4.965428255,48.82550088
03076000,L'YVETTE A CHEVREUSE 2,2020-06-16,16.0,NFU,2.03760784,48.705001583
03039000,L'ARMANÇON A CHENY 1,2020-06-16,2.9,NFU,3.531826156,47.956008425
03101000,L'ORNAIN A FAINS-VEEL 1,2020-06-16,0.82,NFU,5.128025441,48.79495309
03044880,Ruisseau des Sièges,2020-06-16,2.3,NFU,3.490223657,48.191317926
03020145,LA BARBUISE A POUAN-LES-VALLEES 1,2020-06-16,2.2,NFU,4.063831315,48.536754222
04730001,RAU ARGUIGNON À CHANTONNAY,2020-06-16,27.0,NFU,-0.994782903,46.681058402
BF000320,PERIPHERIE SUD SUD EST,2020-06-16,5.2,NFU,1.436721106,43.522925386
AV002109,EAU DE LA SAONE A PONCEY,2020-06-16,1.8,NFU,5.381464033,47.236063415
AV003512,PRISE D'EAU DE CHENESAINT,2020-06-16,0.79,NFU,4.180016236,47.382535959
04120400,TREULON à AUVERS-LE-HAMON,2020-06-16,9.4,NFU,-0.367439044,47.908915701
04127970,VICOIN à NUILLE-SUR-VICOIN,2020-06-16,24.0,NFU,-0.76708765,47.994846158
02008320,LA THUR A SAINT-AMARIN,2020-06-16,1.6,NFU,7.024843778,47.872157347
02057525,LE RUISSEAU DE LA VERMILLERE A CEINTREY,2020-06-16,6.4,NFU,6.155943873,48.518214823
04121400,VAIGE à BOUESSAY,2020-06-16,10.0,NFU,-0.380405593,47.868043736
02009000,LA THUR A WILLER-SUR-THUR,2020-06-16,2.0,NFU,7.069468417,47.843284139
06491170,SEILLE A NEVY-SUR-SEILLE 2,2020-06-16,1.1,NFU,5.629063478,46.737482883
03228440,LA BARGES A VILLEBADIN,2020-06-16,3.8,NFU,0.144378806,48.786103889
03096400,LA CHEE A NETTANCOURT 1,2020-06-16,12.0,NFU,4.945817159,48.873914227
03122008,LA BIÈVRE A VERRIERES-LE-BUISSON 1,2020-06-16,7.8,NFU,2.229481058,48.745962695
03229300,LE DOUIT DU HOULE A COURCY 1,2020-06-16,2.1,NFU,-0.044282905,48.974692294
03228690,LA DIVES A OMMOY 1,2020-06-16,6.5,NFU,-0.016945447,48.85673293
03096156,LA SAULX A MOGNEVILLE 1,2020-06-16,3.2,NFU,5.001259299,48.78497099
03069775,L'ESSONNE A MENNECY 3,2020-06-16,4.1,NTU,2.434638496,48.574371035
AW000050,LE LEGUER - MOULIN DE BUHULIEN,2020-06-16,4.9,NFU,-3.4548649,48.692185674
04186100,BELON à RIEC-SUR-BELON,2020-06-16,3.2,NFU,-3.634994528,47.838091346
J760510,ETANG DE LA FORGE à MARTIGNE-FERCHAUD,2020-06-16,3.4,NFU,-1.323619999,47.837498735
04171870,TRIEUX à GUINGAMP,2020-06-16,6.4,NFU,-3.151194883,48.547169216
04173370,LEFF à TRESSIGNAUX,2020-06-16,11.0,NFU,-2.98820966,48.615270994
06491950,SEILLE DE BEAUME A COSGES ,2020-06-16,1.5,NFU,5.40357757,46.740028345
02055000,LA MOSELLE A BAINVILLE-AUX-MIROIRS,2020-06-16,3.6,NFU,6.281965927,48.438762292
W2755283,GRAND-MAISON,2020-06-16,0.74,NFU,6.12155513,45.205844796
06157750,BES A BARLES 1,2020-06-16,9.7,NFU,6.275183589,44.26626541
03216250,LA VEULES A VEULES-LES-ROSES 1,2020-06-16,8.6,NFU,0.798344001,49.876667867
W2755283,GRAND-MAISON,2020-06-16,1.1,NFU,6.12155513,45.205844796
03228965,L'ANTE A MORTEAUX-COULIBOEUF 1,2020-06-16,6.6,NFU,-0.082148281,48.920926627
03217000,LA DURDENT A PALUEL 1,2020-06-16,5.7,NFU,0.634826313,49.819666259
03218150,LA VALMONT A FECAMP 4,2020-06-16,4.3,NFU,0.382451225,49.760630073
03082719,LE CROULD A BONNEUIL-EN-FRANCE 1,2020-06-16,1.1,NFU,2.426051664,48.975825577
03229700,L'OUDON A OUVILLE-LA-BIEN-TOURNEE 1,2020-06-16,4.6,NFU,0.022883854,49.042340061
BF000003,CLAIRFONT,2020-06-16,2.1,NFU,1.401312906,43.530994507
O0115183,Lac d'Orédon,2020-06-16,0.5,NFU,0.161716253,42.825657658
04182990,STEIR à GUENGAT,2020-06-16,4.2,NFU,-4.146745063,48.027097979
04431020,LE REDAN A CRECHY,2020-06-16,28.0,NFU,3.415637567,46.264940262
K5--310,COMPLEXE DE ROCHEBUT à EVAUX-LES-BAINS,2020-06-16,17.4,NFU,2.513958055,46.230767398
04179645,R DU FAOU à LE FAOU,2020-06-16,8.2,NFU,-4.180841632,48.296166017
04125400,MAYENNE à SAINT-JEAN-SUR-MAYENNE,2020-06-16,11.0,NFU,-0.749805601,48.139632539
02054650,LA MOSELLE A CHARMES (AMONT),2020-06-16,6.5,NFU,6.301421835,48.367033036
02057150,LE MADON A MARONCOURT,2020-06-16,9.3,NFU,6.151370579,48.248201657
06043869,SOLNAN A DOMMARTIN-LES-CUISEAUX ,2020-06-16,16.0,NFU,5.287669992,46.515014761
06189500,LEZ A LATTES 2,2020-06-16,10.0,NFU,3.897772699,43.570521935
06189675,MOSSON A LATTES ,2020-06-16,4.4,NFU,3.860128905,43.545056602
03214000,L'ARQUES A DIEPPE 1,2020-06-16,9.8,NFU,1.09520701,49.915003597
03101140,LE RUISSEAU DE VENISE A VAL-D'ORNAIN 1,2020-06-16,8.7,NFU,5.109506928,48.810278941
03006000,LA SEINE A MERY-SUR-SEINE 1,2020-06-16,12.0,NFU,3.88982603,48.50738038
03029890,RU DE BOURIENNE À CHAUMOT,2020-06-16,3.4,NFU,3.246844835,48.095703352
03228360,LA DIVES A OMMEEL 1,2020-06-16,6.2,NFU,0.143470498,48.805438206
BM001652,POURSOLLET,2020-06-16,0.29,NFU,5.93820681,45.104903787
BD000614,PONT-AR-BLED_,2020-06-16,3.4,NFU,-4.253795332,48.486639121
05045400,Le ruisseau du Grand Rieu à Lamothe Montravel,2020-06-16,13.0,NFU,0.028509374,44.84931598
05047050,La Gardonnette à Gardonne,2020-06-16,4.5,NFU,0.353105977,44.835733377
04153900,GRAND LAY à CHANTONNAY,2020-06-16,7.6,NFU,-1.044145339,46.659462444
04178110,MOULIN KERHUON à GUIPAVAS,2020-06-16,4.9,NFU,-4.387411085,48.414894521
04431022,LE MOURGON LE MORT A BOST,2020-06-16,25.0,NFU,3.498198577,46.191110174
04172060,TRIEUX à PLOUEC-DU-TRIEUX,2020-06-16,7.1,NFU,-3.159928716,48.679556913
04122300,TAUDE à SAINT-BRICE,2020-06-16,22.0,NFU,-0.431291151,47.852674404
J741410S,ETANG DE MARCILLE à MARCILLE-ROBERT,2020-06-16,25.3,NFU,-1.366719196,47.949098249
02016050,LA LAUCH A BUHL (AVAL),2020-06-16,1.3,NFU,7.196836992,47.923436993
02007000,L'ILL A RUELISHEIM,2020-06-16,4.9,NFU,7.359351259,47.819859761
02057100,L'ILLON A ADOMPT,2020-06-16,35.0,NFU,6.168176115,48.200529984
02005700,LA DOLLER A REININGUE,2020-06-16,2.3,NFU,7.232749853,47.745619565
06169050,AGULLA DE LA MAR A ALENYA ,2020-06-16,4.0,NFU,2.991939013,42.637795814
06132900,ISERE A VAL-D'ISERE 1,2020-06-16,2.9,NFU,7.013408309,45.449798388
06133330,DORON DE CHAMPAGNY A CHAMPAGNY-EN-VANOISE 2,2020-06-16,4.4,NFU,6.747256316,45.457370237
06041810,SEILLE A VINCELLES,2020-06-16,4.1,NFU,5.233561472,46.656140193
03228630,LE RADON A FONTAINE-LES-BASSETS 1,2020-06-16,0.74,NFU,0.004895202,48.854815564
03096343,LA MELCHE A LES-HAUTS-DE-CHEE 1,2020-06-16,12.0,NFU,5.118431851,48.868470518
03216190,LE DUN A SAINT-AUBIN-SUR-MER 1,2020-06-16,3.4,NFU,0.88578318,49.888169634
03228630,LE RADON A FONTAINE-LES-BASSETS 1,2020-06-16,0.74,NFU,0.004895202,48.854815564
03021000,L'AUBE A BAUDEMENT 1,2020-06-16,4.8,NFU,3.777467513,48.573210154
03095620,L'ORGE A BIENCOURT-SUR-ORGE 1,2020-06-16,2.0,NFU,5.342053431,48.568181281
03217400,LA VALMONT A COLLEVILLE 1,2020-06-16,1.6,NFU,0.479315969,49.743947476
03096100,LA SAULX A ROBERT-ESPAGNE 1,2020-06-16,1.7,NFU,5.040208459,48.735827448
03095300,LA SAULX A MONTIERS-SUR-SAULX 1,2020-06-16,0.9,NFU,5.2765739,48.545712569
03082781,LE CROULD A GARGES-LES-GONESSE 1,2020-06-16,2.2,NFU,2.414234351,48.965004408
DD000144,PRISE TARN GAILLAC,2020-06-16,42.0,NFU,1.890148098,43.917440224
CH000409,DOMPIERRE/HELPE CARRIERE DOLOMIE,2020-06-16,0.43,NFU,3.85843281,50.145577682
02019000,LA FECHT A WALBACH,2020-06-17,4.6,NFU,7.23979786,48.070502645
02066000,LA MEURTHE A THIAVILLE,2020-06-17,10.3,NFU,6.808034069,48.420061998
01069000,LA CLARENCE À CHOCQUES (62),2020-06-17,16.0,NFU,2.574213124,50.538412214
N350510,RETENUE DU GRAON à SAINT-VINCENT-SUR-GRAON,2020-06-17,1.9,NFU,-1.383915571,46.518321901
04172620,GUIC à GRACES,2020-06-17,3.2,NFU,-3.559628171,48.526463832
04405013,VAISSIERE A SAINT-ANTHEME,2020-06-17,0.8,NFU,3.921659524,45.531488844
04160050,SEVRE NIORTAISE à NIORT,2020-06-17,1.6,NFU,-0.493901529,46.324276486
04178750,HYERE à CALLAC,2020-06-17,8.9,NFU,-3.445338577,48.387828626
04405011,ANCE A SAINT-JULIEN-D'ANCE,2020-06-17,2.1,NFU,3.930159575,45.312250504
04405009,ANCE A SAINT-ANTHEME,2020-06-17,0.3,NFU,3.870789433,45.59130252
04405018,CHANDIEU A TIRANGES,2020-06-17,2.3,NFU,3.942090353,45.3420115
06138410,VALLOIRETTE A VALLOIRE 2,2020-06-17,9.9,NFU,6.419175782,45.135767702
V4105003,DEVESSET,2020-06-17,4.0,NFU,4.391908043,45.048937316
06036970,MEUZIN A CORGENGOUX 2,2020-06-17,9.5,NFU,4.996350927,46.983100907
06014970,OUCHE A FLEUREY-SUR-OUCHE 1,2020-06-17,2.5,NFU,4.859575534,47.314867684
06006720,BEZE A MARANDEUIL ,2020-06-17,3.2,NFU,5.349820599,47.347740344
06017050,SAONE A CHARREY-SUR-SAONE ,2020-06-17,1.7,NFU,5.165636186,47.073698608
03006268,L'OURCE A MENESBLE 1,2020-06-17,2.4,NFU,4.901259284,47.766904952
03219550,LA RISLE A SAINT-SULPICE-SUR-RISLE 1,2020-06-17,12.0,NFU,0.647618306,48.774631428
BD000103,COZ PORS_,2020-06-17,1.8,NFU,-3.944786353,48.500683778
AU000006,STRANCIACONE,2020-06-17,0.18,NFU,8.998652936,42.447013711
AY000390,LA DOUE,2020-06-17,11.0,NFU,0.63258203,45.57314557
BD000090,GOASMOAL_,2020-06-17,2.0,NFU,-4.060724598,48.444597632
05085520,La leyze à savignac sur leyze,2020-06-17,8.4,NFU,0.790648893,44.488570581
06184000,HERAULT A FLORENSAC,2020-06-17,4.5,NFU,3.446648719,43.38405324
K207510,RETENUE DE NAUSSAC à LANGOGNE,2020-06-17,7.1,NFU,3.804032115,44.74431238
04172890,GUIC à BELLE-ISLE-EN-TERRE,2020-06-17,9.5,NFU,-3.398446112,48.546054843
03083450,LA SEINE A COLOMBES 2,2020-06-17,3.8,NFU,2.220389022,48.920402018
03096255,LA SAULX A LE BUISSON 1,2020-06-17,1.7,NFU,4.746559981,48.765998941
03082000,LA SEINE A SURESNES 2,2020-06-17,3.2,NFU,2.229494609,48.866707755
03230855,LE GRANDOUET A LEAUPARTIE 1,2020-06-17,8.8,NFU,0.036789833,49.182598384
03001000,LA SEINE A NOD-SUR-SEINE 1,2020-06-17,2.7,NFU,4.570985849,47.764194461
03102000,L'ORNAIN A ALLIANCELLES 1,2020-06-17,1.3,NFU,4.88751158,48.799632946
05038010,La Crempse à Bourgnac,2020-06-17,14.0,NFU,0.401694068,45.017771298
04405010,ANCE A SAINT-ANTHEME,2020-06-17,0.6,NFU,3.917379521,45.505957832
04160070,SEVREAU à NIORT,2020-06-17,1.6,NFU,-0.52606931,46.310352763
01064000,LE SURGEON À CAMBRIN (62),2020-06-17,10.0,NFU,2.745115158,50.512394987
04156430,RAU DE LA CORNELIERE A MERVENT,2020-06-17,33.0,NFU,-0.716298419,46.526182992
04405012,ANCE A SAINT-JULIEN-D'ANCE,2020-06-17,3.5,NFU,4.003310582,45.26271194
04173130,RAU DE KERLOUZOUEN à PLOUBEZRE,2020-06-17,15.0,NFU,-3.469022064,48.710133542
02061970,LA PETITE MEURTHE A BAN-SUR-MEURTHE-CLEFCY (CLEFCY),2020-06-17,2.2,NFU,6.980070977,48.162776429
02067500,LA BLETTE A MIGNEVILLE,2020-06-17,20.9,NFU,6.782178875,48.532461179
06016000,OUCHE A CRIMOLOIS 1,2020-06-17,13.0,NFU,5.117497571,47.266240408
06580713,GLANDON A STE-MARIE-DE-CUINES ,2020-06-17,320.0,NFU,6.288145498,45.331341575
02065280,LA PLAINE A CELLES-SUR-PLAINE (LA SOYE),2020-06-17,2.8,NFU,6.957757551,48.465563862
06006790,ALBANE A ST-LEGER-TRIEY ,2020-06-17,20.0,NFU,5.353773746,47.326693729
03102000,L'ORNAIN A ALLIANCELLES 1,2020-06-17,1.3,NFU,4.88751158,48.799632946
03084169,LE RU DE BUZOT A FOURQUEUX 1,2020-06-17,19.0,NFU,2.056914833,48.896849503
03232050,LE RUISSEAU DU MOULIN A VAL-DE-VIE 1,2020-06-17,6.7,NFU,0.164204955,48.971987808
03052338,LE PUISEAUX A NOGENT-SUR-VERNISSON 1,2020-06-17,17.0,NFU,2.713215247,47.859359157
03004280,LA SARCE A JULLY-SUR-SARCE 3,2020-06-17,1.8,NFU,4.309863256,48.10773108
04771004,LONGEVES A SERIGNE,2020-06-17,17.0,NFU,-0.857316356,46.489119623
03219780,LA RISLE A AMBENAY 2,2020-06-17,8.2,NFU,0.723226794,48.838889125
AY003004,PETITE DOUE,2020-06-17,8.7,NFU,0.63258203,45.57314557
BD000272,MOULIN NEUF.,2020-06-17,17.0,NFU,-3.740276545,48.253285865
01071000,LA LAWE À DIVION (62),2020-06-17,16.0,NFU,2.528453873,50.464931997
01072000,LA LAWE À ESSARS (62),2020-06-17,4.2,NFU,2.654529705,50.55006281
L0--310,COMPLEXE DE LA ROCHE TALAMIE à CHATELUS-LE-MARCHEIX,2020-06-17,0.5,NFU,1.626953285,46.011579518
04177050,ABER ILDUT à PLOUARZEL,2020-06-17,11.0,NFU,-4.68088697,48.455490319
04051250,LOIRET à SAINT-HILAIRE-SAINT-MESMIN,2020-06-17,0.4,NFU,1.840413986,47.872736772
02018780,LA PETITE FECHT A STOSSWIHR (B),2020-06-17,0.3,NFU,7.061532567,48.054063574
02064770,LE RABODEAU A MOYENMOUTIER (AMONT),2020-06-17,4.2,NFU,6.945653612,48.384573638
04172580,LEGUER à BELLE-ISLE-EN-TERRE,2020-06-17,4.8,NFU,-3.387490837,48.541023937
02067400,LE VACON A BARBAS,2020-06-17,18.8,NFU,6.856521697,48.574715162
06138150,ARC (73) A FRENEY 1,2020-06-17,7.0,NFU,6.629504954,45.19576521
03085000,LA SEINE A CONFLANS-SAINTE-HONORINE 1,2020-06-17,2.5,NFU,2.082900235,48.988638724
03232790,LA VIETTE A LE MESNIL-MAUGER 1,2020-06-17,8.6,NFU,0.020097628,49.088904957
06474920,SABLONNE A ANNOIRE ,2020-06-17,10.0,NFU,5.262763837,46.96102376
06005500,SAONE A APREMONT 1,2020-06-17,2.4,NFU,5.544088677,47.395715666
06188740,LIBRON A VIAS ,2020-06-17,0.32,NFU,3.401084022,43.311408135
03082560,LA SEINE A CLICHY 1,2020-06-17,2.1,NFU,2.31046707,48.912880127
06037300,DHEUNE A ST-MARTIN-EN-GATINOIS ,2020-06-17,14.0,NFU,5.018529049,46.943374836
03052245,LE LOING A CONFLANS-SUR-LOING 1,2020-06-17,3.1,NFU,2.786157664,47.947675576
03222418,LE TREMONT A SAINT-EVROULT-NOTRE-DAME-DU-BOIS 1,2020-06-17,6.7,NFU,0.412172565,48.776618563
03219270,LE GUE MAINGOT A ECHAUFFOUR 1,2020-06-17,24.0,NFU,0.430107979,48.724076149
03232080,LA MONNE A LES AUTELS-SAINT-BAZILE 1,2020-06-17,13.0,NFU,0.119139998,48.946930624
DN000071,PRISE D'EAU DE CORBEIL,2020-06-17,4.1,NFU,2.469276562,48.600833376
AY001014,MOULIN (ISLE),2020-06-17,4.0,NFU,0.716970558,45.196291876
05038020,La Beauronne à beauronne,2020-06-17,6.5,NFU,0.380990682,45.068546106
05038050,Le Vern à Neuvic,2020-06-17,6.2,NFU,0.465725553,45.087532353
01073500,LA LOISNE AMONT À BEUVRY(62),2020-06-17,1.8,NFU,2.678993212,50.51716326
05084550,La Bausse au niveau de Granges-sur-Lot,2020-06-17,12.0,NFU,0.481282592,44.366745753
04405014,ANCETTE A SAINT-ANTHEME,2020-06-17,0.4,NFU,3.892550202,45.550220751
04160190,SEVRE NIORTAISE à ARCAIS,2020-06-17,4.1,NFU,-0.71879032,46.307803537
02018000,LA LAUCH A HERRLISHEIM-PRES-COLMAR,2020-06-17,6.8,NFU,7.330821994,48.015925784
02019500,LE MUHLBACH DE TURCKHEIM A WINTZENHEIM,2020-06-17,5.7,NFU,7.310236439,48.085941282
02067450,LA BLETTE A BADONVILLER,2020-06-17,23.1,NFU,6.862865314,48.508015011
02067600,LA VERDURETTE A RECLONVILLE,2020-06-17,9.8,NFU,6.729071876,48.53980457
02013000,L'ILL A OBERHERGHEIM,2020-06-17,5.0,NFU,7.398568568,47.967641937
06137200,ISERE A GRESY-SUR-ISERE 1,2020-06-17,68.0,NFU,6.27015363,45.584034109
06189678,RUISSEAU DU COULAZOU A FABREGUES ,2020-06-17,4.2,NFU,3.799809903,43.555442357
06188900,PALLAS A LOUPIAN 2,2020-06-17,30.0,NFU,3.607635283,43.434775327
06011000,SAONE A AUXONNE 1,2020-06-17,1.5,NFU,5.382571964,47.19451928
03097552,LE RUISSEAU DE L'ÉTANG BRIQUET A CHEMINON 1,2020-06-17,19.0,NFU,4.906049841,48.745719564
03096000,LA SAULX A SERMAIZE-LES-BAINS 2,2020-06-17,3.8,NFU,4.905841673,48.787718762
04771001,RAU PETIT FOUGERAIS A THOUARSAIS-BOUILDROUX,2020-06-17,30.0,NFU,-0.821402611,46.583208148
03002100,LA SEINE A CHARREY-SUR-SEINE 1,2020-06-17,2.0,NFU,4.507566066,47.9428806
03006590,L'OURCE A AUTRICOURT 1,2020-06-17,1.8,NFU,4.614805484,47.998739168
03223200,LA CHARENTONNE A FERRIERES-SAINT-HILAIRE 1,2020-06-17,8.9,NFU,0.553416839,49.016032414
BX000795,MONPLAISIR (LA LOIRE),2020-06-17,7.5,NFU,-0.508279999,47.430158894
AU000940,BRAVONE,2020-06-17,0.13,NFU,9.32327863,42.298406874
DD000400,BARRAGE CERET ROUCARIE NORD,2020-06-17,2.3,NFU,2.116735983,44.110850045
05032900,La Pude à Nanteuil Auriac de Bourzac,2020-06-17,7.7,NFU,0.29719912,45.382147497
O0945503,Lac d'Esparron,2020-06-17,30.1,NFU,0.816304814,43.26477309
01062000,LE CANAL D'AIRE À LA BASSÉE À VIOLAINES (62),2020-06-17,24.0,NFU,2.77145363,50.521464237
04178250,LEGUER à PONT-MELVEZ,2020-06-17,5.3,NFU,-3.323648823,48.469635113
L022560,ETANG DE LA CHAPELLE à LA CHAPELLE-SAINT-MARTIAL,2020-06-17,3.0,NFU,1.929836935,46.03146167
04176000,ABER BENOUIC à LANNILIS,2020-06-17,3.5,NFU,-4.503581588,48.544419847
N340510,RETENUE DE MOULIN PAPON à LA ROCHE-SUR-YON,2020-06-17,3.7,NFU,-1.411162978,46.692789151
04082600,DIVE DE COUHE à ROM,2020-06-17,4.8,NFU,0.137487157,46.297659673
02063000,LA MEURTHE A GRATIN,2020-06-17,4.9,NFU,6.9737929,48.282584969
02065500,LA PLAINE A RAON-L'ETAPE,2020-06-17,2.1,NFU,6.845228162,48.40891731
04405016,SAILLANTET A SAILLANT,2020-06-17,2.1,NFU,3.921840234,45.430601441
02064000,LA MEURTHE A LA VOIVRE,2020-06-17,8.4,NFU,6.904865343,48.326301909
02065090,LA PLAINE A RAON-SUR-PLAINE,2020-06-17,6.9,NFU,7.10176496,48.512306652
02067000,LA MEURTHE A AZERAILLES,2020-06-17,7.8,NFU,6.700310641,48.481464066
06188920,VENE A POUSSAN 1,2020-06-17,1.3,NFU,3.694341572,43.475820807
03097690,LE FOSSE DES CORNETS RONGES A  BLESME 1,2020-06-17,16.0,NFU,4.788868212,48.735590254
03082560,LA SEINE A CLICHY 1,2020-06-17,2.1,NFU,2.31046707,48.912880127
DD000321,PRISE D'EAU 1 THURIES (PAMPELONNE),2020-06-17,6.1,NFU,2.242098711,44.112940821
04173000,LEGUER à LE VIEUX-MARCHE,2020-06-17,11.0,NFU,-3.414503892,48.635839666
04405015,LIGONNE A VIVEROLS,2020-06-17,1.1,NFU,3.889569441,45.423720991
02020000,LA WEISS A SIGOLSHEIM,2020-06-17,15.8,NFU,7.314865709,48.129794991
06137560,DORON DE TERMIGNON A TERMIGNON ,2020-06-17,4.3,NFU,6.812587182,45.28408097
06014940,OUCHE A LA-BUSSIERE-SUR-OUCHE ,2020-06-17,7.0,NFU,4.725647133,47.209888063
06017070,SAONE A SEURRE ,2020-06-17,5.8,NFU,5.143535238,46.9969241
06131935,CANAL DU RHONE A SETE A MAUGUIO ,2020-06-17,4.5,NFU,3.970086186,43.547296908
06140010,BREDA A ALLEVARD 1,2020-06-17,6.2,NFU,6.079787852,45.389977772
03097700,LA BRUXENELLE A DOMPREMY 1,2020-06-17,26.0,NFU,4.739809816,48.727634929
03097571,LA BRUXENELLE A CHEMINON 2,2020-06-17,6.8,NFU,4.906295599,48.742017985
03002900,LA LAIGNES A BALNOT-SUR-LAIGNES 1,2020-06-17,3.1,NFU,4.374971105,48.032352115
03052268,LE LOING A AMILLY 2,2020-06-17,2.7,NFU,2.743450926,47.978646914
03056087,L'OUANNE A SAINT-MARTIN-SUR-OUANNE 1,2020-06-17,12.0,NFU,3.105765498,47.838377112
03053310,LA CLÉRY A SAINT-LOUP-DE-GONOIS 1,2020-06-17,5.1,NFU,2.914761935,48.058510049
03004349,LA SEINE A CLEREY 1,2020-06-17,1.5,NFU,4.186679313,48.20402193
03096690,LA CHEE A BETTANCOURT-LA-LONGUE 1,2020-06-17,10.0,NFU,4.884968649,48.817818331
03222480,LA CHARENTONNE A ANCEINS 2,2020-06-17,6.4,NFU,0.495838984,48.863134308
BD000177,BIZERNIC.,2020-06-17,4.7,NFU,-3.816812199,48.1899209
05033680,Le Boulou au niveau de Creyssac,2020-06-17,8.5,NFU,0.560711236,45.320630003
05080940,Le Caubon à Castelnau sur Gupie,2020-06-17,33.0,NFU,0.144871917,44.557514355
O0945503,Lac d'Esparron,2020-06-17,3.51,NFU,0.816304814,43.26477309
04405017,LEMBRON A SAINT-GEORGES-LAGRICOL,2020-06-17,2.4,NFU,3.895690299,45.29904226
04176480,GARO à PLOUGUIN,2020-06-17,11.0,NFU,-4.595032731,48.552965382
04175500,ABER BENOIT à PLOUVIEN,2020-06-17,9.1,NFU,-4.450088062,48.544518627
04172700,GUIC à LOGUIVY-PLOUGRAS,2020-06-17,8.2,NFU,-3.510959527,48.548598031
02017850,LE LOHBACH A REGUISHEIM,2020-06-17,1.5,NFU,7.317013895,47.901475304
06017050,SAONE A CHARREY-SUR-SAONE ,2020-06-17,9.3,NFU,5.165636186,47.073698608
06012245,BAS MONT A QUETIGNY ,2020-06-17,200.0,NFU,5.138480803,47.325419196
06031200,DOUBS A GEVRY 1,2020-06-17,1.2,NFU,5.453509011,47.035516918
V4105003,DEVESSET,2020-06-17,3.2,NFU,4.391908043,45.048937316
03231740,LA VIE A GUERQUESALLES 1,2020-06-17,14.0,NFU,0.212126844,48.904119713
03082000,LA SEINE A SURESNES 2,2020-06-17,3.2,NFU,2.229494609,48.866707755
03008505,LA BARSE A MONTREUIL-SUR-BARSE 1,2020-06-17,36.0,NFU,4.29717781,48.227130457
03097611,LA BRUXENELLE A MAURUPT-LE-MONTOIS 1,2020-06-17,8.9,NFU,4.847861028,48.744025458
03057000,L'OUANNE A GY-LES-NONAINS 2,2020-06-17,4.6,NFU,2.846448386,47.948210779
03006271,LA GROÈME A TERREFONDREE 1,2020-06-17,3.7,NFU,4.864757501,47.728986262
03053219,LE RU DE BOUGIS A COURTENAY 1,2020-06-17,1.9,NFU,3.092488052,48.044479022
03232450,LA VIE A COUPESARTE 1,2020-06-17,13.0,NFU,0.114931442,49.057335033
03223500,LA CHARENTONNE A MENNEVAL 3,2020-06-17,7.1,NFU,0.641809627,49.093700417
03084470,LA SEINE A MAISONS-LAFFITTE 1,2020-06-17,4.8,NFU,2.157759113,48.944448349
03222780,LA GUIEL A VERNEUSSES 1,2020-06-17,4.3,NFU,0.456930259,48.901086702
AM000055,LA CIOTAT,2020-06-17,6.0,NFU,5.618405068,43.192576834
05079955,La Dourdenne au niveau de Ségalas,2020-06-18,14.0,NFU,0.500041843,44.605578551
02071050,LE SANON A DOMBASLE,2020-06-18,6.7,NFU,6.350966013,48.629360677
04172370,JAUDY à MANTALLOT,2020-06-18,70.0,NFU,-3.270216319,48.713889805
K207510,RETENUE DE NAUSSAC à LANGOGNE,2020-06-18,2.5,NFU,3.804032115,44.74431238
06810010,SAONE A ST-SYMPHORIEN-D'ANCELLES ,2020-06-18,2.4,NFU,4.78020088,46.187873089
06016840,VARAUDE A IZEURE 1,2020-06-18,11.0,NFU,5.118721888,47.179175842
06035500,DOUBS A SAUNIERES ,2020-06-18,3.0,NFU,5.085005967,46.90345354
06013800,TILLE A CHAMPDOTRE 1,2020-06-18,2.1,NFU,5.300168694,47.178370127
03203660,L'AUSTREBERTHE A VILLERS-ECALLES 1,2020-06-18,4.5,NFU,0.938733848,49.532257043
03092356,LE FION A AULNAY-L'AITRE 1,2020-06-18,0.46,NFU,4.558436827,48.821018373
03221795,LE CLÉROT A APPEVILLE-ANNEBAULT 1,2020-06-18,5.0,NFU,0.653986521,49.30409478
06037400,SAONE A GERGY ,2020-06-18,2.9,NFU,4.955457586,46.878985499
06182050,HERAULT A BRISSAC 1,2020-06-18,2.9,NFU,3.700718669,43.84406402
03057720,LE FUSAIN A COURTEMPIERRE 1,2020-06-18,4.2,NFU,2.636849706,48.110560553
05080744,Le Brayssou au niveau de Tourliac,2020-06-18,7.6,NFU,0.796003862,44.669967659
01104300,LE GRAND DRACK À GRAVELINES (59),2020-06-18,13.0,NFU,2.115790669,50.982346179
01103000,LE CANAL DE L'AA À RUMINGHEM (62),2020-06-18,27.0,NFU,2.201839177,50.846063713
04027000,ALLIER à NAUSSAC,2020-06-18,0.9,NFU,3.831161967,44.75660134
04051780,ARDOUX à LAILLY-EN-VAL,2020-06-18,9.0,NFU,1.655696652,47.747463088
04172578,RAU DE LIZILDRY à PLOUGRESCANT,2020-06-18,8.5,NFU,-3.219731548,48.832664187
02072400,LA MEURTHE A ART-SUR-MEURTHE,2020-06-18,16.0,NFU,6.257517141,48.658898776
02068800,LA MORTAGNE A SAINT-MAURICE-SUR-MORTAGNE,2020-06-18,34.3,NFU,6.584580376,48.397292028
02018500,L'ILL A COLMAR (MAISON ROUGE),2020-06-18,5.6,NFU,7.422844863,48.150854822
03137830,L'YSIEUX A ASNIERES-SUR-OISE 1,2020-06-18,5.7,NFU,2.385807468,49.145786424
02021000,LA FECHT A GUEMAR,2020-06-18,25.9,NFU,7.40087686,48.187013463
02070000,LA MORTAGNE A MOYEN,2020-06-18,191.0,NFU,6.567708337,48.48142657
06110110,BRIZOTTE A AUXONNE ,2020-06-18,92.0,NFU,5.38624672,47.188291908
06181910,HERAULT A VALLERAUGUE 2,2020-06-18,0.81,NFU,3.604576261,44.087323861
03231094,LE CANAL OURSIN A JANVILLE 1,2020-06-18,4.5,NFU,-0.164838151,49.152337845
03221860,COURS D'EAU D'APPEVILLE ANNEBAULT A APPEVILLE 1,2020-06-18,1.5,NFU,0.648281685,49.310912812
03054000,LE LOING A SOUPPES-SUR-LOING 1,2020-06-18,2.9,NFU,2.728316799,48.18302711
03231429,LE GRAND CANAL A SAINT-SAMSON 1,2020-06-18,12.0,NFU,-0.134203816,49.186952789
03138485,L'ESCHES A PERSAN 1,2020-06-18,3.4,NFU,2.271391374,49.145040295
03059000,LE LUNAIN A NONVILLE 1,2020-06-18,3.2,NFU,2.782063274,48.295411858
05034800,La Côle à St jory de Chalais,2020-06-18,4.8,NFU,0.894250995,45.498100505
05044250,Le Lavaud au niveau de Sarrazac,2020-06-18,27.0,NFU,1.033939924,45.422539591
05079960,La Dourdenne au niveau de Sérignac-Péboudou,2020-06-18,25.0,NFU,0.529289039,44.601913061
04404019,BELLECOMBE A SAINT-JEURES,2020-06-18,2.7,NFU,4.177527935,45.10543964
06300010,TINEE A ISOLA 1,2020-06-18,17.0,NFU,7.03150888,44.18967929
01112100,LE CANAL DE CALAIS À RUMINGHEM (62),2020-06-18,15.0,NFU,2.159668798,50.87009301
04420007,LE DONOZAU A LANGOGNE,2020-06-18,1.9,NFU,3.828634312,44.753476771
01101300,LE BLÉQUIN À AFFRINGUES (62),2020-06-18,9.8,NFU,2.076352396,50.690078632
L03-410,COMPLEXE DE SAINT MARC à SAINT-LAURENT-LES-EGLISES,2020-06-18,0.7,NFU,1.459915638,45.92905744
04003400,DUNIERES à SAINTE-SIGOLENE,2020-06-18,1.7,NFU,4.207890167,45.219606583
K207510,RETENUE DE NAUSSAC à LANGOGNE,2020-06-18,2.2,NFU,3.804032115,44.74431238
L511530,RETENUE DE SAINT PARDOUX à SAINT-PARDOUX,2020-06-18,1.5,NFU,1.268471594,46.050123561
02022650,LE RIEDBRUNNEN A COLMAR (LINDEN MATTEN),2020-06-18,0.3,NFU,7.448526671,48.16154155
03097150,LA VIERE A VAL-DE-VIERE 1,2020-06-18,16.0,NFU,4.758091374,48.801292064
06059500,SAONE A LYON 1,2020-06-18,3.0,NFU,4.831905651,45.796538771
06149900,CLAREE A VAL-DES-PRES 1,2020-06-18,5.2,NFU,6.68278536,44.940130671
03231094,LE CANAL OURSIN A JANVILLE 1,2020-06-18,4.5,NFU,-0.164838151,49.152337845
03137830,L'YSIEUX A ASNIERES-SUR-OISE 1,2020-06-18,5.7,NFU,2.385807468,49.145786424
03204000,L'AUSTREBERTHE A DUCLAIR 1,2020-06-18,8.7,NFU,0.873747359,49.484788747
03103370,LA COOLE A COOLUS 1,2020-06-18,2.9,NFU,4.355064194,48.927480156
03103198,LA GUENELLE A MAIRY-SUR-MARNE 1,2020-06-18,2.8,NFU,4.426417171,48.866992471
03138000,L'OISE A BEAUMONT-SUR-OISE 1,2020-06-18,9.3,NFU,2.285255527,49.145447105
03231260,LA DIVETTE A VARAVILLE 1,2020-06-18,42.0,NFU,-0.154644818,49.254285228
03231490,L'ANCRE A CRICQUEVILLE-EN-AUGE 1,2020-06-18,8.4,NFU,-0.072055433,49.237177609
AF000778,PRISE D'EAU DE LA SIAGNE,2020-06-18,0.85,NFU,6.917230242,43.538398892
05086905,Le Dor au niveau de Saint-Vite,2020-06-18,3.0,NFU,0.941088766,44.473921739
04051900,TRONNE à SUEVRES,2020-06-18,1.5,NFU,1.443063699,47.658163038
01105000,LE CANAL DE NEUFFOSSÉ À ARQUES (62),2020-06-18,33.0,NFU,2.308296885,50.728093984
01104000,LE CANAL DE L'AA À SAINT FOLQUIN (62),2020-06-18,42.0,NFU,2.145617958,50.944487076
01101100,L'AA RIVIÈRE À VERCHOCQ (62),2020-06-18,7.3,NFU,2.047330147,50.56954227
02067800,LA VEZOUZE A THIEBAUMENIL,2020-06-18,61.2,NFU,6.628375786,48.579500223
06147250,ISERE A ST-SAUVEUR ,2020-06-18,210.0,NFU,5.32994876,45.124780667
03230000,LA DIVES A BIEVILLE-QUETIEVILLE 1,2020-06-18,14.0,NFU,-0.060399182,49.121700608
03096650,LA CHEE A MERLAUT 1,2020-06-18,5.8,NFU,4.680473664,48.767567836
06161500,VERDON A VINON-SUR-VERDON 2,2020-06-18,1.5,NFU,5.824493498,43.7293798
06011000,SAONE A AUXONNE 1,2020-06-18,2.5,NFU,5.382571964,47.19451928
06151000,DURANCE A EMBRUN 1,2020-06-18,11.0,NFU,6.502065598,44.556534373
06053800,SAONE A ST-BERNARD ,2020-06-18,4.1,NFU,4.728940626,45.944113681
03138550,LE RU DE PRESLES A MOURS 2,2020-06-18,2.1,NFU,2.267945857,49.134760444
03032000,L'YONNE A MONTEREAU-FAULT-YONNE 1,2020-06-18,1.8,NFU,2.959478246,48.387420034
03230760,LE LAIZON A CROISSANVILLE 1,2020-06-18,11.0,NFU,-0.10040008,49.121457609
03221500,LA RISLE A FONTAINE-LA-SORET 2,2020-06-18,7.2,NFU,0.729344844,49.153236289
03222275,LA RISLE A PONT-AUDEMER 2,2020-06-18,8.6,NFU,0.47947984,49.369972976
AM000066,CASSIS,2020-06-18,3.2,NFU,5.550879682,43.22216567
01060000,LA LAQUETTE À WITTERNESSE (62),2020-06-18,7.7,NFU,2.363330294,50.610972202
04404000,RAU AUZE A ARAULES,2020-06-18,2.5,NFU,4.177095174,45.0800502
M720520,COMPLEXE DE MOULIN  RIBOU à LA TESSOUALLE,2020-06-18,3.1,NFU,-0.846023145,47.026477322
04172500,GUINDY à TONQUEDEC,2020-06-18,27.0,NFU,-3.389657987,48.689669174
04026960,RAU DE DONOZAU à LANGOGNE,2020-06-18,1.4,NFU,3.809755713,44.716351015
N311500T,RETENUE DE LA SILLONNIERE à SAINT-HILAIRE-LE-VOUHIS,2020-06-18,1.5,NFU,-1.134955843,46.660714309
06147525,BOURNE A VILLARD-DE-LANS - POMPILLON ,2020-06-18,1.6,NFU,5.554920123,45.093511093
06147840,BOURNE A CHORANCHE 1,2020-06-18,0.45,NFU,5.392573755,45.065226106
06159800,DURANCE A VINON-SUR-VERDON ,2020-06-18,52.0,NFU,5.790523287,43.765588291
03231429,LE GRAND CANAL A SAINT-SAMSON 1,2020-06-18,12.0,NFU,-0.134203816,49.186952789
03097790,LA BRUXENELLE A VITRY-EN-PERTHOIS 1,2020-06-18,11.0,NFU,4.631205408,48.744762532
06147220,DREVENNE A ROVON ,2020-06-18,1.7,NFU,5.474575668,45.194570802
06150795,CHAGNE A GUILLESTRE 2,2020-06-18,35.0,NFU,6.631600261,44.657879143
03096650,LA CHEE A MERLAUT 1,2020-06-18,5.8,NFU,4.680473664,48.767567836
06262450,AUSSON A FRANXAULT ,2020-06-18,2.8,NFU,5.286063484,47.055265255
06039500,SAONE A OUROUX-SUR-SAONE ,2020-06-18,7.3,NFU,4.932135859,46.710964428
03098000,LA SAULX A VITRY-EN-PERTHOIS 1,2020-06-18,2.4,NFU,4.625819928,48.745672626
03055000,LE LOING A MORET-SUR-LOING 1,2020-06-18,7.8,NFU,2.825622633,48.366633088
03097150,LA VIERE A VAL-DE-VIERE 1,2020-06-18,16.0,NFU,4.758091374,48.801292064
03203750,L'AUSTREBERTHE A SAINT-PIERRE-DE-VARENGEVILLE 2,2020-06-18,8.5,NFU,0.918031624,49.515478187
AD003940,TORRENT DU BERARD,2020-06-18,0.67,NFU,6.703457079,44.454098081
05084130,Le Salabert au niveau de Lafitte-sur-Lot,2020-06-18,4.1,NFU,0.434894102,44.34423911
01102000,LE CANAL DE L'AA À SAINT MOMELIN (59),2020-06-18,5.6,NFU,2.250572848,50.789775214
05086850,La Maunesse au niveau de Saint-Georges,2020-06-18,2.6,NFU,0.905820818,44.431563707
04026970,RAU DU MAS D'ARMAND OU DE LA GAZELLE à LANGOGNE,2020-06-18,2.4,NFU,3.836054376,44.722369405
06195330,CRENZE A ST-LAURENT-LE-MINIER ,2020-06-18,0.58,NFU,3.662262718,43.925903746
06188785,LEZ A PRADES-LE-LEZ 3,2020-06-18,2.6,NFU,3.855045603,43.697167924
02023000,LE GIESSEN A THANVILLE,2020-06-18,4.1,NFU,7.348715582,48.319007042
02068900,LA BELVITTE A SAINT-PIERREMONT,2020-06-18,21.4,NFU,6.577091726,48.435684645
02024000,LA LIEPVRETTE A HURST,2020-06-18,1.4,NFU,7.344515549,48.278287861
02068500,LA MEURTHE A REHAINVILLER,2020-06-18,12.5,NFU,6.472033954,48.56891438
06147200,ISERE A ST-GERVAIS ,2020-06-18,190.0,NFU,5.466749245,45.208040688
06016500,OUCHE A ECHENON ,2020-06-18,1.6,NFU,5.280295315,47.113987116
06146660,BRUYANT A ENGINS ,2020-06-18,0.32,NFU,5.606388057,45.154273701
03104000,LA MARNE A MATOUGUES 1,2020-06-18,2.2,NFU,4.241690712,48.996564165
03097790,LA BRUXENELLE A VITRY-EN-PERTHOIS 1,2020-06-18,11.0,NFU,4.631205408,48.744762532
03096898,LE RUISSEAU DES GURES A POSSESSE 1,2020-06-18,5.6,NFU,4.796374898,48.876442284
03104450,LA SOMME-SOUDE A CHAINTRIX-BIERGES 1,2020-06-18,2.3,NFU,4.098058066,48.910945594
AY000225,LA DRONNE,2020-06-18,6.1,NFU,0.054737457,45.135703955
BD000058,KERLEGUER_,2020-06-18,1.9,NFU,-4.498176773,48.390499154
05033800,La Côle au niveau de Condat sur Trincou,2020-06-18,3.1,NFU,0.689777694,45.367239636
05044200,La Valouse au niveau de St Paul la Roche,2020-06-18,10.0,NFU,0.964157291,45.480383915
02022000,L'ILL A ILLHAEUSERN,2020-06-18,13.7,NFU,7.432361042,48.18478922
04404016,AUZE A ST-JEURES,2020-06-18,2.2,NFU,4.178550627,45.10545585
04404021,TRIFOULOU A TENCE,2020-06-18,2.1,NFU,4.293733988,45.138200566
04026980,RAU DE REAL à CHASTANIER,2020-06-18,1.0,NFU,3.76365768,44.744793214
02070500,LE SANON A LAGARDE,2020-06-18,21.4,NFU,6.717505246,48.688525422
06181210,GLEPE A AVEZE ,2020-06-18,0.86,NFU,3.598156494,43.970769037
06017070,SAONE A SEURRE ,2020-06-18,5.4,NFU,5.143535238,46.9969241
06045800,SAONE A FLEURVILLE ,2020-06-18,4.7,NFU,4.8966126,46.447797176
06017000,VOUGE A AUBIGNY-EN-PLAINE ,2020-06-18,1.9,NFU,5.179873916,47.13403568
06150500,DURANCE A ST-MARTIN-DE-QUEYRIERES ,2020-06-18,4.5,NFU,6.595721002,44.861677811
06181945,VIS A BLANDAS ,2020-06-18,3.3,NFU,3.490172551,43.897967612
06011065,BIEF DE CIEL A TILLENAY ,2020-06-18,17.0,NFU,5.356430393,47.182642765
03222000,LA RISLE A MANNEVILLE-SUR-RISLE 1,2020-06-18,8.8,NFU,0.565379045,49.347885831
03137685,LA THEVE A ASNIERES-SUR-OISE 2,2020-06-18,9.9,NFU,2.383927848,49.155172391
03231065,LA MUANCE A MOULT 1,2020-06-18,3.1,NFU,-0.152864178,49.11120147
03231000,LA DIVES A SAINT-SAMSON 1,2020-06-18,8.9,NFU,-0.164218832,49.18427075
05086055,La Masse de Pujol au niveau de Bias,2020-06-18,4.7,NFU,0.665751311,44.41809302
05112160,Le ruisseau de l'Aurandane au niveau de Pont-du-Casse,2020-06-18,5.6,NFU,0.681872059,44.233193955
05080741,Le Bras du Dropt au niveau de Saint-Martin-de-Villeréal,2020-06-18,8.3,NFU,0.806381103,44.650450309
05083610,Le ruisseau de Tareyre au niveau de Calonges,2020-06-18,240.0,NFU,0.252637242,44.382440925
01101000,L'AA RIVIÈRE À WIZERNES (62),2020-06-18,8.0,NFU,2.227197639,50.707515811
01053000,LA LYS RIVIÈRE À DELETTES (62),2020-06-18,13.1,NFU,2.21204085,50.618586005
01109500,LE CANAL DE BOURBOURG À BOURBOURG (59),2020-06-18,7.1,NFU,2.200767736,50.948268838
01114500,LA RIVIÈRE D'OYE À GUEMPS (62),2020-06-18,2.2,NFU,1.990500104,50.948554693
L03-410,COMPLEXE DE SAINT MARC à SAINT-LAURENT-LES-EGLISES,2020-06-18,3.6,NFU,1.459915638,45.92905744
04172200,JAUDY à PEDERNEC,2020-06-18,11.0,NFU,-3.25664325,48.587750419
04172180,BIZIEN A POULDOURAN,2020-06-18,19.0,NFU,-3.198909973,48.763810667
02069100,LA VEZOUZE A LUNEVILLE (B),2020-06-18,5.4,NFU,6.474504153,48.585697852
02072150,LA ROANNE A LENONCOURT,2020-06-18,29.3,NFU,6.306258975,48.652847503
06161400,COLOSTRE A ST-MARTIN-DE-BROMES 1,2020-06-18,7.8,NFU,5.953797693,43.771790986
02070750,LE SANON A HENAMENIL,2020-06-18,9.4,NFU,6.559461298,48.673289973
06150790,GUIL A EYGLIERS ,2020-06-18,1.9,NFU,6.697760136,44.681831668
06147655,CUMANE A ST-MARCELLIN 3,2020-06-18,2.3,NFU,5.326594942,45.131939956
03137570,LA THEVE A MORTEFONTAINE 1,2020-06-18,72.0,NFU,2.629544039,49.122327996
03014000,LA SEINE A MONTEREAU-FAULT-YONNE 1,2020-06-18,4.4,NFU,2.959679779,48.388823587
03183950,LE MOULINEAUX A MOULINEAUX 1,2020-06-18,1.2,NFU,0.95891466,49.342716975
02025500,L'ILL A HUTTENHEIM,2020-06-19,17.5,NFU,7.580241699,48.355282227
01054000,LA LYS CANALISÉE  À MERVILLE (59),2020-06-19,5.2,NFU,2.635234599,50.63852796
06033000,LOUE A PARCEY ,2020-06-19,12.0,NFU,5.493990867,47.014859408
J736520,RETENUE DE LA CHEZE à SAINT-THURIAL,2020-06-19,5.2,NFU,-1.953436822,48.023919717
03036339,LE RUBILLON A CHAILLY-SUR-ARMANCON 1,2020-06-19,42.0,NFU,4.505561289,47.275158182
03205000,LA RANÇON A SAINT-WANDRILLE-RANCON 2,2020-06-19,4.5,NFU,0.75106503,49.523824609
03138390,L'ESCHES A BORNEL 1,2020-06-19,3.9,NFU,2.203182776,49.200082325
AF000313,CANAL DU SEUIL,2020-06-19,2.9,NFU,7.321407105,43.96226019
01063900,LE CANAL D'AIRE À LA BASSÉE À AIRE SUR LA LYS (62),2020-06-19,14.0,NFU,2.41332881,50.642206088
06310200,ORAIN A CHAUSSIN 4,2020-06-19,18.0,NFU,5.407670162,46.978166954
03036361,LA BRIONNE A SOUSSEY-SUR-BRIONNE 1,2020-06-19,5.4,NFU,4.519999434,47.318646974
02073700,L'AMEZULE A DOMMARTIN-SOUS-AMANCE,2020-06-19,10.7,NFU,6.253660643,48.736674285
06300400,SALAISON A MAUGUIO 2,2020-06-19,3.4,NFU,4.003845405,43.608159904
03036339,LE RUBILLON A CHAILLY-SUR-ARMANCON 1,2020-06-19,42.0,NFU,4.505561289,47.275158182
06446600,RU DE GRANDFONTAINE A GRANDFONTAINE 2,2020-06-19,9.4,NFU,5.899458207,47.184216029
03184850,RU DE LA MAILLERAYE-SUR-SEINE A LA MAILLERAYE-SUR-SEINE 1,2020-06-19,18.0,NFU,0.771642737,49.476390437
03206000,LA RIVIÈRE SAINTE-GERTRUDE A CAUDEBEC-EN-CAUX 1,2020-06-19,2.1,NFU,0.726007342,49.52578485
03166945,LE RU DE FROUVILLE A FROUVILLE 2,2020-06-19,27.0,NFU,2.155154474,49.14259914
03226640,LA COURTONNE A COURTONNE-LA-MEURDRAC 2,2020-06-19,4.2,NFU,0.336399467,49.124361735
03145290,L'AISNE A LISLE-EN-BARROIS 1,2020-06-19,11.0,NFU,5.065919321,48.915019015
03036329,LE RUISSEAU DE LA MOTTE A BELLENOD SOUS POUILLY 1,2020-06-19,31.0,NFU,4.518253154,47.276568497
AM000426,LA CAMBRETTE,2020-06-19,1.3,NFU,5.483943664,43.447205623
01061000,LA MELDE DU PAS-DE-CALAIS À AIRE SUR LA LYS (62),2020-06-19,11.0,NFU,2.407710985,50.650604901
01055500,LA LAWE À LESTREM (62),2020-06-19,11.0,NFU,2.685486342,50.623690238
02022700,L'ILL A BALDENHEIM (RATHSAMHAUSEN LE HAUT),2020-06-19,16.6,NFU,7.499385432,48.261930166
02022800,LA BLIND A BALDENHEIM,2020-06-19,8.2,NFU,7.512984758,48.255877873
02059500,LA MOSELLE A PIERRE-LA-TREICHE,2020-06-19,1.2,NFU,5.934112018,48.645060878
06190900,VIREDONNE A LANSARGUES 2,2020-06-19,13.0,NFU,4.075350616,43.636631287
06146500,DRAC A FONTAINE 1,2020-06-19,7.7,NFU,5.701596744,45.192046394
03226540,L'ORBIQUET A SAINT-PIERRE-DE-MAILLOC 1,2020-06-19,5.1,NFU,0.323829819,49.069440497
03207020,LA RIVIERE DU COMMERCE A LILLEBONNE 3,2020-06-19,9.5,NFU,0.535889212,49.506210238
03145985,L'AISNE A CHAUDEFONTAINE 1,2020-06-19,17.0,NFU,4.868924485,49.101741344
DD000006,GAOUGNE (PRISE TARN),2020-06-19,11.0,NFU,2.145999805,43.934068234
01055000,LA LYS CANALISÉE À ESTAIRES (59),2020-06-19,12.0,NFU,2.735324899,50.643103637
01054100,LA LYS CANALISÉE À MERVILLE (59),2020-06-19,12.0,NFU,2.650056377,50.637920609
01074000,LA BOURRE CANALISÉE À MERVILLE (59),2020-06-19,11.0,NFU,2.614031831,50.659151759
02026200,LA ZEMBS A HILSENHEIM,2020-06-19,3.3,NFU,7.584451342,48.319980598
02060500,LA MOSELLE A GONDREVILLE,2020-06-19,1.2,NFU,5.970152067,48.7092267
03185855,LE RADICATEL A SAINT-JEAN-DE-FOLLEVILLE 1,2020-06-19,8.6,NFU,0.511737538,49.496328463
06196948,RAUMARTIN A MARIGNANE 1,2020-06-19,1.7,NFU,5.21216468,43.410893877
03156350,L'AIRE A RARECOURT 1,2020-06-19,1.4,NFU,5.120887883,49.074498614
03036510,L'ARMANÇON A MONTIGNY-SUR-ARMANCON 1,2020-06-19,4.2,NFU,4.37156235,47.431230651
03156580,L'AIRE A VARENNES-EN-ARGONNE 1,2020-06-19,2.0,NFU,5.034368743,49.227888673
AF004670,CANAL DE LA CERISIERE,2020-06-19,9.7,NFU,7.321407105,43.96226019
L813510,RETENUE DU CEBRON à GOURGE,2020-06-19,17.1,NFU,-0.19386255,46.772719734
02026250,LA ZEMBS A HERBSHEIM,2020-06-19,2.1,NFU,7.630930701,48.347244109
02060000,LA MOSELLE A TOUL,2020-06-19,0.5,NFU,5.896983952,48.671442024
02059800,LE RUISSEAU DE LA QUEUE A TOUL,2020-06-19,5.5,NFU,5.875736529,48.644639444
02060700,LE TERROUIN A JAILLON,2020-06-19,0.5,NFU,5.970023483,48.750974576
02025700,LA LUTTER A BENFELD,2020-06-19,0.4,NFU,7.594798411,48.349950489
06830055,FURE A TULLINS - HURTIERES ,2020-06-19,2.6,NFU,5.487356855,45.313833098
06190700,BERANGE A CANDILLARGUES 2,2020-06-19,2.6,NFU,4.061062065,43.637815531
06468000,CUISANCE A VADANS 2,2020-06-19,5.0,NFU,5.702215353,46.924687543
06147160,CANAL FURE MORGE A POLIENAS ,2020-06-19,6.2,NFU,5.483906352,45.229308244
03226488,LE RUISSEAU DE LA CRESSONNIÃRE A SAINT-MARTIN-DE-BIENFAITE-,2020-06-19,3.5,NFU,0.360571404,49.044488306
03226300,LA TOUQUES A SAINT-MARTIN-DE-LA-LIEUE 1,2020-06-19,4.6,NFU,0.216533093,49.105316671
03036490,LE RU DE NAN SOUS THIL A MARCIGNY SOUS THIL,2020-06-19,3.9,NFU,4.387702721,47.390626171
03036445,LE FOSSÉ NUMÉRO 01 DE LA COMMUNE DE CHARNY A NORMIER 1,2020-06-19,130.0,NFU,4.448324332,47.360605033
03185161,LE HANNETOT A NORVILLE 1,2020-06-19,12.0,NFU,0.659423045,49.490521957
03138800,L'OISE A MERIEL 1,2020-06-19,4.0,NFU,2.20405712,49.084370917
03036475,LE RU DES GORGEAS A CLAMEREY 1,2020-06-19,15.0,NFU,4.429710625,47.390992058
01067000,LA RIVIÈRE DE BUSNES À SAINT VENANT (62),2020-06-19,12.0,NFU,2.546990903,50.618958115
01075000,LA BECQUE DE STEENWERCK À STEENWERCK (59),2020-06-19,9.5,NFU,2.772186601,50.667978846
J736520,RETENUE DE LA CHEZE à SAINT-THURIAL,2020-06-19,1.6,NFU,-1.953436822,48.023919717
06141900,ISERE A MEYLAN ,2020-06-19,166.0,NFU,5.769785514,45.198619145
06192000,VIDOURLE A ST-LAURENT-D'AIGOUZE ,2020-06-19,3.6,NFU,4.190816711,43.639126355
02025100,LE GIESSEN A EBERSHEIM,2020-06-19,30.0,NFU,7.508969097,48.286059733
06195500,ARC (13) A BERRE-L'ETANG ,2020-06-19,13.0,NFU,5.132242834,43.504846268
06940940,FURIEUSE A LA-CHAPELLE-SUR-FURIEUSE 4,2020-06-19,3.9,NFU,5.853142752,46.99879054
06147140,FURE A TULLINS - LE VERNEY ,2020-06-19,2.4,NFU,5.521914588,45.293392824
03138728,LE RU DU VIEUX MOUTIERS A L'ISLE-ADAM 2,2020-06-19,4.5,NFU,2.214139778,49.08718872
03225450,LE RUISSEAU DE SAINT-EVROULT A SAINT-EVROULT-DE-MONTFORT 1,2020-06-19,11.0,NFU,0.296462324,48.81340414
03166680,LE RAVIN DE THEUVILLE A VALLANGOUJARD 1,2020-06-19,7.3,NFU,2.103038241,49.142392848
01066000,LE GUARBECQUE À SAINT VENANT (62),2020-06-19,6.3,NFU,2.542664468,50.624542833
03205000,LA RANÇON A SAINT-WANDRILLE-RANCON 2,2020-06-19,4.5,NFU,0.75106503,49.523824609
03225450,LE RUISSEAU DE SAINT-EVROULT A SAINT-EVROULT-DE-MONTFORT 1,2020-06-19,11.0,NFU,0.296462324,48.81340414
06029100,DOUBS A THORAISE 1,2020-06-19,79.0,NFU,5.905270827,47.175619936
03225865,LE BOURGEL A AVERNES-SAINT-GOURGON 1,2020-06-19,3.1,NFU,0.274167943,48.944871673
03036496,LE FOSSÉ NUMÉRO 01 DE LÉDAVRÉE A CLAMEREY 1,2020-06-19,31.0,NFU,4.394667406,47.387702242
03036361,LA BRIONNE A SOUSSEY-SUR-BRIONNE 1,2020-06-19,5.4,NFU,4.519999434,47.318646974
03156995,L'AIRE A GRANDPRE 3,2020-06-19,7.0,NFU,4.872091792,49.340364356
03225460,LA TOUQUES A SAINT-EVROULT-DE-MONTFORT 1,2020-06-19,5.7,NFU,0.28476715,48.812267377
03206350,LA RIVIÈRE DE BOLBEC A GRUCHET-LE-VALASSE 2,2020-06-19,9.7,NFU,0.497342697,49.542474337
03226000,LA TOUQUES A LES MOUTIERS-HUBERT 1,2020-06-19,6.6,NFU,0.263904534,48.975329116
01056000,LA LYS CANALISÉE À ERQUINGHEM/LYS (59),2020-06-19,5.0,NFU,2.835181802,50.67716549
01070000,LA NAVE À BUSNES (62),2020-06-19,8.9,NFU,2.544172465,50.571484892
J751510,ETANG DE LA MUSSE à BAULON,2020-06-19,8.7,NFU,-1.950116893,48.000774353
06190650,CADOULE A MAUGUIO 3,2020-06-19,3.7,NFU,4.046478879,43.610664195
06196850,TOULOUBRE A ST-CHAMAS 1,2020-06-19,70.0,NFU,5.042832533,43.541352849
06147130,ISERE A TULLINS ,2020-06-19,62.0,NFU,5.527698806,45.286127127
06196950,CADIERE A MARIGNANE 1,2020-06-19,5.4,NFU,5.201676112,43.411341641
03166945,LE RU DE FROUVILLE A FROUVILLE 2,2020-06-19,27.0,NFU,2.155154474,49.14259914
03219000,LA LÉZARDE A HARFLEUR 1,2020-06-19,30.0,NFU,0.191331907,49.520729266
03036402,LE RUISSEAU DE THOREY A THOREY-SOUS-CHARNY 1,2020-06-19,13.0,NFU,4.470912291,47.331337204
03036325,L'ARMANÇON A BELLENOT-SOUS-POUILLY 1,2020-06-19,7.5,NFU,4.515155501,47.273691652
03167000,LE SAUSSERON A NESLES-LA-VALLEE 1,2020-06-19,15.0,NFU,2.171535869,49.126061049
03206150,LA RIVIERE DU COMMERCE A BOLBEC 1,2020-06-19,2.5,NFU,0.497396868,49.577379761
04146690,BOIRE DE NAY OU RAU DE L'HOCMARD à LA CHAPELLE-SUR-ERDRE,2020-06-22,18.0,NFU,-1.542401532,47.316750281
04165200,RANCE à SAINT-ANDRE-DES-EAUX,2020-06-22,6.5,NFU,-1.993917838,48.381959843
02052500,LA MOSELLE A ARCHETTES,2020-06-22,1.1,NFU,6.51566334,48.128002065
02000011,LE VIEUX RHIN A KEMBS,2020-06-22,4.8,NFU,7.522627723,47.660768893
04427033,RIVASSOUX OU SAUSSADE A CHANAT LA MOUTEYRE,2020-06-22,5.32,NFU,3.037836079,45.807289631
04147200,ERDRE à NANTES,2020-06-22,11.0,NFU,-1.540776242,47.212653562
02077200,LE RUPT DE MAD A ESSEY-ET-MAIZERAIS,2020-06-22,4.5,NFU,5.805531194,48.907236811
03227770,LA CALONNE A BONNEVILLE-LA-LOUVET 1,2020-06-22,4.5,NFU,0.30881642,49.283233022
03227935,LE DOUET DE LA TAILLE A COUDRAY-RABUT 1,2020-06-22,17.0,NFU,0.177553947,49.31585089
03149630,L'AISNE A BALHAM 1,2020-06-22,13.0,NFU,4.157039256,49.491813669
03226720,L'ORBIQUET A BEUVILLERS 1,2020-06-22,6.5,NFU,0.25640787,49.128682623
AL000334,VIOULOU,2020-06-22,2.0,NFU,2.624132704,44.243485541
BX000796,FOSSE DE SORGES,2020-06-22,20.0,NFU,-0.508279999,47.430158894
AW000411,LE LEFF A MOULIN BESCOND,2020-06-22,12.0,NFU,-3.045022843,48.710878778
01109300,LA NOUVELLE DESSERTE FLUVIALE À GRANDE-SYNTHE (59),2020-06-22,6.9,NFU,2.266572622,51.020862573
01109000,LE CANAL DE BOURBOURG À GRANDE-SYNTHE (59),2020-06-22,17.0,NFU,2.301077091,50.987804442
04427031,TIRETAINE NORD A ORCINES,2020-06-22,3.87,NFU,3.014744022,45.767709479
04146920,CENS à ORVAULT,2020-06-22,6.8,NFU,-1.623029622,47.267637146
02001016,LE SAURENTZ A WALTENHEIM,2020-06-22,5.3,NFU,7.429062761,47.656205973
02076180,L'ESCHE A MARTINCOURT (SAINT-JEAN),2020-06-22,2.8,NFU,5.931837814,48.852599948
02056200,LA MOSELLE A TONNOY,2020-06-22,4.2,NFU,6.246151001,48.550464672
02055580,LE CANAL DE L'EST BRANCHE SUD A CREVECHAMPS,2020-06-22,2.7,NFU,6.268292995,48.523027894
02000010,LE GRAND CANAL D'ALSACE A ROSENAU,2020-06-22,6.0,NFU,7.52341035,47.652381037
06041400,NATOUZE A BOYER 1,2020-06-22,11.0,NFU,4.891989925,46.599354319
03036900,LA REOME A MOUTIERS-ST-JEAN,2020-06-22,10.0,NFU,4.223714761,47.55637533
03052014,LE RUISSEAU DE BEAUNES A ROGNY-LES-SEPT-ECLUSES,2020-06-22,8.6,NFU,2.906694397,47.726891046
03227690,L'ABESSE A BAILLEUL LA VALLEE 1,2020-06-22,7.5,NFU,0.428140371,49.19952049
BD000094,JARLOT_,2020-06-22,4.4,NFU,-3.814065979,48.600846633
AU001357,RUGGI,2020-06-22,0.24,NFU,9.006118413,42.287610987
04165050,RANCE à GUENROC,2020-06-22,6.2,NFU,-2.062570103,48.325980963
K265530,LAC DES BORDES à COMPAINS,2020-06-22,4.7,NFU,2.973349863,45.425102091
04403005,L'ARZON à BEAUNE-SUR-ARZON,2020-06-22,2.7,NFU,3.818041104,45.288533973
04427025,BEDAT A GERZAT,2020-06-22,4.14,NFU,3.161919801,45.825847079
04671002,RAU DES AMOURETTES à LA VERRIE,2020-06-22,18.0,NFU,-0.984081922,46.984092492
02075300,LA MOSELLE A MILLERY,2020-06-22,10.5,NFU,6.117079335,48.807692151
06154250,BONNE A VALBONNAIS ,2020-06-22,1.0,NFU,5.925060014,44.89745369
06152400,REALLON A REALLON ,2020-06-22,0.45,NFU,6.334245081,44.614893658
03036650,L'ARMANÇON A SEMUR-EN-AUXOIS 2,2020-06-22,5.8,NFU,4.329608341,47.503390587
03160000,LA VESLE A TAISSY 2,2020-06-22,3.3,NFU,4.095313479,49.215513911
03149900,LA RETOURNE A SAULT-SAINT-REMY 1,2020-06-22,6.3,NFU,4.162760841,49.423237294
01125000,LA SOMME CANALISÉE À OFFOY (80),2020-06-22,2.2,NFU,3.005850555,49.758897243
01111000,LE CANAL DE FURNES À COUDEKERQUE-BRANCHE (59),2020-06-22,5.8,NFU,2.402435423,51.034192524
04427034,RIVASSOUX OU SAUSSADE A NOHANENT,2020-06-22,2.17,NFU,3.0647723,45.819073823
04143500,GRANDE MAINE à SAINT-FULGENT,2020-06-22,4.8,NFU,-1.158265233,46.903901028
04164600,RANCE à COLLINEE,2020-06-22,3.8,NFU,-2.522139519,48.292959652
04427037,BEDAT A BLANZAT,2020-06-22,8.49,NFU,3.067811759,45.821233218
02077150,LE RUPT DE MAD A RAMBUCOURT,2020-06-22,6.1,NFU,5.751181182,48.856243864
04427036,RIF A CHATEAUGAY,2020-06-22,0.91,NFU,3.10109887,45.850456309
04403013,ARZON A CRAPONNES SUR ARZON ,2020-06-22,3.5,NFU,3.837408047,45.366445414
02070900,LE CANAL DE LA MARNE AU RHIN A MAIXE,2020-06-22,2.1,NFU,6.440423773,48.642862148
02074000,LA MEURTHE A BOUXIERES,2020-06-22,9.0,NFU,6.166370584,48.746268814
06041130,NOUE A L'ABERGEMENT-STE-COLOMBE ,2020-06-22,56.0,NFU,4.998459965,46.738407838
02077300,LA MADINE A BUXIERES-SOUS-LES-COTES,2020-06-22,4.6,NFU,5.683031308,48.891058435
02001025,LE RIEDGRABEN A LANDSER,2020-06-22,30.4,NFU,7.386961818,47.681603442
06038300,CORNE A ST-REMY 1,2020-06-22,15.0,NFU,4.822363787,46.748245334
06039500,SAONE A OUROUX-SUR-SAONE ,2020-06-22,4.8,NFU,4.932135859,46.710964428
03036900,LA REOME A MOUTIERS-ST-JEAN,2020-06-22,10.0,NFU,4.223714761,47.55637533
03228000,LA TOUQUES A SAINT-MARTIN-AUX-CHARTRAINS 1,2020-06-22,9.4,NFU,0.147636705,49.304033679
03036697,LE RU DE CERNANT A MILLERY 1,2020-06-22,2.7,NFU,4.316183697,47.507887497
03036885,L'ARMANÇON A QUINCY-LE-VICOMTE 1,2020-06-22,8.1,NFU,4.262646585,47.608609476
03036800,LE LOUESME A GENAY,2020-06-22,1.4,NFU,4.267926208,47.530428076
DJ000104,LA GARTEMPE - PONT DE BEISSAT,2020-06-22,10.0,NFU,1.00197241,46.132665485
AU001082,VECCHIU,2020-06-22,0.15,NFU,9.121958263,42.150717735
01111900,LE CANAL DE MARDYCK À DUNKERQUE (59),2020-06-22,14.0,NFU,2.364257575,51.028024584
01131500,L'INGON À NESLE (80),2020-06-22,4.7,NFU,2.914126313,49.751718304
01115300,LA SOMME CANALISÉE À VILLERS CARBONNEL (80),2020-06-22,2.6,NFU,2.92180936,49.876426442
04164800,RANCE à SAINT-JOUAN-DE-L'ISLE,2020-06-22,13.0,NFU,-2.167537044,48.253918888
02074900,LA MAUCHERE A FAULX,2020-06-22,63.9,NFU,6.181954203,48.789339231
04165225,GUINEFORT à SAINT-ANDRE-DES-EAUX,2020-06-22,11.0,NFU,-2.017262894,48.380449837
02061500,LA MEURTHE A FRAIZE,2020-06-22,1.6,NFU,6.975263671,48.18441721
02001000,L'AUGRABEN A BARTENHEIM,2020-06-22,9.5,NFU,7.514386956,47.638792108
02067150,LA MEURTHE A SAINT-CLEMENT,2020-06-22,17.4,NFU,6.598309565,48.523718968
06580960,GRESSE A VARCES-ALLIERES-ET-RISSET 3,2020-06-22,23.0,NFU,5.695243436,45.095313674
06038900,THALIE A ST-REMY 1,2020-06-22,12.0,NFU,4.842228214,46.760231275
03227100,LA PAQUINE A HERMIVAL-LES-VAUX 1,2020-06-22,6.0,NFU,0.273899241,49.16568545
03227010,LA TOUQUES A OUILLY-LE-VICOMTE 1,2020-06-22,2.6,NFU,0.211433224,49.178650144
AW000067,LE LIE AU PONT QUERRA,2020-06-22,9.9,NFU,-2.585232804,48.193166855
BX000796,FOSSE DE SORGES,2020-06-22,34.0,NFU,-0.508279999,47.430158894
01000605,L'OMIGNON À DEVISE (80),2020-06-22,12.0,NFU,3.00389096,49.858834106
01124000,LA SOMME CANALISÉE À DURY (02),2020-06-22,4.2,NFU,3.140150031,49.741331945
01119000,LA SOMME RIVIÈRE À OFFOY (80),2020-06-22,1.5,NFU,3.007198757,49.759763838
04139300,RAU BLANC À LA VERRIE,2020-06-22,4.1,NFU,-0.929946742,46.957581476
04147350,CHEZINE à NANTES,2020-06-22,6.0,NFU,-1.573998534,47.215648687
04403006,L'ARZON A BELLEVUE-LA-MONTAGNE,2020-06-22,2.1,NFU,3.864057031,45.220849805
04427035,BEDAT A BLANZAT,2020-06-22,5.95,NFU,3.07719899,45.823676528
04146660,ERDRE à SUCE-SUR-ERDRE,2020-06-22,25.0,NFU,-1.505878449,47.36053774
04146670,ERDRE à SUCE-SUR-ERDRE,2020-06-22,23.0,NFU,-1.525498068,47.337825754
02070250,LA MEURTHE A DAMELEVIERES,2020-06-22,11.2,NFU,6.389125509,48.561762429
04427032,TIRETAINE NORD A CHAMALIERES,2020-06-22,3.79,NFU,3.058016217,45.768920191
04164870,FREMEUR à CAULNES,2020-06-22,20.0,NFU,-2.131859737,48.312514856
02001030,LE WEIHERBACHGRABEN A DIETWILLER,2020-06-22,8.6,NFU,7.404056217,47.695257579
02072670,LE RUISSEAU DE GREMILLON A ESSEY-LES-NANCY,2020-06-22,4.0,NFU,6.227729156,48.703117755
06820118,DRAC A VIF 1,2020-06-22,2.4,NFU,5.692182801,45.017756078
06142620,BONNE A VALJOUFFREY ,2020-06-22,0.36,NFU,6.093493067,44.86827262
03227296,LE PRÉ D'AUGE A MANERBE 1,2020-06-22,11.0,NFU,0.169416477,49.174766616
03148220,LA FOURNELLE A QUATRE-CHAMPS 1,2020-06-22,7.7,NFU,4.76519883,49.440394684
03133850,L'OISE A CLAIROIX 1,2020-06-22,11.0,NFU,2.864520634,49.441517993
03157485,LA SUIPPE A DONTRIEN 1,2020-06-22,9.1,NFU,4.409559607,49.237001844
03133890,LA SOMME DOR A GOURNAY-SUR-ARONDE 1,2020-06-22,1.3,NFU,2.669351488,49.496084749
CM000161,PRISE DE NAVARRENX,2020-06-22,0.83,NFU,-0.732411846,43.331791738
AY000288,LA DRONNE,2020-06-22,2.5,NFU,0.341165342,45.246570567
01110000,LE CANAL DES MÖERES À COUDEKERQUE-BRANCHE (59),2020-06-22,15.0,NFU,2.39588228,51.023694991
01118000,LA SOMME RIVIÈRE À HAM (80),2020-06-22,8.8,NFU,3.069964781,49.750570422
04030905,AUZON à LE CENDRE,2020-06-22,33.8,NFU,3.205723084,45.723831073
04426076,AUZON A LE CENDRE,2020-06-22,25.0,NFU,3.182997145,45.711596592
04143800,PETITE MAINE à SAINT-GEORGES-DE-MONTAIGU,2020-06-22,9.5,NFU,-1.273421086,46.922756755
04427024,BEDAT A CEBAZAT,2020-06-22,6.15,NFU,3.115434996,45.821068513
04146900,ERDRE à NANTES,2020-06-22,10.0,NFU,-1.538774874,47.255909967
04674005,RUISSEAU DE LONGUENAIS A LES HERBIERS,2020-06-22,11.0,NFU,-1.106543826,46.868873835
04427026,RIF A GERZAT,2020-06-22,7.57,NFU,3.139660634,45.848497176
02000990,LE LERTZBACH A HEGENHEIM,2020-06-22,3.0,NFU,7.529100707,47.564525438
06041520,PETIT GRISON A BEAUMONT-SUR-GROSNE ,2020-06-22,7.1,NFU,4.857086895,46.66786354
03156000,L'AISNE A CHOISY-AU-BAC 1,2020-06-22,6.1,NFU,2.876470159,49.436146948
06035325,FLORENCE A LA-RACINEUSE ,2020-06-22,18.0,NFU,5.169609735,46.828041277
03036638,LE RU DE TROILLERONS A PONT ET MASSENE 1,2020-06-22,21.0,NFU,4.368413086,47.474680905
03149081,L'AISNE A ATTIGNY 1,2020-06-22,10.0,NFU,4.579073297,49.480110153
03227623,L'YVIE A PONT-L'EVEQUE 1,2020-06-22,16.0,NFU,0.184698233,49.277455771
03133937,L'ARONDE A CLAIROIX 1,2020-06-22,5.1,NFU,2.852919664,49.439814713
01119300,LA SOMME RIVIÈRE À VILLERS CARBONNEL (80),2020-06-22,6.1,NFU,2.928195753,49.876455785
04030700,AUZON à SAINT-GENES-CHAMPANELLE,2020-06-22,1.68,NFU,3.040727736,45.700575008
02048980,LA MOSELLE A RAMONCHAMP,2020-06-22,0.7,NFU,6.739336201,47.892005589
02001010,L'ALTE-BACH A BLOTZHEIM,2020-06-22,1.8,NFU,7.494893524,47.60393267
02060750,LA MOSELLE A LIVERDUN,2020-06-22,9.1,NFU,6.066786231,48.745656138
06035690,DHEUNE A ESSERTENNE ,2020-06-22,12.0,NFU,4.569620193,46.80163492
02072700,LA MEURTHE A TOMBLAINE,2020-06-22,11.9,NFU,6.206745262,48.688956868
03228000,LA TOUQUES A SAINT-MARTIN-AUX-CHARTRAINS 1,2020-06-22,9.4,NFU,0.147636705,49.304033679
06159930,VERDON A COLMARS ,2020-06-22,1.07,NFU,6.617793221,44.173895703
06035340,GUYOTTE A CHARETTE ,2020-06-22,3.5,NFU,5.184795212,46.886012564
03149353,LA VAUX A HAUTEVILLE 1,2020-06-22,8.9,NFU,4.307492368,49.583735087
03056024,LE RU DE MAUREPAS A DRACY 1,2020-06-22,3.4,NFU,3.252264186,47.765415681
04143400,GRANDE MAINE à LES HERBIERS,2020-06-22,9.1,NFU,-1.056696275,46.877192817
03153950,LE RU DE RETZ A AMBLENY 1,2020-06-22,33.0,NFU,3.188885795,49.379966439
03156000,L'AISNE A CHOISY-AU-BAC 1,2020-06-22,6.1,NFU,2.876470159,49.436146948
CO000371,RAVIN DE POUNTS,2020-06-22,0.88,NFU,2.242083539,42.59951616
DE000002,TARN A SAINT MAURICE,2020-06-22,5.5,NFU,1.229892888,44.137185839
BX000796,FOSSE DE SORGES,2020-06-22,28.0,NFU,-0.508279999,47.430158894
02001725,L'ISCHERT A SUNDHOUSE,2020-06-23,12.9,NFU,7.650320964,48.266710787
01122000,LE CANAL DE SAINT QUENTIN À SERAUCOURT LE GRAND(02),2020-06-23,1.1,NFU,3.207345331,49.786615481
01107000,LE CANAL DE LA BASSE COLME À HOYMILLE (59),2020-06-23,9.4,NFU,2.449986052,50.979112005
01121300,LA RIGOLE D'OISE ET DU NOIRRIEU À LESDINS (02),2020-06-23,7.9,NFU,3.318480238,49.895477526
01106000,LE CANAL DE LA HAUTE COLME (DERIV) À CAPPELLE-BROUCK (59),2020-06-23,20.0,NFU,2.249043627,50.896753573
01116500,LA SOMME RIVIÈRE À GAUCHY (02),2020-06-23,4.0,NFU,3.260762324,49.827091045
06159390,ASSE A ORAISON ,2020-06-23,2.9,NFU,5.909304339,43.878681163
04153300,GUE CHATENAY à POIROUX,2020-06-23,15.0,NFU,-1.519784233,46.511440676
04427023,GAZELLE A AUBIERE,2020-06-23,0.95,NFU,3.104331388,45.747230105
04710001,LA JARANNE A POIRE-SUR-VIE,2020-06-23,9.4,NFU,-1.512821231,46.790329426
04712005,LA NAULIERE A PALLUAU,2020-06-23,7.5,NFU,-1.605197503,46.81579419
04215635,RAU DU PERCHE À VAY,2020-06-23,8.4,NFU,-1.736277229,47.508287421
04427021,BEC A CLERMONT-FERRAND,2020-06-23,9.44,NFU,3.149213557,45.770646428
04427009,ARTIERE A AULNAT,2020-06-23,1.26,NFU,3.172302608,45.795710235
02081700,LE RUISSEAU D'OSSON A MALAUCOURT-SUR-SEILLE,2020-06-23,9.1,NFU,6.354685586,48.839405516
06178025,CRIEULON A ORTHOUX-SERIGNAC-QUILHAN ,2020-06-23,4.4,NFU,4.036793587,43.886819524
03128190,LE GRAND RIAUX A SAINT-MICHEL 1,2020-06-23,2.5,NFU,4.171194486,49.926692061
03024940,L'ARMANCE A DORNECY 1,2020-06-23,2.4,NFU,3.581790956,47.433592201
AS003064,DIEGE - COUZERGUES,2020-06-23,2.9,NFU,2.313548889,45.55956605
AI000522,ARIEGE FOULON,2020-06-23,2.0,NFU,1.626247731,43.133131116
06127050,GALEIZON A CENDRAS 2,2020-06-23,0.73,NFU,4.024280766,44.157059758
04427027,ARTIERE A CEYRAT,2020-06-23,3.76,NFU,3.062264621,45.744676773
04150940,RAU DE LA FONTAINE DE LA FLACHAUSSIERE à MACHE,2020-06-23,16.0,NFU,-1.676085206,46.773568611
04427029,ARTIERE A BEAUMONT,2020-06-23,4.71,NFU,3.08880976,45.747378468
02081500,LA SEILLE A CHAMBREY,2020-06-23,2.8,NFU,6.457238666,48.783964799
02001050,LE RHIN A RHINAU,2020-06-23,5.5,NFU,7.713469027,48.312501789
02082900,LA SEILLE A METZ,2020-06-23,1.9,NFU,6.188041976,49.100552167
02026500,LA ZEMBS A KRAFFT,2020-06-23,7.4,NFU,7.700865897,48.419147352
02028000,L'ANDLAU A ANDLAU,2020-06-23,6.5,NFU,7.402673795,48.39485593
02080200,LA SEILLE A ASSENONCOURT,2020-06-23,22.8,NFU,6.7825785,48.770544195
02084000,LA MOSELLE A HAUCONCOURT,2020-06-23,8.3,NFU,6.189623534,49.19036513
02077500,LE RUPT DE MAD A THIAUCOURT,2020-06-23,1.6,NFU,5.866206821,48.951791273
02081000,LA SEILLE A MULCEY,2020-06-23,5.9,NFU,6.669594017,48.796381528
06580341,GALAURE A ST-BARTHELEMY-DE-VALS ,2020-06-23,9.1,NFU,4.848086652,45.179974547
06110400,RHONE A ROCHEMAURE ,2020-06-23,27.0,NFU,4.707772562,44.579075425
06106150,RHONE A CHATEAUBOURG,2020-06-23,4.4,NFU,4.847600189,44.998251034
06128000,GARDON D'ALES A ST-HILAIRE-DE-BRETHMAS 1,2020-06-23,1.1,NFU,4.099380242,44.094547021
03040250,L'OZE A DARCEY 1,2020-06-23,3.1,NFU,4.539739382,47.534646295
06106600,RHONE A BEAUCHASTEL 1,2020-06-23,17.2,NFU,4.839565972,44.853720862
06148200,ISERE A EYMEUX ,2020-06-23,30.0,NFU,5.183517917,45.08496773
03239100,L'AIGUILLON A RANVILLE 1,2020-06-23,2.2,NFU,-0.262694269,49.234756358
03237540,LA GUIGNE A FEUGUEROLLES-BULLY 1,2020-06-23,9.8,NFU,-0.412391862,49.098054081
03243540,L'AJON A TOURNAY-SUR-ODON 1,2020-06-23,8.4,NFU,-0.558600677,49.094383174
AS001485,LE VIANON,2020-06-23,18.0,NFU,2.169550752,45.369585932
BF000062,LA NAVERRE PRISE GARONNE,2020-06-23,2.5,NFU,1.311642857,43.446710717
AG001707,LABOULE (BEAUME),2020-06-23,0.19,NFU,4.100068902,44.596044552
DJ000478,LA BRIANCE,2020-06-23,16.0,NFU,1.273612967,45.725893567
04099560,RACONNIERE à LAGEON,2020-06-23,2.6,NFU,-0.224026243,46.755133666
04027500,ALLIER à PRADES,2020-06-23,4.9,NFU,3.594651669,45.029097225
06594800,HERBASSE A MONTRIGAUD 4,2020-06-23,5.0,NFU,5.153955232,45.23315736
03140325,LA VIOSNE A CHARS 1,2020-06-23,2.8,NFU,1.937231393,49.161228823
04422005,R SEUGE À CHANALEILLES,2020-06-23,2.4,NFU,3.461516751,44.868174066
02082350,LA SEILLE A CHEMINOT,2020-06-23,2.8,NFU,6.1243344,48.94101026
02030200,L'EHN A MEISTRATZHEIM,2020-06-23,4.6,NFU,7.552835384,48.457250958
06148850,SAVASSE A ROMANS-SUR-ISERE 2,2020-06-23,9.4,NFU,5.03421903,45.050144247
06106920,EYRIEUX A SAINT-MARTIN-DE-VALAMAS,2020-06-23,0.72,NFU,4.392851488,44.937793228
06107900,EYRIEUX A BEAUCHASTEL ,2020-06-23,1.1,NFU,4.798880797,44.824281853
03140400,LA VIOSNE A ABLEIGES 1,2020-06-23,12.0,NFU,1.985400521,49.087490019
03040639,LE RUISSEAU DE FONTENAY A MARMAGNE 1,2020-06-23,11.0,NFU,4.366303472,47.6292444
03134000,L'OISE A COMPIEGNE 1,2020-06-23,2.3,NFU,2.787097305,49.398299087
03134800,L'AUTOMNE A SAINTINES 2,2020-06-23,15.0,NFU,2.773697696,49.307190494
03134595,LE RU DE MOISE A VAUMOISE,2020-06-23,5.1,NFU,2.988875497,49.245689712
03134708,LE RU DES TAILLANDIERS A DUVY 1,2020-06-23,4.7,NFU,2.696514844,49.279540392
03039390,LA BRENNE A POUILLENAY 1,2020-06-23,6.9,NFU,4.47178498,47.509253023
03245100,LA LAIZE A LAIZE-LA-VILLE 2,2020-06-23,13.0,NFU,-0.379149814,49.08490923
AW000193,LE GOUET - LE GRAND GUE,2020-06-23,4.8,NFU,-2.858100307,48.393693344
BS000089,NANTES - LOIRE LA ROCHE (SEC),2020-06-23,18.0,NFU,-1.537071177,47.244639768
BS000087,MAUVES/LOIRE   LA LOIRE,2020-06-23,11.0,NFU,-1.407555723,47.317714813
04098500,THOUET à SECONDIGNY,2020-06-23,15.0,NFU,-0.418771064,46.607929792
04721004,GUE CHATENAY A TALMONT-SAINT-HILAIRE,2020-06-23,19.0,NFU,-1.599874099,46.469179122
01116300,LE FOSSÉ DES ALLEMAGNE À GAUCHY (02),2020-06-23,4.4,NFU,3.26459163,49.82506175
01123000,LE CANAL DE SAINT QUENTIN À SAINT SIMON (02),2020-06-23,2.3,NFU,3.173868212,49.741809263
02084100,LA FEIGNE A WOIPPY,2020-06-23,2.7,NFU,6.161348194,49.180322692
04215600,ISAC à SAFFRE,2020-06-23,3.9,NFU,-1.61237866,47.476059539
04422004,R VIRLANGE À CHANALEILLES,2020-06-23,0.76,NFU,3.480643725,44.827370093
02001738,LE MUHLBACH DE GERSTHEIM (= LACHTER) A GERSTHEIM,2020-06-23,8.5,NFU,7.70298424,48.373874034
02076800,LA MOSELLE A VANDIERES,2020-06-23,11.2,NFU,6.050661886,48.954805707
02084200,LE RUISSEAU DE MALROY A MALROY,2020-06-23,11.5,NFU,6.215629044,49.176527538
02082000,LA SEILLE A NOMENY,2020-06-23,3.3,NFU,6.227694642,48.888309618
02081100,LA PETITE SEILLE A HABOUDANGE,2020-06-23,19.0,NFU,6.595833998,48.878847869
02082970,LE RUISSEAU DE VALLIERES A VANTOUX,2020-06-23,3.4,NFU,6.231593819,49.128454403
06101905,CANCE A ST-JULIEN-VOCANCE 4,2020-06-23,1.9,NFU,4.50092904,45.173924557
03039444,LE RUISSEAU DE LA LOCHÈRE A POUILLENAY 1,2020-06-23,29.0,NFU,4.464864123,47.502108383
03039940,L'OZERAIN A ALISE-SAINTE-REINE 1,2020-06-23,4.3,NFU,4.477145129,47.53157587
06106100,RHONE A LA-ROCHE-DE-GLUN 1,2020-06-23,4.4,NFU,4.853841321,45.014619648
06104000,RHONE A ST-VALLIER ,2020-06-23,2.4,NFU,4.811656415,45.184021229
06300113,DENANTE A DAVAYE 1,2020-06-23,17.0,NFU,4.764414652,46.30141886
06045750,BOURBONNE A MONTBELLET ,2020-06-23,5.9,NFU,4.859589251,46.475625281
06178023,VIDOURLE A LIOUC ,2020-06-23,1.9,NFU,4.006691246,43.895300305
03125000,LA SEINE A POISSY 1,2020-06-23,5.8,NFU,2.038835044,48.93678189
04150850,VIE à LA CHAPELLE-PALLUAU,2020-06-23,9.0,NFU,-1.618133055,46.77720673
04197818,SEDON à GUEGON,2020-06-23,2.8,NFU,-2.548761348,47.919052744
03134730,LA RIVIÈRE SAINTE-MARIE A GLAIGNES 1,2020-06-23,4.7,NFU,2.850035544,49.27060547
03244300,LE BROUILLE A SAINT-GERMAIN-LANGOT 1,2020-06-23,1.2,NFU,-0.326891546,48.942486566
DE000046,GARONNE AU BAC (MAS GRENIER),2020-06-23,3.12,NFU,1.179417412,43.902431973
BF000362,ST CAPRAIS PRISE CANAL,2020-06-23,15.0,NFU,1.349538269,43.743209232
01089100,L'YSER À ESQUELBECQ (59),2020-06-23,11.0,NFU,2.409386378,50.882282436
01117000,LA SOMME RIVIÈRE À SÉRAUCOURT-LE-GRAND (02),2020-06-23,5.5,NFU,3.21168457,49.7820227
04410006,RAU D'AILLANT À POUILLY-SOUS-CHARLIEU,2020-06-23,7.6,NFU,4.143996108,46.137202274
04422007,VIRLANGE à SAINT-PREJET-D'ALLIER,2020-06-23,1.1,NFU,3.621881835,44.933227205
04099570,TACONNIERE à MAISONTIERS,2020-06-23,16.0,NFU,-0.232858337,46.773013611
04710002,LE RUTH A POIRE-SUR-VIE,2020-06-23,9.1,NFU,-1.530495524,46.778711764
04427030,ARTIERE A AUBIERE,2020-06-23,2.64,NFU,3.123430771,45.753829415
04427013,TIRETAINE A GERZAT,2020-06-23,1.66,NFU,3.154947968,45.820444898
04051150,DHUY à ORLEANS,2020-06-23,10.2,NFU,1.943785755,47.849385197
02028500,LA SCHEER A BOLSENHEIM,2020-06-23,8.4,NFU,7.608825676,48.425286366
04099550,CEBRON à LAGEON,2020-06-23,8.7,NFU,-0.219075055,46.728310058
04215660,CANAL DE NANTES A BREST à BLAIN,2020-06-23,7.4,NFU,-1.782634754,47.471996516
02082330,LE RUISSEAU DE MOINCE A EPLY,2020-06-23,5.1,NFU,6.152264408,48.940197628
02081135,LE RUISSEAU DE LA FLOTTE A OBRECK,2020-06-23,18.8,NFU,6.593666712,48.843506185
02079500,LE RUISSEAU DE MONTVAUX A CHATEL-SAINT-GERMAIN,2020-06-23,2.6,NFU,6.086770089,49.117331391
02078070,LE RUPT DE MAD A BAYONVILLE-SUR-MAD (CHATEAU DE REMONVAUX),2020-06-23,1.5,NFU,5.991972581,49.013201468
03239100,L'AIGUILLON A RANVILLE 1,2020-06-23,2.2,NFU,-0.262694269,49.234756358
06193250,VISTRE DE LA FONTAINE A NIMES ,2020-06-23,5.7,NFU,4.37398714,43.801759506
02078000,LE RUPT DE MAD A ONVILLE,2020-06-23,2.1,NFU,5.961815466,49.012356985
06044900,SANE A LA-GENETE ,2020-06-23,5.8,NFU,5.050032502,46.560640905
03244000,L'ODON A BRETTEVILLE-SUR-ODON 1,2020-06-23,5.4,NFU,-0.406633633,49.164532827
03039290,LE MIARD A POSANGES,2020-06-23,25.0,NFU,4.520260434,47.416596155
03076047,LE RUISSEAU DE MONTABÉ A SAINT-REMY-LES-CHEVREUSE 1,2020-06-23,1.5,NTU,2.066500768,48.702721555
03040250,L'OZE A DARCEY 1,2020-06-23,3.1,NFU,4.539739382,47.534646295
03075913,L'YVETTE A SAINT-FORGET 1,2020-06-23,1.1,NTU,2.012957048,48.701292073
03141000,L'OISE A CERGY 1,2020-06-23,4.0,NFU,2.059095635,49.031717659
03128845,RUISSEAU DU MOULIN DE MONT SAINT-JEAN A LOGNY-LES-AUBENTON 2,2020-06-23,8.6,NFU,4.213435537,49.827513513
03040450,LE RUISSEAU DE VAU A GRIGNON,2020-06-23,3.5,NFU,4.418241874,47.551779188
03238000,L'ORNE A CAEN 1,2020-06-23,2.3,NFU,-0.346462126,49.180034058
03128745,L'OISE A OHIS 1,2020-06-23,4.2,NFU,4.011023869,49.930393781
03076283,L'YVETTE A GIF-SUR-YVETTE 1,2020-06-23,23.0,NTU,2.118044337,48.700448911
03140490,LA VIOSNE A PONTOISE 1,2020-06-23,13.0,NFU,2.086506484,49.05244065
DE000030,CANAL DE MONTECH(VERLHAGUET),2020-06-23,15.0,NFU,1.276171814,43.99204874
BD000333,TROGANVEL.,2020-06-23,2.3,NFU,-3.703784151,47.943017757
AW000565,LE JAUDY A KERMORGAN,2020-06-23,5.5,NFU,-3.258857962,48.670442258
01089000,L'YSER À BAMBECQUE (59),2020-06-23,8.1,NFU,2.622923407,50.920181569
01116000,LA SOMME RIVIÈRE À MORCOURT (02),2020-06-23,9.7,NFU,3.317167144,49.880036938
04215850,ISAC ou CANAL DE NANTES A BREST à PLESSE,2020-06-23,8.1,NFU,-1.951691674,47.523897366
04027600,DESGES à CHANTEUGES,2020-06-23,0.73,NFU,3.528902801,45.076619307
03237800,L'ORNE A LOUVIGNY 1,2020-06-23,2.9,NFU,-0.382502013,49.152218434
06710030,LAUZON A LA-BRILLANNE 2,2020-06-23,16.0,NFU,5.885014185,43.916608362
02084400,LA BEVOTTE A ARGANCY,2020-06-23,20.3,NFU,6.207805977,49.203531633
02081950,LE RUISSEAU DE VULMONT A THEZEY-SAINT-MARTIN,2020-06-23,5.1,NFU,6.296890414,48.902471624
02027000,L'ILL A OHNHEIM,2020-06-23,3.2,NFU,7.704316234,48.488927277
02078195,LE RUPT DE MAD A ARNAVILLE (CAPTAGE),2020-06-23,14.5,NFU,6.021840671,49.013991688
06580890,HERBASSE A CLERIEUX 4,2020-06-23,5.3,NFU,4.956348069,45.05860057
06193500,VISTRE A AUBORD ,2020-06-23,8.0,NFU,4.305963748,43.762536831
06041700,BRENNE A SENS-SUR-SEILLE 1,2020-06-23,7.4,NFU,5.292399328,46.749661133
06040400,GUYE A SIGY-LE-CHATEL ,2020-06-23,7.3,NFU,4.567414021,46.550218772
03134560,L'AUTOMNE A COYOLLES 1,2020-06-23,20.0,NFU,3.044001448,49.236610416
06103500,CANCE A SARRAS 1,2020-06-23,5.2,NFU,4.786733558,45.205930398
03134226,LE RU DES PLANCHETTES A LACROIX-SAINT-OUEN 3,2020-06-23,32.0,NFU,2.794384956,49.37013253
03239050,LE DAN A BLAINVILLE-SUR-ORNE 1,2020-06-23,8.7,NFU,-0.309961777,49.221615877
06106935,DORNE A DORNAS 2,2020-06-23,0.9,NFU,4.340373229,44.84856188
03134560,L'AUTOMNE A COYOLLES 1,2020-06-23,20.0,NFU,3.044001448,49.236610416
03128270,LE GLAND A SAINT-MICHEL 2,2020-06-23,4.1,NFU,4.159498271,49.922122895
03076002,LE RU D'ÉCOSSE BOUTON A CHEVREUSE 1,2020-06-23,8.2,NTU,2.029154647,48.699149236
03140325,LA VIOSNE A CHARS 1,2020-06-23,2.8,NFU,1.937231393,49.161228823
03128500,L'OISE A HIRSON 1,2020-06-23,12.0,NFU,4.104570709,49.966192716
03076443,LA MERANTAISE A GIF-SUR-YVETTE 1,2020-06-23,5.0,NTU,2.131553991,48.702736149
03128987,LE LERZY A SORBAIS 1,2020-06-23,19.0,NFU,3.89291013,49.909635721
BX000402,BARRAGE DES RIVIERES,2020-06-23,3.8,NFU,-0.991387695,47.128192773
AF001546,PRISE D'EAU CANAL SAINT ROCH,2020-06-23,0.61,NFU,7.368163325,43.99757204
04215620,CANAL DE NANTES A BREST à BLAIN,2020-06-23,6.3,NFU,-1.698386738,47.470040668
04027290,ALLIER à ALLEYRAS,2020-06-23,0.84,NFU,3.67408398,44.900163193
04423015,CRONCE A ARLET,2020-06-23,1.4,NFU,3.417036695,45.117765604
04443010,LOIRET A OLIVET,2020-06-23,3.6,NFU,1.885662597,47.869754885
04422020,FIOULE A VISSAC-AUTEYRAC ,2020-06-23,3.0,NFU,3.599338239,45.100862286
04427028,ARTIERE A CEYRAT,2020-06-23,5.23,NFU,3.062661918,45.725280051
04427006,ARTIERE A CLERMONT-FERRAND,2020-06-23,4.26,NFU,3.144092759,45.784637706
02081300,LA PETITE SEILLE A SALONNES,2020-06-23,21.9,NFU,6.496727408,48.789584934
02078200,LE RUPT DE MAD A ARNAVILLE,2020-06-23,10.7,NFU,6.028543532,49.010232274
02082710,LE RUISSEAU DE VERNY A POMMERIEUX,2020-06-23,10.7,NFU,6.174432148,48.998955317
06045000,SEILLE A LA-TRUCHERE ,2020-06-23,11.0,NFU,4.946774568,46.514075311
03245100,LA LAIZE A LAIZE-LA-VILLE 2,2020-06-23,13.0,NFU,-0.379149814,49.08490923
06149500,ISERE A CHATEAUNEUF-SUR-ISERE 2,2020-06-23,24.0,NFU,4.936715528,45.018603317
06047360,MOUGE A ST-MAURICE-DE-SATONNAY ,2020-06-23,23.0,NFU,4.784487891,46.411252629
06127900,AVENE A ST-PRIVAT-DES-VIEUX ,2020-06-23,1.2,NFU,4.133458609,44.1293412
03140320,LE RUISSEAU D'ARNOYE A LAVILLETERTRE 1,2020-06-23,4.6,NFU,1.942665661,49.177668785
03076493,LE VAULARON A BURES-SUR-YVETTE 1,2020-06-23,2.3,NTU,2.158995442,48.696335597
03243350,L'ODON A EPINAY-SUR-ODON 1,2020-06-23,8.7,NFU,-0.614866945,49.074167119
AF000226,PRISE D'EAU RUISSEAU IROUGNE,2020-06-23,0.11,NFU,7.094497568,44.036276305
BS000090,NANTES - ERDRE CANAL ST FELIX (SEC),2020-06-23,9.1,NFU,-1.537071177,47.244639768
AD000927,PRISE DANS LE CANAL EDF,2020-06-23,1.1,NFU,5.942261183,44.2046292
01121000,LE CANAL DE SAINT QUENTIN À LESDINS (02),2020-06-23,8.5,NFU,3.316295517,49.891166972
01108000,LE CANAL DE BERGUES À CAPPELLE LA GRANDE (59),2020-06-23,9.4,NFU,2.383690009,51.002567033
01145000,LE CANAL DE LA HAUTE COLME À BIERNE (59),2020-06-23,4.4,NFU,2.397408645,50.97026669
04427020,ARTIERE A PONT-DU-CHATEAU,2020-06-23,6.89,NFU,3.205873855,45.797491007
04427022,BEC A PONT-DU-CHATEAU,2020-06-23,35.6,NFU,3.204869418,45.79533165
04215970,RAU DE DRENEUC À FEGREAC,2020-06-23,16.0,NFU,-2.029571072,47.590201224
02082160,LE RUISSEAU DE GREVE A CLEMERY,2020-06-23,5.1,NFU,6.191224203,48.882492437
02001715,LE CANAL DU RHONE AU RHIN A MACKENHEIM,2020-06-23,1.5,NFU,7.548804345,48.187449061
02001500,LA LACHTER A BOOFZHEIM,2020-06-23,4.6,NFU,7.674344181,48.327772674
02077000,LA MOSELLE A ARRY,2020-06-23,10.4,NFU,6.039870916,48.995529946
02029160,L'EHN A BOERSCH,2020-06-23,0.9,NFU,7.372010325,48.455765656
02029000,L'ANDLAU A FEGERSHEIM,2020-06-23,6.7,NFU,7.685401256,48.49147809
02079000,LA MOSELLE A ARS-SUR-MOSELLE,2020-06-23,14.8,NFU,6.080417192,49.070659464
02028300,LA SCHERNETZ A EPFIG,2020-06-23,3.6,NFU,7.460148313,48.33856618
02079250,LA MANCE A ARS-SUR-MOSELLE,2020-06-23,5.3,NFU,6.08085344,49.077540919
03134226,LE RU DES PLANCHETTES A LACROIX-SAINT-OUEN 3,2020-06-23,32.0,NFU,2.794384956,49.37013253
06106030,DOUX A SAINT-JEAN-DE-MUZOLS 1,2020-06-23,2.3,NFU,4.778269592,45.059451317
02081540,LA LOUTRE NOIRE A MONCEL-SUR-SEILLE,2020-06-23,9.8,NFU,6.420717967,48.76717398
03244725,LA LAIZE A GOUVIX 1,2020-06-23,7.9,NFU,-0.319628302,49.039101319
03128935,LE TON A ORIGNY-EN-THIERACHE 2,2020-06-23,5.5,NFU,4.024098921,49.895418841
03128837,L'AUBE A HANNAPPES 1,2020-06-23,4.2,NFU,4.228538974,49.824687199
03141490,L'OISE A CONFLANS-SAINTE-HONORINE 1,2020-06-23,4.1,NFU,2.072019717,48.988842829
03076387,LA MERANTAISE A CHATEAUFORT 2,2020-06-23,14.0,NTU,2.092361181,48.731713806
DJ000528,RUISSEAU DU GRAND SEIGNAT,2020-06-23,8.6,NFU,1.075147444,45.509850901
AM000047,VALTREDE,2020-06-23,4.3,NFU,5.148863506,43.393809166
AS001363,LE LYS,2020-06-23,5.1,NFU,2.473450323,45.436792017
AW000183,LE TRIEUX - PONT CAFFIN,2020-06-23,3.8,NFU,-3.183957049,48.539107158
AS001464,LES 4 MOULINS (R. AUVEZERE),2020-06-23,11.0,NFU,1.404886269,45.455756305
O1025023,Etang de Naguilhes,2020-06-24,0.4,NFU,1.915827577,42.654634886
02090000,LA MOSELLE A UCKANGE,2020-06-24,6.3,NFU,6.169285046,49.298678368
04662018,BREIL A LE LOROUX-BOTTEREAU,2020-06-24,14.0,NFU,-1.324868566,47.247067408
02036250,LE CANAL DE LA BRUCHE DECLASSE A ACHENHEIM,2020-06-24,34.3,NFU,7.628345085,48.576484609
02085615,LE RUISSEAU D'HATTONVILLE A VIGNEULLES-LES-HATTONCHATEL,2020-06-24,7.9,NFU,5.769558662,49.011289084
02031400,LA BRUCHE A SAINT-BLAISE-LA-ROCHE,2020-06-24,4.0,NFU,7.154596508,48.404149328
04215500,DON à GUEMENE-PENFAO,2020-06-24,7.6,NFU,-1.859812202,47.628592013
04378002,CHERE A SOUDAN,2020-06-24,4.8,NFU,-1.323034746,47.729796716
02086220,LE RUISSEAU DE JOUAVILLE A GIRAUMONT,2020-06-24,10.3,NFU,5.900938827,49.182407488
06129000,GARDON D'ANDUZE A TORNAC ,2020-06-24,0.66,NFU,3.998692511,44.039273052
02086250,LE RUISSEAU DE L'ABREUVAUX A BATILLY,2020-06-24,3.4,NFU,5.962208987,49.184667259
02085850,LE LONGEAU A FRIAUVILLE,2020-06-24,14.0,NFU,5.83785424,49.144182812
06118550,LUECH A GENOLHAC ,2020-06-24,0.95,NFU,3.960898173,44.324030487
06198100,HUVEAUNE A MARSEILLE 2,2020-06-24,6.7,NFU,5.409427627,43.275084049
03125925,LE RUISSEAU D'ORGEVAL A CHAPET 1,2020-06-24,9.5,NFU,1.924878419,48.964430405
06158000,BLEONE A MALLEMOISSON ,2020-06-24,13.0,NFU,6.141926485,44.040378357
03129730,L'IRON A IRON 1,2020-06-24,5.0,NFU,3.659767929,49.957163562
03245840,LA SEULLES A BUCEELS 1,2020-06-24,6.4,NFU,-0.62901743,49.19904348
06159000,DURANCE A LES-MEES ,2020-06-24,9.6,NFU,5.964437451,44.035342985
03037550,L'ARMANÇON A TANLAY 1,2020-06-24,18.0,NFU,4.06845715,47.854781423
03076571,L'YVETTE A ORSAY 1,2020-06-24,1.0,NTU,2.204949711,48.702807141
03129180,L'OISE A LESQUIELLES-SAINT-GERMAIN 3,2020-06-24,3.0,NFU,3.617811705,49.926939148
AY000270,VALOUZE,2020-06-24,7.4,NFU,0.963002133,45.548533098
AW000729,TRAOU LEGUER,2020-06-24,3.2,NFU,-3.447545407,48.553343354
BF000337,CANAL ST MARTORY LASSERRE LHERM,2020-06-24,4.9,NFU,1.22754958,43.431338567
01135000,L'AVRE À LONGUEAU (80),2020-06-24,6.0,NFU,2.344250066,49.876636318
06128720,GARDON DE ST JEAN A THOIRAS ,2020-06-24,0.23,NFU,3.962214677,44.075090221
03129020,L'OISE A ERLOY 1,2020-06-24,3.5,NFU,3.828080624,49.910217749
01134000,L'AVRE À L'ÉCHELLE SAINT AURIN (80),2020-06-24,6.3,NFU,2.726323507,49.695758858
04662015,POYET A VALLET,2020-06-24,22.2,NFU,-1.332293146,47.176760516
02086360,LE RUISSEAU DE SAINTE-MARIE A BATILLY,2020-06-24,2.1,NFU,5.981568593,49.192655376
02037000,L'ILL A STRASBOURG,2020-06-24,3.8,NFU,7.7244005,48.571731967
02030310,LE ROSENMEER A INNENHEIM,2020-06-24,32.3,NFU,7.566832417,48.496028377
02085800,LE LONGEAU A HARVILLE,2020-06-24,7.3,NFU,5.730684663,49.096292364
02035000,LA MOSSIG A SOULTZ-LES-BAINS,2020-06-24,8.1,NFU,7.488922694,48.572875556
06107980,ROANNE A ST-BENOIT-EN-DIOIS ,2020-06-24,2.3,NFU,5.271273165,44.671056587
03245735,LE RUISSEAU DU COISEL A SAINT-VAAST-SUR-SEULLES 1,2020-06-24,19.0,NFU,-0.623402952,49.131496757
06153630,SASSE A CHATEAUFORT ,2020-06-24,1.3,NFU,6.015683522,44.275966834
03245597,LA SEULLES A ANCTOVILLE 1,2020-06-24,16.0,NFU,-0.705981597,49.10354288
03129817,LE NOIRRIEU A VADENCOURT 1,2020-06-24,7.2,NFU,3.580323139,49.928083955
03037480,LE RU DE MÉLISEY A TANLAY 1,2020-06-24,1.8,NFU,4.105026609,47.855784224
03136000,L'OISE A PONT-SAINTE-MAXENCE 2,2020-06-24,5.9,NFU,2.604164303,49.302897335
AY000273,PONT DU CHATEAU (ISLE),2020-06-24,12.0,NFU,1.032761915,45.441371369
BQ000023,LOIRE ANDREZIEUX,2020-06-24,7.9,NFU,4.278384596,45.537010649
AW000729,TRAOU LEGUER,2020-06-24,22.0,NFU,-3.447545407,48.553343354
AS000789,LA FEUILLADE,2020-06-24,1.1,NFU,2.135314187,45.560254343
04027850,ALLIER à LAMOTHE,2020-06-24,2.7,NFU,3.397704443,45.321307369
03162365,L'ARRE A AIRION 1,2020-06-24,10.0,NFU,2.414714977,49.424467732
03126055,L'AUBETTE A TESSANCOURT-SUR-AUBETTE 2,2020-06-24,13.0,NFU,1.908525711,49.013393298
01137000,LA NOYE À DOMMARTIN (80),2020-06-24,8.1,NFU,2.38961955,49.800951554
01137500,LA LUCE À THENNES (80),2020-06-24,3.0,NFU,2.462517216,49.809520574
04215500,DON à GUEMENE-PENFAO,2020-06-24,8.5,NFU,-1.859812202,47.628592013
02092000,LA FENSCH A FLORANGE,2020-06-24,4.1,NFU,6.152269774,49.328209319
02030350,L'EHN A BLAESHEIM,2020-06-24,8.0,NFU,7.606930718,48.502588622
02085700,L'YRON A JARNY (DROITAUMONT-VILLAGE),2020-06-24,7.9,NFU,5.875727448,49.14239281
02085600,L'YRON A SAINT-BENOIT-EN-WOEVRE,2020-06-24,28.1,NFU,5.797622757,48.989655473
02036265,LE MUHLBACH A BREUSCHWICKERSHEIM,2020-06-24,35.8,NFU,7.608965003,48.577535024
02086300,LE RAWE A VALLEROY,2020-06-24,3.7,NFU,5.929498279,49.222397843
02093100,LA MOSELLE A MANOM,2020-06-24,8.3,NFU,6.207120722,49.37180932
06195000,ARC (13) A AIX-EN-PROVENCE 1,2020-06-24,3.1,NFU,5.347920012,43.505728895
06128620,GARDON DE STE CROIX A STE-CROIX-VALLEE-FRANCAISE ,2020-06-24,0.52,NFU,3.75054294,44.175449611
06127300,GRABIEUX A ST-MARTIN-DE-VALGALGUES ,2020-06-24,5.4,NFU,4.08872807,44.151425084
06106684,VEORE A ETOILE-SUR-RHONE 2,2020-06-24,6.7,NFU,4.864939676,44.838509823
06110900,VEBRE A SAOU 3,2020-06-24,0.58,NFU,5.079992934,44.648322928
06194800,ARC (13) A ROUSSET 1,2020-06-24,8.9,NFU,5.617187312,43.471910865
06114800,BORNE A ST-LAURENT-LES-BAINS 2,2020-06-24,1.1,NFU,3.982833218,44.600453592
03245640,LA SEULLINE A SAINT-LOUET-SUR-SEULLES 1,2020-06-24,13.0,NFU,-0.665714259,49.095822498
03037660,LE RUISSEAU DE VÉZINNES A VEZINNES 2,2020-06-24,8.2,NFU,3.947247533,47.893948607
03076742,L'YVETTE A LONGJUMEAU 1,2020-06-24,4.8,NTU,2.292241249,48.695261645
03246220,LA MUE A ROTS 1,2020-06-24,30.0,NFU,-0.477791696,49.211643912
03129440,LE MORTEAU A BOUE 1,2020-06-24,13.0,NFU,3.706324893,50.008113712
03037145,LE RUISSEAU DE VAU DE CHAUSAY A VILLIERS LES HAUTS 1,2020-06-24,1.1,NFU,4.189839358,47.737416212
AS001631,PIGEON BLANC,2020-06-24,3.9,NFU,1.524762152,45.19136894
AY000282,AUVEZERE,2020-06-24,12.0,NFU,1.233638025,45.425341342
AW000400,LE YAR,2020-06-24,4.2,NFU,-3.6204152,48.655198161
01137100,LA NOYE À LA FALOISE (80),2020-06-24,6.2,NFU,2.342736048,49.698364647
04712004,LE JAUNAY AMONT A VENANSAULT,2020-06-24,35.0,NFU,-1.573391871,46.682498881
02036000,LA BRUCHE A HOLTZHEIM,2020-06-24,8.6,NFU,7.637348958,48.559021834
04662019,SAINTE CATHERINE A LE LANDREAU,2020-06-24,52.8,NFU,-1.270050033,47.223369826
04027800,ALLIER à VIEILLE-BRIOUDE,2020-06-24,3.8,NFU,3.408299743,45.261236317
02088000,L'ORNE A JOEUF (AVAL),2020-06-24,3.2,NFU,6.021015915,49.229944368
02030500,L'EHN A GEISPOLSHEIM (B),2020-06-24,9.5,NFU,7.686553479,48.513466356
02086500,LE WOIGOT A BRIEY,2020-06-24,9.9,NFU,5.934211324,49.248084122
03246130,LA THUE A AMBLIE 1,2020-06-24,300.0,NFU,-0.490792652,49.29127061
02032000,LA BRUCHE A GRESSWILLER,2020-06-24,4.9,NFU,7.436695059,48.535256694
06342100,RUISSEAU DE L'OURNE A TORNAC,2020-06-24,2.5,NFU,3.967243628,44.02276909
03129380,LE MORTEAU A LE NOUVION-EN-THIERACHE 1,2020-06-24,4.3,NFU,3.751759273,50.009371711
06109050,DROME A CHARENS 2,2020-06-24,3.5,NFU,5.505186134,44.566883116
03041000,LA BRENNE A SAINT-REMY 1,2020-06-24,5.6,NFU,4.295802407,47.639700084
03130270,L'OISE A RIBEMONT 1,2020-06-24,5.2,NFU,3.473395023,49.811028856
CZ000764,ANNET SUR MARNE 1,2020-06-24,2.3,NFU,2.709959921,48.92583365
BV000113,PRISE D'EAU DE PINEL,2020-06-24,3.2,NFU,0.568023477,44.463504115
CE000276,LE DEVERSOIR (BLAVET),2020-06-24,5.1,NFU,-2.965491892,48.071397579
04711001,LE LIGNERON A  SOULLANS,2020-06-24,61.0,NFU,-1.907618067,46.749603439
04662013,BARDOU A LE LOROUX-BOTTEREAU,2020-06-24,9.0,NFU,-1.353973375,47.211805145
04711004,LA JAUNAY AVAL A GIVRAND,2020-06-24,33.0,NFU,-1.907905575,46.671166925
02085325,L'ORNE A GUSSAINVILLE,2020-06-24,9.3,NFU,5.681327109,49.171827715
02030450,LE VIEIL ERGELSENBACH A GEISPOLSHEIM,2020-06-24,6.6,NFU,7.665870285,48.502358785
02031650,LE NETZENBACH A LUTZELHOUSE,2020-06-24,0.5,NFU,7.230208633,48.516583325
02084900,LE RUISSEAU DE TREMERY A AY-SUR-MOSELLE,2020-06-24,15.6,NFU,6.203738659,49.250030586
02093170,LA BIBICHE A VALMESTROFF,2020-06-24,8.8,NFU,6.248535665,49.360051518
02086200,L'ORNE A HATRIZE,2020-06-24,3.4,NFU,5.90184127,49.185039703
03130490,L'OISE A MEZIERES-SUR-OISE 1,2020-06-24,5.5,NFU,3.399296721,49.780558022
06153650,SASSE A BAYONS 1,2020-06-24,0.98,NFU,6.169339018,44.338340679
03129730,L'IRON A IRON 1,2020-06-24,5.0,NFU,3.659767929,49.957163562
06579000,GERVANNE A MONTCLAR-SUR-GERVANNE 2,2020-06-24,4.7,NFU,5.124491567,44.740429078
03041000,LA BRENNE A SAINT-REMY 1,2020-06-24,5.6,NFU,4.295802407,47.639700084
03162325,L'ARRE A VALESCOURT 1,2020-06-24,7.2,NFU,2.440128471,49.483657634
06114450,ARDECHE A VOGUE 1,2020-06-24,1.9,NFU,4.409444644,44.551302841
03135860,LE RUISSEAU FOSSÉ TRAXIN A PONTPOINT 1,2020-06-24,6.5,NFU,2.636917199,49.305661121
03246245,LA CHIRONNE A SECQUEVILLE-EN-BESSIN 1,2020-06-24,3.6,NFU,-0.492666285,49.22726671
BE000465,PRISE DE L'HOMOL,2020-06-24,0.93,NFU,3.943749552,44.33720502
CE000119,RIMAISON (BLAVET),2020-06-24,13.0,NFU,-2.994251268,47.973485161
DJ001774,LA VIENNE FAREBOUT,2020-06-24,4.2,NFU,1.508604893,45.849619321
CO000786,AIGUANEIX - ERR PUIGMAL,2020-06-24,0.1,NFU,2.056200552,42.417940248
O1025023,Etang de Naguilhes,2020-06-24,0.3,NFU,1.915827577,42.654634886
O1025023,Etang de Naguilhes,2020-06-24,0.4,NFU,1.915827577,42.654634886
01136000,LES TROIS DOMS À FONTAINE/MONTDIDIER (80),2020-06-24,3.8,NFU,2.52840586,49.669637901
04662022,CANAL DES BARDETS A DIVATTE-SUR-LOIRE,2020-06-24,36.6,NFU,-1.361388832,47.269600409
04174480,R PENZE À TAULE,2020-06-24,2.5,NFU,-3.923471987,48.586056065
04662014,GUEUBERT A VALLET,2020-06-24,18.6,NFU,-1.32339311,47.187444204
02089000,L'ORNE A ROSSELANGE,2020-06-24,1.2,NFU,6.065819408,49.253895576
02086900,LE RUISSEAU DE HOMECOURT A HOMECOURT,2020-06-24,10.0,NFU,5.995107258,49.222827087
02085853,LE LONGEAU RESTAURE A FRIAUVILLE (AVAL),2020-06-24,7.6,NFU,5.854879291,49.143807009
06114295,VOLANE A VALS-LES-BAINS 3,2020-06-24,2.2,NFU,4.363348593,44.671822715
06116625,ESTABLET A LA-CHARCE ,2020-06-24,2.2,NFU,5.454525745,44.473938038
06118500,RIEUTORT A VIALAS ,2020-06-24,0.86,NFU,3.878801414,44.330667386
06580274,LIGNE A CHAUZON 2,2020-06-24,1.4,NFU,4.324330746,44.492456148
03245665,LA SEULLES A ANCTOVILLE 2,2020-06-24,13.0,NFU,-0.650633919,49.125393488
03076799,L'YVETTE A LONGJUMEAU 2,2020-06-24,22.0,NTU,2.319520001,48.685175258
03126055,L'AUBETTE A TESSANCOURT-SUR-AUBETTE 2,2020-06-24,13.0,NFU,1.908525711,49.013393298
03246000,LA SEULLES A TIERCEVILLE 1,2020-06-24,4.0,NFU,-0.530410807,49.291411084
03245795,LE BORDEL A FONTENAY-LE-PESNEL 2,2020-06-24,44.0,NFU,-0.604943897,49.167970915
03246130,LA THUE A AMBLIE 1,2020-06-24,300.0,NFU,-0.490792652,49.29127061
03162240,LA BRÈCHE A ETOUY 1,2020-06-24,4.8,NFU,2.35701448,49.414997738
03162365,L'ARRE A AIRION 1,2020-06-24,10.0,NFU,2.414714977,49.424467732
03246525,LA GRONDE A ASNELLES 1,2020-06-24,15.0,NFU,-0.589777406,49.327996581
AY001937,LA ROCHILLE,2020-06-24,11.0,NFU,0.963002133,45.548533098
AW000694,L'URNE A MAGENTA,2020-06-24,7.7,NFU,-2.738705265,48.483213287
AL000249,LES TOUZES - BORALDE,2020-06-24,0.46,NFU,2.941850728,44.598092365
04215050,DON à JANS,2020-06-24,7.1,NFU,-1.570402413,47.618647428
01134500,L'AVRE À MOREUIL (80),2020-06-24,3.7,NFU,2.47657806,49.771330604
02086170,LE RUISSEAU DU FOND DE LA CUVE A JARNY (AVAL),2020-06-24,4.0,NFU,5.883300901,49.166349599
04423021,LIDENNE  A SALZUIT ,2020-06-24,3.2,NFU,3.504612146,45.205780947
04174480,R PENZE À TAULE,2020-06-24,2.5,NFU,-3.923471987,48.586056065
04215000,DON à ISSE,2020-06-24,9.4,NFU,-1.469246196,47.616286899
04662016,BAGUENAUD A LA HAIE-FOUASSIERE,2020-06-24,31.8,NFU,-1.392488506,47.175807046
03136000,L'OISE A PONT-SAINTE-MAXENCE 2,2020-06-24,5.9,NFU,2.604164303,49.302897335
06108000,DROME A DIE 1,2020-06-24,1.3,NFU,5.322805057,44.76833215
03126088,LA MONTCIENT A GAILLON-SUR-MONTCIENT 1,2020-06-24,16.0,NFU,1.900072572,49.013594913
03163000,LA BRÈCHE A RANTIGNY 1,2020-06-24,9.2,NFU,2.449166117,49.323720552
03129380,LE MORTEAU A LE NOUVION-EN-THIERACHE 1,2020-06-24,4.3,NFU,3.751759273,50.009371711
03136600,LE RHONY A RIEUX 1,2020-06-24,28.0,NFU,2.51736752,49.299875768
03037650,L'ARMANÇON A TRONCHOY 1,2020-06-24,1.5,NFU,3.936307728,47.914509188
03036970,LE RUISSEAU DE BORNANT A AISY-SUR-ARMANCON 1,2020-06-24,4.0,NFU,4.23355497,47.646990448
03246300,LA MUE A REVIERS 1,2020-06-24,5.6,NFU,-0.465179903,49.295562494
BK000243,LE BOUZANTEUIL,2020-06-24,14.0,NFU,1.43152749,46.651351848
04662012,BREIL A LE LOROUX-BOTTEREAU,2020-06-24,13.2,NFU,-1.373136778,47.227456795
04662017,BUTTE DE LA ROCHE A LE LOROUX-BOTTEREAU,2020-06-24,40.2,NFU,-1.374480958,47.219417398
04378003,CHERE A ST AUBIN DES CHATEAUX,2020-06-24,7.4,NFU,-1.5189512,47.707584598
04423007,LA SENOUIRE à FONTANNES,2020-06-24,1.5,NFU,3.413091978,45.274419233
02093200,LA KIESEL A THIONVILLE (ENCLAVE DE GARCHE),2020-06-24,1.6,NFU,6.186327129,49.389550477
04215503,RAU DES FORGES À AVESSAC,2020-06-24,9.2,NFU,-1.899427606,47.623448277
02086030,LE RUISSEAU DU FOND DE LA CUVE A JARNY,2020-06-24,10.5,NFU,5.890680806,49.143482921
02085810,LE LONGEAU RECTIFIE A BRAINVILLE,2020-06-24,21.1,NFU,5.804563295,49.131612671
02085400,L'ORNE A BONCOURT,2020-06-24,5.9,NFU,5.830459665,49.162439889
02089900,L'ORNE A RICHEMONT,2020-06-24,1.3,NFU,6.1700954,49.277379891
06153900,DURANCE A SISTERON 1,2020-06-24,8.0,NFU,5.934713026,44.214847304
06142450,DRAC BLANC A CHAMPOLEON ,2020-06-24,1.3,NFU,6.255194468,44.724880517
06128860,AMOUS A GENERARGUES ,2020-06-24,0.82,NFU,3.982777702,44.072909417
06194000,RUISSEAU DE LUYNES A AIX-EN-PROVENCE ,2020-06-24,12.0,NFU,5.422741517,43.479167907
06730455,RUISSEAU DE BAUME BARAGNE A CABRIES,2020-06-24,7.9,NFU,5.333329573,43.446692636
06580318,ANCELLE A MARSANNE ,2020-06-24,16.0,NFU,4.897488812,44.62625499
06115700,ARDECHE A ST-JULIEN-DE-PEYROLAS ,2020-06-24,0.77,NFU,4.597914602,44.283740319
06114875,CHASSEZAC A CHASSERADES ,2020-06-24,1.9,NFU,3.83435644,44.539500066
03245735,LE RUISSEAU DU COISEL A SAINT-VAAST-SUR-SEULLES 1,2020-06-24,19.0,NFU,-0.623402952,49.131496757
03135000,L'OISE A VERBERIE 1,2020-06-24,4.3,NFU,2.724166977,49.311824881
03076707,L'YVETTE A SAULX-LES-CHARTREUX 1,2020-06-24,6.0,NTU,2.27224886,48.696625488
03125500,LA SEINE A TRIEL-SUR-SEINE 1,2020-06-24,2.7,NFU,2.001149396,48.978489488
03129020,L'OISE A ERLOY 1,2020-06-24,3.5,NFU,3.828080624,49.910217749
03126000,LA SEINE A MEULAN 1,2020-06-24,4.1,NFU,1.907226554,48.999766343
03037576,LE CANAL DE BOURGOGNE A TONNERRE 1,2020-06-24,4.3,NFU,4.005570119,47.862177784
03076630,L'YVETTE A PALAISEAU 3,2020-06-24,2.0,NTU,2.232979054,48.701050736
01125700,LA SOMME CANALISÉE À CLÉRY SUR SOMME (80),2020-06-25,12.0,NFU,2.876112167,49.947485565
01140600,LE SAINT LANDON à SOUES (80),2020-06-25,15.0,NFU,2.054303252,49.956053703
02094973,LA SARRE BLANCHE A TURQUESTEIN-BLANCRUPT (AMONT STORINDAL),2020-06-25,1.6,NFU,7.059310834,48.585059659
06111555,JABRON A COMPS-SUR-ARTUBY ,2020-06-25,0.65,NFU,6.501751776,43.743847946
06113270,BERRE A VALAURIE 1,2020-06-25,1.3,NFU,4.767548138,44.413984987
03144735,LE RUISSEAU DES BARENTONS A BARENTON-CEL 1,2020-06-25,4.0,NFU,3.647252634,49.635077705
03122103,LA BIÈVRE A LES LOGES-EN-JOSAS 1,2020-06-25,6.4,NFU,2.144943529,48.769780348
03264000,L'AY A LESSAY 1,2020-06-25,11.0,NFU,-1.474532267,49.202467091
06160500,VERDON A CASTELLANE 2,2020-06-25,3.7,NFU,6.441099512,43.805437219
03144475,LE VILPION A MARCY-SOUS-MARLE 1,2020-06-25,7.2,NFU,3.740464362,49.737425294
03123026,LA BIÈVRE A MASSY 1,2020-06-25,3.5,NFU,2.25268811,48.738051115
AM000563,SAINT-EUTROPE,2020-06-25,0.6,NFU,5.373234705,43.500965374
BM001652,POURSOLLET,2020-06-25,0.26,NFU,5.93820681,45.104903787
01132000,LE CANAL DU NORD À ALLAINES (80),2020-06-25,7.4,NFU,2.93824883,49.961844746
04109605,ARGANCE à DURTAL,2020-06-25,8.2,NFU,-0.243926365,47.696333996
04103960,AUTHION à BEAUFORT-EN-VALLEE,2020-06-25,10.0,NFU,-0.204866424,47.40134017
01120000,LA SOMME RIVIÈRE À BRAY SUR SOMME (80),2020-06-25,1.2,NFU,2.718176995,49.936695652
04146825,RAU DE GESVRES à VIGNEUX-DE-BRETAGNE,2020-06-25,1.9,NFU,-1.725300525,47.327975222
02094800,LE RUISSEAU D'ALTBACH A BEYREN-LES-SIERCK,2020-06-25,6.9,NFU,6.305804538,49.470400972
03250430,LA SOULEUVRE A CARVILLE 1,2020-06-25,9.2,NFU,-0.888959115,48.947045847
03171880,LA VAUCOULEURS A VILLETTE 2,2020-06-25,5.9,NFU,1.692040381,48.927454966
03122008,LA BIÈVRE A VERRIERES-LE-BUISSON 1,2020-06-25,10.0,NFU,2.229481058,48.745962695
02098200,L'EICHEL A WALDHAMBACH,2020-06-25,7.4,NFU,7.205742261,48.913385578
02095600,LA SARRE A SARRALTROFF,2020-06-25,10.1,NFU,7.059460266,48.772173617
06106250,BARBEROLLE A VALENCE 2,2020-06-25,7.8,NFU,4.935163399,44.951280365
06120560,AIGUILLON A GOUDARGUES 2,2020-06-25,4.7,NFU,4.465911072,44.182005387
02037335,LA SOUFFEL A STUTZHEIM-OFFENHEIM,2020-06-25,102.0,NFU,7.621092605,48.630298727
02094700,LE RUISSEAU D'OUDRENNE A KOENIGSMACKER,2020-06-25,8.7,NFU,6.310555861,49.39839347
02094979,LE RUISSEAU D'ABRESCHVILLER A ABRESCHVILLER,2020-06-25,0.9,NFU,7.129069126,48.605915239
06116620,OULE A REMUZAT 2,2020-06-25,4.1,NFU,5.355535562,44.414190591
03122630,LA RIGOLE DE GUYANCOURT A GUYANCOURT 1,2020-06-25,8.8,NFU,2.079817146,48.770726531
03144675,LA SOUCHE A FROIDMONT-COHARTILLE 1,2020-06-25,5.2,NFU,3.710439116,49.689773844
03248401,LA VIRE A TRUTTEMER-LE-GRAND 1,2020-06-25,9.6,NFU,-0.828550064,48.784067122
03143835,LE RUISSEAU DE SOIZE A MONTCORNET 1,2020-06-25,2.8,NFU,4.036821579,49.688644161
03250797,LA RIVIÈRE DE JACRE A DOMJEAN 2,2020-06-25,15.0,NFU,-1.06270034,48.998239116
03163400,LE THERAIN A SONGEONS 1,2020-06-25,14.0,NFU,1.829895082,49.548754268
CE000250,KEREVEN (SCORFF),2020-06-25,2.5,NFU,-3.424784715,47.841910392
02097000,L'ALBE A SARRALBE,2020-06-25,14.0,NFU,7.011231273,48.982603843
02037472,LE KOLBSENBACH A PFETTISHEIM (AVAL),2020-06-25,92.4,NFU,7.655531245,48.657087106
02098800,L'EICHEL A OERMINGEN,2020-06-25,7.9,NFU,7.13021896,49.00029933
02098300,LE GRENTZBACH A WALDHAMBACH,2020-06-25,17.6,NFU,7.225408738,48.934801513
06700075,BEVERA A MOULINET 1,2020-06-25,2.4,NFU,7.415355449,43.965109188
06175320,BERRE A PORTEL-DES-CORBIERES 1,2020-06-25,0.73,NFU,2.899611997,43.049843593
06129550,DROUDE A BRIGNON ,2020-06-25,74.0,NFU,4.217290192,43.992027924
03041165,L'ARMANCE A LES LOGES-MARGUERON 1,2020-06-25,6.4,NFU,4.104611877,48.079648755
03122920,Le ru de Vauhallan à VAUHALLAN 1,2020-06-25,12.0,NFU,2.211642008,48.733019957
03122640,LA RIGOLE DES GRANGES A SACLAY 1,2020-06-25,19.0,NFU,2.175617583,48.734206745
03041348,LE LANDION A VANLAY 1,2020-06-25,2.8,NFU,4.012971292,48.030101853
03127001,LE RU DE FONTENAY A ISSOU 1,2020-06-25,25.0,NFU,1.777719222,48.989487988
03265600,LA SIENNE A LA BALEINE 1,2020-06-25,16.0,NFU,-1.296099825,48.934782746
03143225,LA SERRE A LE FRETY 2,2020-06-25,9.1,NFU,4.259269838,49.734515082
03144440,LA BRUNE A HOURY 1,2020-06-25,11.0,NFU,3.851470199,49.781383722
03121600,LA BIEVRE A GUYANCOURT 2,2020-06-25,4.8,NFU,2.064517023,48.778621784
03081001,LE RUISSEAU DE RUNGIS A FRESNES 1,2020-06-25,6.9,NFU,2.318907541,48.749915193
K091410,RETENUE DE VILLEREST à CORDELLE,2020-06-25,38.0,NFU,4.054226534,45.917020864
04104300,RAU DES AULNAIES À CORNÉ,2020-06-25,19.0,NFU,-0.326574792,47.463104343
02037350,LA SOUFFEL A GRIESHEIM-SUR-SOUFFEL,2020-06-25,65.8,NFU,7.665230787,48.63289243
02037450,LE LEISBACH A PFULGRIESHEIM,2020-06-25,54.5,NFU,7.66796026,48.64336389
02094000,LA CANNER A KOENIGSMACKER,2020-06-25,9.0,NFU,6.272594201,49.391663164
06700415,PAILLON A DRAP 2,2020-06-25,0.92,NFU,7.316408242,43.749192832
06162000,DURANCE A ST-PAUL-LES-DURANCE ,2020-06-25,3.2,NFU,5.719218382,43.696820312
06120000,AUZON A RIVIERES ,2020-06-25,1.0,NFU,4.263439259,44.224636867
06121000,CEZE A CHUSCLAN ,2020-06-25,3.2,NFU,4.678936455,44.147298562
03041285,LE RUISSEAU DE MONTIGNY A MONTIGNY 1,2020-06-25,16.0,NFU,3.957021924,48.079547455
06180500,CANAL DE LA ROBINE A GRUISSAN ,2020-06-25,21.0,NFU,3.030844093,43.122126674
03265993,L'AIROU A VER 2,2020-06-25,8.9,NFU,-1.387725158,48.897917102
03144245,LE CHERTEMPS A GERCY 1,2020-06-25,4.7,NFU,3.860496663,49.818077299
03163300,LE THERAIN A HERICOURT-SUR-THERAIN 2,2020-06-25,6.6,NFU,1.758347481,49.581532082
03250475,LA VIRE A MALLOUE 1,2020-06-25,8.0,NFU,-0.964850652,48.936150176
03144595,LA SOUCHE A CHIVRES-EN-LAONNOIS 1,2020-06-25,1.2,NFU,3.834339091,49.625265635
03264965,LA SOULLES A NICORPS 1,2020-06-25,15.0,NFU,-1.405500698,49.038166939
BD000156,KERAVEN.,2020-06-25,4.7,NFU,-4.077390162,47.878185395
01000602,LA COLOGNE À BUIRE COURCELLES (80),2020-06-25,4.4,NFU,3.004429795,49.918964842
04103480,CHANGEON À BENAIS,2020-06-25,5.1,NFU,0.191938211,47.335791549
02094900,LA MOSELLE A SIERCK,2020-06-25,10.1,NFU,6.346834842,49.449069134
02094920,LE RUISSEAU D'APACH A APACH,2020-06-25,10.2,NFU,6.387451863,49.458635627
06580901,OUVEZE A BUIS-LES-BARONNIES 3,2020-06-25,3.6,NFU,5.275657666,44.27442426
02096900,LA SARRE A KESKASTEL,2020-06-25,8.1,NFU,7.038916586,48.969734853
06117220,LEZ A TAULIGNAN - LA CAILLONNE ,2020-06-25,0.61,NFU,4.983934899,44.423176548
06129700,GARD A DIONS 1,2020-06-25,3.3,NFU,4.281705407,43.945216221
03041348,LE LANDION A VANLAY 1,2020-06-25,2.8,NFU,4.012971292,48.030101853
06162600,DURANCE A LA-ROQUE-D'ANTHERON ,2020-06-25,3.9,NFU,5.364557167,43.71019251
06131910,CANAL DU RHONE A SAINT-GILLES 1,2020-06-25,21.0,NFU,4.404265955,43.636101783
03164218,LE RUISSEAU DU MOULINET A RAINVILLERS 1,2020-06-25,56.0,NFU,2.005269682,49.416977381
03168690,LE RUISSEAU DU LIEUTEL A NEAUPHLE-LE-VIEUX 1,2020-06-25,16.0,NFU,1.860979176,48.813156981
03122734,LA SYGRIE A BIEVRES 1,2020-06-25,24.0,NFU,2.222090469,48.755457922
03041247,LE RUISSEAU DE TRÉMAGNE A LA LOGE-POMBLIN 1,2020-06-25,18.0,NFU,4.01940767,48.056388146
DI000157,VAUX S/VIENNE- PR. EAU VIENNE,2020-06-25,1.6,NFU,0.559274743,46.910453753
01133000,L'ANCRE À BONNAY (80),2020-06-25,3.1,NFU,2.513905317,49.933359923
K091410,RETENUE DE VILLEREST à CORDELLE,2020-06-25,4.8,NFU,4.054226534,45.917020864
04103935,RIVEROLLE À MOULIHERNE,2020-06-25,17.0,NFU,-0.01145164,47.422470184
02094500,LA BOLER A GAVISSE,2020-06-25,2.3,NFU,6.284524873,49.433522094
02096950,L'ALBE A INSMING,2020-06-25,12.0,NFU,6.877591998,48.96434045
02037440,LE LEISBACH A TRUCHTERSHEIM,2020-06-25,41.5,NFU,7.60603844,48.652750198
02096975,LA MODERBACH A HOLVING,2020-06-25,8.0,NFU,6.965124382,49.016901117
03251190,LA VIRE A BAUDRE 1,2020-06-25,8.3,NFU,-1.092212395,49.086176671
02096400,L'ISCH A HIRSCHLAND,2020-06-25,2.4,NFU,7.115097619,48.8364794
03144675,LA SOUCHE A FROIDMONT-COHARTILLE 1,2020-06-25,5.2,NFU,3.710439116,49.689773844
03164180,L'AVELON A LACHAPELLE-AUX-POTS 1,2020-06-25,8.9,NFU,1.936695367,49.432331763
03041530,LE RUISSEAU DU SAUSSOI A ERVY-LE-CHATEL 1,2020-06-25,4.7,NFU,3.933705524,48.059933563
03041180,LE RU DE BREVANT AUX LOGES MARGUERON 1,2020-06-25,22.0,NFU,4.076229935,48.074808696
03164330,LE THERAIN A BEAUVAIS 1,2020-06-25,3.6,NFU,2.060985028,49.456460246
03122999,LE RUISSEAU DE VAUHALAN A VERRIERES-LE-BUISSON 1,2020-06-25,3.8,NFU,2.239316135,48.736500541
03164180,L'AVELON A LACHAPELLE-AUX-POTS 1,2020-06-25,8.9,NFU,1.936695367,49.432331763
01000990,LA NIÈVRE À BERTEAUCOURT LES DAMES (80),2020-06-25,3.6,NFU,2.145592908,50.046504336
01000976,L'ANCRE À DERNANCOURT (80),2020-06-25,4.0,NFU,2.625701226,49.970300423
02096000,LA SARRE A GOSSELMING,2020-06-25,12.6,NFU,7.003358822,48.792286307
02037435,LE LEISBACH A TRUCHTERSHEIM (SONNENBERG),2020-06-25,27.9,NFU,7.583716652,48.667252798
04104350,AUTHION à CORNE,2020-06-25,13.0,NFU,-0.353503973,47.46323285
02096500,L'ISCH A WOLFSKIRCHEN,2020-06-25,9.4,NFU,7.074268082,48.872584364
06580330,JABRON A MONTELIMAR ,2020-06-25,10.0,NFU,4.750150826,44.550912035
02096750,LE CANAL DES HOUILLERES DE LA SARRE A ALTWILLER,2020-06-25,14.5,NFU,7.011294573,48.911523519
06129950,ALZON A ST-MAXIMIN ,2020-06-25,4.6,NFU,4.441477858,43.982758758
03164285,L'AVELON A GOINCOURT 1,2020-06-25,9.7,NFU,2.039139983,49.422689283
03250430,LA SOULEUVRE A CARVILLE 1,2020-06-25,9.2,NFU,-0.888959115,48.947045847
06700070,ROYA A BREIL-SUR-ROYA 2,2020-06-25,2.3,NFU,7.531313176,43.891877081
03126704,LE RU DE SENNEVILLE A GUERVILLE 1,2020-06-25,5.4,NFU,1.748984053,48.946787835
03164285,L'AVELON A GOINCOURT 1,2020-06-25,9.7,NFU,2.039139983,49.422689283
03164178,LE RU DES MARTAUDES A ONS-EN-BRAY 1,2020-06-25,5.6,NFU,1.936607537,49.430578157
03164130,LA LIOVETTE A BEAUVAIS 1,2020-06-25,42.0,NFU,2.082682729,49.454727972
03143810,LE HURTAUT A NOIRCOURT 1,2020-06-25,11.0,NFU,4.092318267,49.665638645
03163750,LE PETIT THÉRAIN A ACHY 1,2020-06-25,1.9,NFU,1.982109356,49.546621268
AM000565,FONT-COUVERTE,2020-06-25,0.92,NFU,5.373234705,43.500965374
01002230,L'HALLUE À QUERRIEU (80),2020-06-25,9.7,NFU,2.434427426,49.935348581
01126000,LA SOMME CANALISÉE À CAPPY (80),2020-06-25,1.2,NFU,2.755544788,49.927461225
01119500,LA SOMME RIVIÈRE À BIACHES (80),2020-06-25,1.5,NFU,2.900163576,49.937381318
01119400,LA COLOGNE À DOINGT (80),2020-06-25,16.0,NFU,2.963177297,49.92305085
01002033,LA NIÈVRE À CANAPLES (80),2020-06-25,21.0,NFU,2.220980323,50.049008632
04590000,RAU DES LOGES A BRAIN-SUR-ALLONNES,2020-06-25,5.4,NFU,0.09972907,47.310596243
K091410,RETENUE DE VILLEREST à CORDELLE,2020-06-25,6.6,NFU,4.054226534,45.917020864
02095500,LA BIEVRE A SARREBOURG,2020-06-25,13.2,NFU,7.070665248,48.757580675
02093600,LA CANNER A HOMBOURG-BUDANGE,2020-06-25,7.7,NFU,6.341469325,49.278692351
06163900,CALAVON A CERESTE 2,2020-06-25,4.0,NFU,5.573008104,43.862619506
03144440,LA BRUNE A HOURY 1,2020-06-25,11.0,NFU,3.851470199,49.781383722
03144245,LE CHERTEMPS A GERCY 1,2020-06-25,4.7,NFU,3.860496663,49.818077299
06119000,CEZE A ST-AMBROIX 1,2020-06-25,1.2,NFU,4.211484813,44.251544604
03121712,LA BIÈVRE A GUYANCOURT 1,2020-06-25,2.6,NFU,2.100162436,48.776116297
03122610,LA RIGOLE DE FAVREUSE A VAUHALLAN 1,2020-06-25,12.0,NFU,2.18991135,48.739296627
03144280,LE VILPION A LUGNY 1,2020-06-25,9.1,NFU,3.808833538,49.779023414
03170100,LA MAULDRE A EPONE 1,2020-06-25,5.4,NFU,1.823740694,48.967727806
03122274,LE RU DE SAINT MARC A JOUY-EN-JOSAS 1,2020-06-25,5.8,NFU,2.163662816,48.763230015
AW000011,LE GUINDY A PONT SCOUL,2020-06-25,9.3,NFU,-3.236258806,48.810788123
CO004077,PRISE D'EAU LAC ESTANY GROS,2020-06-25,0.26,NFU,2.061873109,42.613478555
01141000,LE SCARDON À ABBEVILLE (80),2020-06-26,1.5,NFU,1.832769149,50.115175495
01138100,LA SELLE À MONSURES (80),2020-06-26,5.2,NFU,2.169729929,49.709241127
02037500,LA SOUFFEL A MUNDOLSHEIM,2020-06-26,33.5,NFU,7.726460336,48.640252995
04426023,LA VEYRE À AYDAT,2020-06-26,11.0,NFU,2.976589046,45.661126494
02112000,LA MEUSE A BRAS-SUR-MEUSE,2020-06-26,2.1,NFU,5.369278421,49.210788598
02037400,LA SOUFFEL A MUNDOLSHEIM (AMONT),2020-06-26,86.0,NFU,7.704429601,48.643531828
02106500,LA MEUSE A BASSONCOURT,2020-06-26,10.5,NFU,5.543803548,48.068172372
06097000,GIER A GIVORS ,2020-06-26,170.0,NFU,4.761189802,45.587502135
03165685,LE MOINEAU A BURY 1,2020-06-26,60.0,NFU,2.343258202,49.324501673
06100000,GERE A VIENNE ,2020-06-26,19.0,NFU,4.88015063,45.527469876
03165685,LE MOINEAU A BURY 1,2020-06-26,60.0,NFU,2.343258202,49.324501673
03165390,LE SILLET A HERMES 1,2020-06-26,17.0,NFU,2.242204211,49.351707202
03127235,LE RU DE BLERY A ROSNY-SUR-SEINE 1,2020-06-26,30.0,NFU,1.618970594,49.004754204
CX000217,MARNE A JOINVILLE,2020-06-26,2.9,NFU,2.472085783,48.82129336
01130000,LA SOMME CANALISÉE À CAMBRON (80),2020-06-26,5.1,NFU,1.780208101,50.122544399
01140500,AIRAINES (RIVIÈRE D') À LONGPRE LES CORPS SAINTS (80),2020-06-26,1.0,NFU,1.994840304,50.014662557
01000238,LA SELLE/SOMME À AMIENS (80),2020-06-26,3.1,NFU,2.278411029,49.904127487
01138300,LES ÉVOISSONS À BERGICOURT (80),2020-06-26,5.0,NFU,2.023008439,49.750256248
06095000,GIER A ST-CHAMOND 2,2020-06-26,25.0,NFU,4.527031859,45.482704928
06126600,RHONE A ARAMON ,2020-06-26,18.0,NFU,4.701598957,43.897761903
04030500,VEYRE à TALLENDE,2020-06-26,2.3,NFU,3.13075466,45.666235031
04136100,LOIRE à SAINT-GEREON,2020-06-26,13.0,NFU,-1.207889414,47.353714965
04426021,LA NARSE À SAULZET LE FROID,2020-06-26,2.9,NFU,2.895973816,45.643818628
02122800,LE VIROIN A VIREUX-MOLHAIN,2020-06-26,5.4,NFU,4.711540348,50.09161453
03165020,LE THERAIN A ROCHY-CONDE 2,2020-06-26,9.6,NFU,2.181150228,49.399346778
03165895,LE RUISSEAU DE CIRES A CIRES-LES-MELLO 1,2020-06-26,11.0,NFU,2.357331419,49.286877038
06131900,PETIT RHONE A SAINT-GILLES 1,2020-06-26,20.0,NFU,4.452986587,43.665933714
03032958,LE RU D'AISY A ANNAY-LA-COTE 1,2020-06-26,17.0,NFU,3.899397978,47.528243301
03144945,LE PERON A MESBRECOURT-RICHECOURT 1,2020-06-26,12.0,NFU,3.52785405,49.709626228
03132000,L'OISE A BEAUTOR 1,2020-06-26,5.5,NFU,3.349266143,49.648996228
03145000,LA SERRE A NOUVION-ET-CATILLON 1,2020-06-26,8.5,NFU,3.484264528,49.692222731
04136330,DONNEAU à PANNECE,2020-06-26,10.0,NFU,-1.246883762,47.476819639
06193800,VIEUX VISTRE A LE-CAILAR ,2020-06-26,30.0,NFU,4.241659579,43.614089519
06131550,RHONE A ARLES 2,2020-06-26,15.0,NFU,4.622915558,43.678911705
01001408,LA TRIE À CAHON (80),2020-06-26,4.1,NFU,1.734903999,50.129048726
04427018,RAU DES ASSATS A CHAURIAT,2020-06-26,3.4,NFU,3.270664702,45.735976576
04135900,LE CANAL DU MARAIS (GREE) A ANCENIS,2020-06-26,104.0,NFU,-1.166962411,47.372238774
04427019,RAU DES ASSATS A CHAURIAT,2020-06-26,44.0,NFU,3.269437101,45.734754847
02099800,LA BLIES A BLIES-GUERSVILLER,2020-06-26,9.6,NFU,7.08029864,49.148997707
02113000,LA MEUSE A SASSEY-SUR-MEUSE,2020-06-26,2.4,NFU,5.190955197,49.413341522
03165387,LE SILLET A HERMES 2,2020-06-26,15.0,NFU,2.239616302,49.34915058
03165560,LE RU DE LOMBARDIE A HONDAINVILLE 1,2020-06-26,17.0,NFU,2.302054664,49.346796613
03165295,LE THERAIN A HERMES 1,2020-06-26,5.1,NFU,2.245648785,49.35516264
03041600,L'ARMANCE A CHESSY-LES-PRES 1,2020-06-26,4.2,NFU,3.89496328,48.008388255
03029140,L'YONNE A LAROCHE-SAINT-CYDROINE 1,2020-06-26,2.6,NFU,3.484246048,47.962792697
03132260,L'OISE A CHAUNY 1,2020-06-26,2.6,NFU,3.223402213,49.605970347
03145185,LE RUISSEAU DE SAINT-LAMBERT A DANIZY 1,2020-06-26,4.4,NFU,3.410314224,49.673426908
03165339,LE RU DE BONCOURT A NOAILLES,2020-06-26,3.1,NFU,2.206149711,49.333962109
04426024,LA MONNE À TALLENDE,2020-06-26,4.1,NFU,3.130583285,45.663601584
02106750,LE MOUZON A VILLARS,2020-06-26,0.7,NFU,5.710230859,48.317334487
02106600,LA MEUSE A GONCOURT,2020-06-26,2.5,NFU,5.614773934,48.24056754
03029290,LE RAVILLON A CHAMPLAY 2,2020-06-26,9.4,NFU,3.449307181,47.949333173
06100900,RHONE A SERRIERES ,2020-06-26,2.6,NFU,4.76719711,45.318427055
03165560,LE RU DE LOMBARDIE A HONDAINVILLE 1,2020-06-26,17.0,NFU,2.302054664,49.346796613
03165200,LA TRYE A BAILLEUL-SUR-THERAIN 2,2020-06-26,3.1,NFU,2.244161001,49.369356219
03131000,L'OISE A CONDREN 2,2020-06-26,7.6,NFU,3.282333213,49.622948645
03038630,LE RUISSEAU DE LA BRUMANCE A VENIZY 1,2020-06-26,5.6,NFU,3.7166911,48.019625434
03165387,LE SILLET A HERMES 2,2020-06-26,15.0,NFU,2.239616302,49.34915058
AR000054,LE CHER A ST LAZARE,2020-06-26,3.0,NFU,2.086406308,47.241409918
DF005895,PRISE SCP BASSE SUANE,2020-06-26,0.63,NFU,6.615014356,43.365580621
01129000,LA SOMME CANALISÉE À ÉPAGNE (80),2020-06-26,4.6,NFU,1.872219283,50.068408079
04136910,RAU DE LA CHALANDIERE À MAUVES-SUR-LOIRE,2020-06-26,17.0,NFU,-1.41582361,47.316165105
04427000,RAU DES ASSATS À MEZEL,2020-06-26,74.0,NFU,3.2310997,45.752813748
02124000,LA MEUSE A GIVET,2020-06-26,2.1,NFU,4.824971715,50.16912003
04137000,LOIRE à SAINTE-LUCE-SUR-LOIRE,2020-06-26,23.0,NFU,-1.473215774,47.231615237
02001700,LE RHIN A GAMBSHEIM,2020-06-26,1.4,NFU,7.91977795,48.681533877
02116000,LA CHIERS A CARIGNAN,2020-06-26,14.3,NFU,5.133509709,49.652063934
02100830,LE SCHWALBACH A LOUTZVILLER,2020-06-26,5.8,NFU,7.36310449,49.145182806
02100150,LA SARRE A GROSBLIEDERSTROFF (AMONT),2020-06-26,16.4,NFU,7.041521339,49.146444956
06300400,SALAISON A MAUGUIO 2,2020-06-26,3.1,NFU,4.003845405,43.608159904
06098000,RHONE A CHASSE-SUR-RHONE ,2020-06-26,2.1,NFU,4.780833767,45.581239075
06131910,CANAL DU RHONE A SAINT-GILLES 1,2020-06-26,27.0,NFU,4.404265955,43.636101783
03128000,LA SEINE A BONNIERES-SUR-SEINE 1,2020-06-26,3.8,NFU,1.571974513,49.037038769
03038700,LE CRÉANTON A SAINT-FLORENTIN 1,2020-06-26,4.0,NFU,3.675132939,48.004761225
03127370,LA SEINE A MERICOURT 4,2020-06-26,3.8,NFU,1.611228878,49.021328188
01128000,LA SOMME CANALISÉE À AILLY SUR SOMME (80),2020-06-26,4.9,NFU,2.200673146,49.929299657
01127000,LA SOMME CANALISÉE À CAMON (80),2020-06-26,1.3,NFU,2.350707149,49.884431745
01001112,LA SOMME CANALISÉE À BOISMONT (80),2020-06-26,3.5,NFU,1.688360281,50.160519404
04030600,LA VEYRE OU LA MONNE à LES MARTRES-DE-VEYRE,2020-06-26,6.9,NFU,3.200207873,45.688709526
02100603,LA HORN A WALDHOUSE,2020-06-26,14.5,NFU,7.477883743,49.134397964
02109000,LA MEUSE A SAINT-MIHIEL,2020-06-26,2.1,NFU,5.541004992,48.870259669
02106800,LA SAONNELLE A VILLOUXEL,2020-06-26,2.9,NFU,5.586400691,48.342133185
02115000,LA MEUSE A REMILLY,2020-06-26,4.2,NFU,5.001385343,49.652728396
02118000,LA MEUSE A LUMES,2020-06-26,6.7,NFU,4.774963134,49.737950965
03141984,L'ARDON A ROYAUCOURT-ET-CHAILVET 1,2020-06-26,2.2,NFU,3.537971429,49.501453581
03165020,LE THERAIN A ROCHY-CONDE 2,2020-06-26,9.6,NFU,2.181150228,49.399346778
03141950,L'ARDON A CHIVY-LES-ETOUVELLES 1,2020-06-26,2.3,NFU,3.588788709,49.526040975
03141820,L'AILETTE A COLLIGIS-CRANDELAIN 1,2020-06-26,8.2,NFU,3.626446891,49.460933791
03041975,LE RUISSEAU DU BOUTOIS A SOUMAINTRAIN 1,2020-06-26,6.7,NFU,3.847723934,48.011473937
03038385,L'ARMANÇON A VERGIGNY 1,2020-06-26,1.4,NFU,3.717828832,47.984954807
04136400,HAVRE à OUDON,2020-06-26,5.9,NFU,-1.288282185,47.345706904
02099500,LA SARRE A SARREINSMING,2020-06-26,5.5,NFU,7.107935462,49.087051336
02037455,LE LEISBACH A LAMPERTHEIM,2020-06-26,82.5,NFU,7.699667975,48.646981865
06193700,VISTRE A ST-LAURENT-D'AIGOUZE ,2020-06-26,42.0,NFU,4.213695154,43.607161429
06195500,ARC (13) A BERRE-L'ETANG ,2020-06-26,10.0,NFU,5.132242834,43.504846268
06189675,MOSSON A LATTES ,2020-06-26,7.8,NFU,3.860128905,43.545056602
03127550,LE RU DE LA VALLÉE DU ROI A VETHEUIL 2,2020-06-26,17.0,NFU,1.70146004,49.064093206
03055490,Ru de Fontenoy à LALANDE,2020-06-26,6.7,NFU,3.314312442,47.679594927
03033321,LE CRESCENT A CHATELLUX-SUR-CURE 1,2020-06-26,14.0,NFU,3.893288885,47.378367728
01138500,LA RIVIÈRE DE POIX À FAMECHON (80),2020-06-26,6.9,NFU,2.041038019,49.76030276
04426022,LA MONNE À LE VERNET SAINTE MARGUERITE,2020-06-26,3.0,NFU,2.910486891,45.624128581
04135850,RAU DE GREE à MESANGER,2020-06-26,5.3,NFU,-1.171723325,47.430500374
02038000,L'ILL A LA WANTZENAU,2020-06-26,2.6,NFU,7.830923029,48.654604083
02100190,LE RUISSEAU DE LIXING A GROSBLIEDERSTROFF,2020-06-26,5.3,NFU,7.023564264,49.151998394
06130900,RHONE A BEAUCAIRE ,2020-06-26,11.0,NFU,4.650035818,43.804231026
06101000,DOLON A SABLONS ,2020-06-26,15.0,NFU,4.810229769,45.311281343
06101205,ORON A ST-BARTHELEMY ,2020-06-26,18.0,NFU,5.092645124,45.340755375
03038997,LE RU DE PREBELIN A MIGENNES 1,2020-06-26,1.2,NFU,3.537988662,47.974128261
03041669,LE RU GARDON A BERNON 1,2020-06-26,1.7,NFU,3.985037835,47.996256929
03131800,LE RIEU A TERGNIER 1,2020-06-26,2.9,NFU,3.29947089,49.667837602
03029290,LE RAVILLON A CHAMPLAY 2,2020-06-26,9.4,NFU,3.449307181,47.949333173
03141984,L'ARDON A ROYAUCOURT-ET-CHAILVET 1,2020-06-26,2.2,NFU,3.537971429,49.501453581
05201400,Les Gaves Réunis à Peyrehorade,2020-06-29,5.88,NFU,-1.10503443,43.54315553
05074100,Le Magudas au niveau de St Medard en Jalles,2020-06-29,8.7,NFU,-0.736363427,44.879365687
05059000,La Dordogne à Cenac,2020-06-29,2.0,NFU,1.204160284,44.805941762
05119902,Le Grand Mortarieu à Villemade,2020-06-29,5.0,NFU,1.282698053,44.077141318
05097200,Le Lander au niveau de Saint Flour,2020-06-29,1.0,NFU,3.112954144,45.029664329
05060900,La Dordogne à St-Julien de Lampon,2020-06-29,1.5,NFU,1.356820407,44.865942327
05230600,Le Gabas au niveau de Ger,2020-06-29,4.6,NFU,-0.092482269,43.251718267
05138000,Le Thoré à St-Amant Soult,2020-06-29,0.62,NFU,2.463361908,43.488070349
05069230,La Tarentaine au niveau de Champs sur Tarentaine,2020-06-29,1.0,NFU,2.558607667,45.411171877
05055900,La Loyre au lieu-dit Chassagnac,2020-06-29,27.0,NFU,1.438027305,45.217792564
05167008,Le Grand Hers en amont de la Vixiège,2020-06-29,4.6,NFU,1.735724241,43.199969465
05158280,Le Peyrencou au niveau de Loubens-Lauragais,2020-06-29,14.0,NFU,1.798080619,43.581808156
05002500,La Boutonne aux Vinçons,2020-06-29,8.0,NFU,-0.773419944,45.921383988
05129000,Le Tarn à Montauban,2020-06-29,2.8,NFU,1.290171446,44.053672094
05067800,La Dordogne en aval de Monceaux sur Dordogne,2020-06-29,2.62,NFU,1.912837722,45.057551401
05063150,Le Ruisseau d'Orgues à Gagnac sur Cère,2020-06-29,2.5,NFU,1.887627187,44.952308295
05167550,Le Countirou à Mirepoix,2020-06-29,1.3,NFU,1.877736597,43.084239025
05145200,Le Dourdou à Vabres l'Abbaye,2020-06-29,4.3,NFU,2.840236148,43.951256158
05013000,La Charente à Merpins,2020-06-29,2.5,NFU,-0.396893346,45.685187712
05060940,La Borrèze à Malherbes,2020-06-29,5.6,NFU,1.461356169,44.920750951
05157850,L'Hers Mort à Salle sur l'Hers,2020-06-29,11.0,NFU,1.792623484,43.295172598
05014190,La Boème à Nersac,2020-06-29,5.2,NFU,0.052678464,45.622338569
05125230,Le Liort au niveau de Pradinas,2020-06-29,2.1,NFU,2.247359807,44.236536223
05042080,L'Auvézère à Ségur-le-Chateau,2020-06-29,15.0,NFU,1.30788423,45.428810173
05180295,Le Nert en aval de Rivèrenert,2020-06-29,1.0,NFU,1.197705399,42.956800285
05119030,Le ruisseau de Bartac à Moissac,2020-06-29,3.7,NFU,1.116258025,44.108075759
05056000,La Vézère à St-Viance,2020-06-29,13.0,NFU,1.451513854,45.218070386
05162800,Le Canal de St-Martory en amont du L'Herm,2020-06-29,3.8,NFU,1.195596911,43.405632365
05021650,La Tardoire à Champagnac,2020-06-29,9.7,NFU,0.909529897,45.708721215
05191000,La Leyre à Lamothe,2020-06-29,8.7,NFU,-0.996250824,44.626376171
05234050,Le Lys au niveau de Montaner,2020-06-29,1.4,NFU,-0.008577474,43.357524447
05060500,La Germaine à Grolejac,2020-06-29,7.0,NFU,1.285269308,44.822984903
05145900,Le Tarn au niveau de Peyre,2020-06-29,0.79,NFU,2.997877152,44.088893048
05129070,Le Tescou en aval de Saint Nauphary,2020-06-29,9.7,NFU,1.390547037,43.989029897
05171900,L'Ariège en aval de Foix,2020-06-29,1.3,NFU,1.627535316,43.046799726
05109900,La Sole à Larroque,2020-06-29,4.1,NFU,0.475270048,43.31589498
05157150,La Seillonne au niveau de Dremil Lafage,2020-06-29,43.0,NFU,1.616522682,43.584866574
05126060,L'Alzou à Villefranche de Rouergue,2020-06-29,9.9,NFU,2.04549409,44.350282415
05095100,Le Créneau à Nauviale,2020-06-29,1.7,NFU,2.448384638,44.490411017
05173350,L'Aston à Aston,2020-06-29,2.5,NFU,1.675611891,42.773894131
05129073,Le Tescounet au moulin de la Ganguise,2020-06-29,30.0,NFU,1.483818747,43.9449958
05229100,Le Midour à Lannemaignan,2020-06-29,18.0,NFU,-0.221506617,43.901613211
05157750,L'Hers Mort à Renneville,2020-06-29,7.6,NFU,1.714998187,43.377680817
05055960,Le Pont Sauvé au niveau de Vignols,2020-06-29,14.0,NFU,1.432837537,45.334979446
05006880,Le Bramerit en aval de Grandjean (Lieu-dit Chez Ferret),2020-06-29,3.4,NFU,-0.644330792,45.864229714
05053010,Le Maumont Blanc à Ussac,2020-06-29,26.0,NFU,1.476505247,45.164739119
05125780,Le Vioulou en amont de Pareloup,2020-06-29,2.0,NFU,2.81140132,44.210149814
05069970,La Méouzette au niveau de Laroche Pres Feyt,2020-06-29,9.8,NFU,2.486890221,45.703166042
05147000,Le Tarn à l'amont de Millau,2020-06-29,0.74,NFU,3.086332525,44.102089631
05003000,La Boutonne à St-Jean d'Angély,2020-06-29,1.8,NFU,-0.623896319,45.952417209
05021500,La Tardoire à l'aval de Champagnac,2020-06-29,12.0,NFU,0.840502066,45.718139219
05004000,La Boutonne en amont de St-Jean d'Angély,2020-06-29,1.2,NFU,-0.495492963,45.934103298
05125260,Le Lieux à Castanet,2020-06-29,1.1,NFU,2.29732164,44.256310386
05145300,Le Dourdou en aval de Brusque,2020-06-29,1.1,NFU,2.938027231,43.789009474
04465008,CEPHONS A MOULINS-SUR-CEPHONS,2020-06-29,5.3,NFU,1.551849797,47.035687294
04454016,CHER A DREVANT,2020-06-29,8.3,NFU,2.523905662,46.690165408
06700175,LOUP A TOURRETTE-SUR-LOUP 6,2020-06-29,0.54,NFU,7.070682061,43.688497527
06710043,BRAS DES ARMENIERS A SORGUES ,2020-06-29,7.5,NFU,4.844246337,44.022555842
03143000,L'AILETTE A BICHANCOURT 1,2020-06-29,11.0,NFU,3.20926401,49.567164568
03247228,LA SOQUENCE A PLANQUERY 1,2020-06-29,10.0,NFU,-0.839022886,49.156151681
03247218,LE RUISSEAU DU VEY A CORMOLAIN 1,2020-06-29,19.0,NFU,-0.866447725,49.128751371
03132736,LA VERSE A GUISCARD 2,2020-06-29,5.7,NFU,3.02785936,49.650177504
AF001580,PRISE D'EAU DANS CANAL VESUBIE,2020-06-29,2.4,NFU,7.234334108,43.853935194
05061200,La Tourmente au niveau de St-Denis-lès-Martel,2020-06-29,5.05,NFU,1.64815079,44.927772701
05111350,La Baïsole à Sadournin,2020-06-29,7.4,NFU,0.441782546,43.322488123
05015000,La Charente au Pont de La Meure,2020-06-29,2.0,NFU,0.046875433,45.634351346
05111370,Le ruisseau le Leoup à Libaros,2020-06-29,2.6,NFU,0.411492759,43.266774361
05056850,Le Bradascou au niveau d'Uzerche,2020-06-29,13.0,NFU,1.556955408,45.430490933
05011490,Le Ruisseau des Fontaines Blanches à Lachaise,2020-06-29,12.0,NFU,-0.224037259,45.51498088
05167006,La Vixiège à Gaja La Selve,2020-06-29,6.4,NFU,1.902851289,43.188124216
05125750,Le Vioulou à Trémouilles,2020-06-29,3.1,NFU,2.661379046,44.259025739
05111100,La Baïse Darré à Lannemezan,2020-06-29,4.4,NFU,0.373964827,43.118270649
05155300,La Gesse au niveau de Boissède,2020-06-29,37.0,NFU,0.81655269,43.4144017
05200200,L'Adour à Urt,2020-06-29,15.6,NFU,-1.294733377,43.498685603
05142600,Le Tarn à Courris,2020-06-29,1.0,NFU,2.406419308,43.943011167
05056600,Le Brézou au niveau de Vigeois,2020-06-29,6.0,NFU,1.517105528,45.360713964
05218500,Le Gave de Pau en aval de Luz-Saint-Sauveur,2020-06-29,34.5,NFU,-0.034999867,42.906372372
05075250,Le Grand Estey au niveau de Haux,2020-06-29,4.1,NFU,-0.382438721,44.719857911
05111300,La Grande Baïse à Mirande,2020-06-29,25.0,NFU,0.411842232,43.515933647
05085000,La Lède à Soubirous,2020-06-29,16.3,NFU,0.691781122,44.460428353
05011000,Le Né à Saint Fort,2020-06-29,7.9,NFU,-0.309464764,45.574952252
05144000,Le Tarn à Brousse le Chateau,2020-06-29,1.2,NFU,2.621988744,43.9976086
05055970,La Loyre au niveau de Troche,2020-06-29,12.0,NFU,1.485023264,45.397480029
05173400,L'Ariège en aval d'Ax les Thermes,2020-06-29,1.1,NFU,1.793430488,42.738056158
05077350,Le Ruisseau de Barthos au niveau de Cudos,2020-06-29,6.1,NFU,-0.176720359,44.357820996
05109020,La Petite Baïse à l'Isle de Noé,2020-06-29,16.0,NFU,0.413504101,43.5875405
05169000,Le Grand Hers à Ste-Colombe,2020-06-29,1.4,NFU,1.967869997,42.954362152
05011600,Le Beau à Saint-Médard,2020-06-29,14.0,NFU,-0.139894117,45.512229215
05191180,Le ruisseau de Biard au niveau de Biganos,2020-06-29,7.7,NFU,-0.895560471,44.651334667
05145440,L'Annou à St Jean et St Paul,2020-06-29,0.38,NFU,3.074217247,43.929928672
05074580,La Jacotte au niveau de Floirac,2020-06-29,3.8,NFU,-0.518963703,44.819600189
05097000,Le Lander en aval de St-Flour,2020-06-29,1.0,NFU,3.122788584,45.021190329
05068485,Le Ruisseau des Farges à Ambrugeat,2020-06-29,3.3,NFU,2.119659019,45.536998248
05144500,Le Dourdou en aval de Saint Izaire,2020-06-29,3.7,NFU,2.701427105,43.991284319
05126050,Le Ruisseau de Notre Dame,2020-06-29,2.9,NFU,2.031511901,44.349169998
05209000,Le Gave de Pau en aval d'Orthez,2020-06-29,6.2,NFU,-0.824145413,43.490188046
05021110,La Tardoire au niveau de Montbron,2020-06-29,14.0,NFU,0.550576538,45.65905611
05068890,La Rhue à St-Thomas,2020-06-29,1.32,NFU,2.487624992,45.380974249
05061500,La Dordogne à Carennac,2020-06-29,2.51,NFU,1.743605132,44.915655835
05021800,Le Trieux au niveau de Champniers et Reilhac,2020-06-29,3.5,NFU,0.702565004,45.6694674
05202000,Le Gave d'Oloron à Sorde l'Abbaye,2020-06-29,2.29,NFU,-1.068283538,43.531747254
05145700,Le Cernon à Saint-Rome de Cernon,2020-06-29,2.9,NFU,2.964668153,44.036866054
05015900,La Touvre au Gond-Pontouvre,2020-06-29,2.2,NFU,0.160366429,45.669711338
05191200,La Leyre à Mios,2020-06-29,7.9,NFU,-0.944635533,44.604524756
05111400,La Baïse à Fontrailles,2020-06-29,12.0,NFU,0.392165155,43.347765056
05057140,Le Ruisseau des Maisons à Meymac,2020-06-29,2.5,NFU,2.063903433,45.582655029
05231390,Le Lourden au niveau de Renung,2020-06-29,3.0,NFU,-0.338748599,43.756769341
05214600,Le Lagoin à Assat,2020-06-29,1.76,NFU,-0.288572737,43.255646739
05006900,La Charente à Taillebourg,2020-06-29,4.0,NFU,-0.649150892,45.831982314
05155600,La Save à Espaon,2020-06-29,49.0,NFU,0.857501997,43.42106946
05166999,La Vixiège en amont de Belpech,2020-06-29,12.0,NFU,1.751341944,43.195383374
05068660,La Sumène au niveau de Bassignac,2020-06-29,2.04,NFU,2.407567604,45.301068042
05127470,La Brianelle au Monastère,2020-06-29,10.0,NFU,2.582057953,44.32545322
05012200,Le Ri Bellot au niveau de Cherves Richemont,2020-06-29,1.5,NFU,-0.3620431,45.733822533
05086280,Le Boudouyssou à Tournon d'Agenais,2020-06-29,2.4,NFU,0.995917193,44.394969329
05069245,Le Ruisseau de Neuffonds à Picherande,2020-06-29,2.3,NFU,2.789076737,45.46046734
05168000,Le Touyré à Léran,2020-06-29,1.7,NFU,1.896545668,42.989180371
05075000,La Garonne au Tourne,2020-06-29,77.0,NFU,-0.399540781,44.704195035
04465009,CEPHONS A LANGE,2020-06-29,6.1,NFU,1.526192435,47.062215063
02110000,LA MEUSE A DOMPCEVRIN,2020-06-29,0.6,NFU,5.495500876,48.930527789
02041000,LA MODER A INGWILLER,2020-06-29,2.0,NFU,7.481124902,48.878710038
03132736,LA VERSE A GUISCARD 2,2020-06-29,5.7,NFU,3.02785936,49.650177504
02110450,LE RUISSEAU DE RUPT A RANZIERES,2020-06-29,2.0,NFU,5.475426011,49.030320729
02110500,LE RUISSEAU DE RECOURT A VILLERS-SUR-MEUSE,2020-06-29,4.8,NFU,5.420255601,49.014587099
06700125,LOUP A COURMES ,2020-06-29,3.1,NFU,6.987062986,43.762548975
03142520,L'AILETTE A LANDRICOURT 2,2020-06-29,5.8,NFU,3.363188565,49.492666233
06209965,BOUILLIDE A BIOT 2,2020-06-29,1.3,NFU,7.06539993,43.619886497
06202000,GAPEAU A HYERES ,2020-06-29,5.1,NFU,6.165392987,43.130750421
03162000,LA VESLE A CHASSEMY 1,2020-06-29,9.3,NFU,3.479757041,49.373580331
03143000,L'AILETTE A BICHANCOURT 1,2020-06-29,11.0,NFU,3.20926401,49.567164568
03112870,LA VERDONNELLE A VERDON 2,2020-06-29,1.4,NFU,3.620876418,48.946446751
03247252,LE RUISSEAU DE LA VALLEE A CASTILLON 1,2020-06-29,10.0,NFU,-0.793562442,49.204559381
03042820,LE THOLON A CHAMPVALLON 1,2020-06-29,5.7,NFU,3.355020474,47.938334401
03105500,LA MARNE A REUIL 1,2020-06-29,2.5,NFU,3.797333954,49.08135845
03271415,LA CANCE A ROMAGNY 1,2020-06-29,31.0,NFU,-0.941232585,48.621232751
CC000062,PRISE D'EAU DE LUNEVILLE,2020-06-29,8.9,NFU,6.502323569,48.58464782
05180850,Le Salat en amont de Couflens,2020-06-29,1.1,NFU,1.184663924,42.750603008
05200300,La Joyeuse à Bardos,2020-06-29,7.36,NFU,-1.269311475,43.463740031
05069900,Le Chavanon à La Cellette,2020-06-29,9.0,NFU,2.507689789,45.639053129
05022080,Le Bandiat aux Jommelières,2020-06-29,4.6,NFU,0.569617344,45.554873781
05125863,Le Varayrous à Vézins de Lévézou,2020-06-29,2.7,NFU,2.90666252,44.291192239
05060000,La Cuze à Vitrac,2020-06-29,4.1,NFU,1.223340276,44.827863946
05192060,Le Ruisseau des Forges en aval d'Ychoux,2020-06-29,4.4,NFU,-0.995761628,44.328674709
05069248,La Tarentaine au niveau de Saint Donat,2020-06-29,2.2,NFU,2.710641565,45.452638509
05073000,La Garonne en aval de Bordeaux,2020-06-29,308.0,NFU,-0.544535746,44.948115129
05157900,L'Hers Mort à Payra sur l'Hers,2020-06-29,7.3,NFU,1.853381626,43.264256542
05189000,Le Canal du Porge à Cleyse-Vieille,2020-06-29,3.2,NFU,-1.136811783,44.873813073
05198750,La Nive à l'amont d'Ustaritz,2020-06-29,1.77,NFU,-1.450935797,43.391729573
05007400,Le Coran en amont immédiat de St Bris des Bois,2020-06-29,1.6,NFU,-0.488249629,45.772260456
05200200,L'Adour à Urt,2020-06-29,13.3,NFU,-1.294733377,43.498685603
05237000,La Nivelle en aval de St-Pée,2020-06-29,2.55,NFU,-1.560732054,43.355706379
05073800,La Jalle de Blanquefort à Bordeaux,2020-06-29,5.3,NFU,-0.561062929,44.913608714
05126000,L'Aveyron à Floirac,2020-06-29,6.4,NFU,2.001092635,44.285613077
05111450,La Baïse à Trie sur Baïse,2020-06-29,18.0,NFU,0.370698736,43.316552367
05042071,La Boucheuse au niveau de Montgibaud,2020-06-29,7.1,NFU,1.405449378,45.522646524
05111360,La Baïsole au niveau de Campuzan,2020-06-29,13.0,NFU,0.416261367,43.265898506
05154100,La Gimone à Boulogne sur Gesse,2020-06-29,14.0,NFU,0.630919964,43.292238629
05167007,Le Ruisseau de Gélade à Ribouisse,2020-06-29,2.8,NFU,1.908934491,43.183688042
05015800,L'Anguienne au Lion de St-Marc,2020-06-29,5.5,NFU,0.18629014,45.630265347
05013200,La Charente à St-Brice,2020-06-29,1.1,NFU,-0.284586054,45.68806928
05021120,La Tardoire à Eymouthiers,2020-06-29,4.3,NFU,0.56440695,45.66124811
05234023,Le Louet au niveau de Bentayou Seree,2020-06-29,7.0,NFU,-0.052885374,43.396435926
05135000,Le Thoré à Hauterive,2020-06-29,2.4,NFU,2.26033758,43.55678656
05167001,Le Ruisseau de Rigaud à Plaigne,2020-06-29,2.0,NFU,1.808554234,43.175699505
05115550,La Gèze à Castelnau Magnoac,2020-06-29,5.8,NFU,0.535686658,43.327279294
05139000,L'Agout à Castres,2020-06-29,1.4,NFU,2.218637427,43.583578118
05069222,Le Tact en aval de Marchal,2020-06-29,1.9,NFU,2.610459906,45.409563108
05234280,L'Echez à Oursbelille,2020-06-29,2.9,NFU,0.046163187,43.286116033
05118790,L'Arrats à Casterets,2020-06-29,16.0,NFU,0.581182218,43.316606544
05216210,Le Gave de Pau à Rieulhes,2020-06-29,2.88,NFU,-0.142442932,43.102644458
05096400,L'Epie au niveau d'Oradour,2020-06-29,1.1,NFU,2.926558797,44.962439466
05128950,Le Ruisseau de Payrol à Barry d'Islemade,2020-06-29,47.0,NFU,1.266268737,44.075352039
05168100,Le Touyre à Montferrier,2020-06-29,0.83,NFU,1.793543669,42.894446288
05141000,Le Tarn en aval de Rabastens,2020-06-29,2.0,NFU,1.693817666,43.796049982
05139220,L'Agout entre Burlats et Castres,2020-06-29,1.2,NFU,2.27406573,43.631562466
05237900,L'Uhabia à Bidart,2020-06-29,15.6,NFU,-1.581586168,43.43214285
05167005,Le Ruisseau des Martinats à Gaja la selve,2020-06-29,0.89,NFU,1.906410151,43.190409277
05061100,L'Alzou au moulin de Picarel,2020-06-29,3.3,NFU,1.710008866,44.781733655
05157950,L'Hers Mort à Fonters-du-Razes,2020-06-29,6.3,NFU,1.921016123,43.241743026
05128000,L'Aveyron à Lugans,2020-06-29,5.1,NFU,2.888618524,44.366787788
05143990,L'Alrance à Brousse Le Chateau,2020-06-29,7.2,NFU,2.628391461,43.99655054
05042073,La Roubardie à Meuzac,2020-06-29,2.2,NFU,1.435620218,45.548649202
05220920,Le Luy de Béarn à Caubios Loos,2020-06-29,1.6,NFU,-0.423428859,43.413533069
05052540,La Couze à Chasteaux,2020-06-29,2.6,NFU,1.470106546,45.094857106
05119050,Le Lemboulas à Lunel,2020-06-29,28.0,NFU,1.203829773,44.136734896
05021105,La Renaudie au niveau de Rouzède,2020-06-29,19.0,NFU,0.560863689,45.706667544
05136000,L'Arnette à Mazamet,2020-06-29,1.3,NFU,2.382714477,43.501137162
05192008,"Le Castéra, à Mano",2020-06-29,6.5,NFU,-0.689887578,44.413532009
05138900,Le Thoré en amont de Labastide Rouairoux,2020-06-29,0.17,NFU,2.655246828,43.466717594
04146000,SEVRE NANTAISE à VERTOU,2020-06-29,1.5,NFU,-1.482249651,47.164969565
05228000,L'Estampon à Roquefort,2020-06-29,7.0,NFU,-0.324223499,44.034549482
05218250,Le Gave de Cauterets à Pierrefitte,2020-06-29,1.85,NFU,-0.07725034,42.956738211
05061230,Le Vignon à Strenquels,2020-06-29,1.2,NFU,1.631601545,44.987813553
05085950,La Lède à Lacapelle-Biron,2020-06-29,2.3,NFU,0.898060807,44.598466127
05060950,La Borrèze à Souillac,2020-06-29,1.8,NFU,1.457585287,44.897014937
04454008,CHER A BRUERE-ALLICHAMP,2020-06-29,4.2,NFU,2.406487189,46.788494472
02107890,LA MEHOLLE A SAUVOY (AMONT),2020-06-29,1.5,NFU,5.595371781,48.635967511
02110670,LE RUISSEAU DE BILLONNEAU A ANCEMONT,2020-06-29,4.6,NFU,5.379164676,49.072351688
02112150,LE RUISSEAU DE FORGES A BETHINCOURT,2020-06-29,3.3,NFU,5.248802046,49.253109866
03143100,LE RUISSEAU DU PONCEAU A BOURGUIGNON-SOUS-COUCY 1,2020-06-29,21.0,NFU,3.154021026,49.539163188
03142520,L'AILETTE A LANDRICOURT 2,2020-06-29,5.8,NFU,3.363188565,49.492666233
03029470,L'YONNE A CEZY 1,2020-06-29,1.7,NFU,3.34402388,47.993965296
03029910,RU DE MONTGERIN À MARSANGY,2020-06-29,1.9,NFU,3.252328418,48.112099963
05076000,La Garonne à Cadillac,2020-06-29,49.0,NFU,-0.325392596,44.635263121
05061300,La Sourdoire en aval de Vayrac,2020-06-29,13.5,NFU,1.67093197,44.934620991
05125850,Le Viaur au niveau de Recoules,2020-06-29,3.1,NFU,2.801461093,44.307975145
05179500,Le Lez à Saint-Girons,2020-06-29,1.4,NFU,1.140859881,42.986057684
05228280,La Douze à Mauvezin d'Armagnac,2020-06-29,30.0,NFU,-0.150326614,43.956830434
05192024,La Grande Leyre à Pissos,2020-06-29,3.7,NFU,-0.754859967,44.341312924
05178200,Le Lens en amont de Tourtouze,2020-06-29,6.0,NFU,1.120698324,43.086735445
05167010,Le Grand Hers à Vals,2020-06-29,4.5,NFU,1.744972207,43.09806599
05022070,La Doue au Bourdeix,2020-06-29,6.3,NFU,0.609862029,45.57231338
05216130,Le Béez au niveau d'Asson,2020-06-29,3.5,NFU,-0.262746145,43.167303325
05067000,La Dordogne à Brivezac,2020-06-29,1.85,NFU,1.843823665,45.023808851
05095110,L'Ady à Valady,2020-06-29,4.9,NFU,2.4277807,44.46221888
05053030,Le Maumont Noir au niveau de Ste Féréole,2020-06-29,23.0,NFU,1.578190569,45.242358826
05069980,Le Chavanon au niveau de Flayat,2020-06-29,4.2,NFU,2.413454286,45.804925918
05167950,Le Touyre en amont de l'Hers,2020-06-29,1.6,NFU,1.932144706,43.040627859
05068480,La Luzège en aval de Meymac,2020-06-29,2.0,NFU,2.144203344,45.518366949
05068912,La Petite Rhue au niveau de St Amandin,2020-06-29,1.53,NFU,2.663542768,45.351925516
05214320,L'Ousse à Barzun,2020-06-29,2.05,NFU,-0.127870721,43.213879682
05084000,Le Lot à Clairac,2020-06-29,3.0,NFU,0.381491045,44.358111686
05234200,Le Souy à Lagarde,2020-06-29,2.6,NFU,0.036659394,43.306560314
05229130,Le Ruisseau de la Saule au niveau de Magnan,2020-06-29,72.0,NFU,-0.128870596,43.773539243
05069000,La Dordogne à Bort les Orgues,2020-06-29,1.35,NFU,2.494678459,45.393612868
05230500,Le Gabas à Arrien,2020-06-29,1.3,NFU,-0.170758066,43.309226292
05125860,Le Viaur à Ségur,2020-06-29,4.5,NFU,2.838236221,44.296333618
05202150,Le Saleys à Salies de Béarn,2020-06-29,10.7,NFU,-0.968353244,43.472211245
05074920,Le Gat-Mort à Villagrains,2020-06-29,3.2,NFU,-0.606427574,44.55976089
05167002,Le Ruisseau du Py au niveau de Pecharic,2020-06-29,7.9,NFU,1.827068444,43.18219944
05106400,L'Osse à Miélan,2020-06-29,9.7,NFU,0.326811912,43.43222322
05130000,Le Tarn à Villemur,2020-06-29,1.5,NFU,1.499660287,43.867985532
05021750,Le Nauzon à Champniers-et-Reilhac,2020-06-29,8.5,NFU,0.722496987,45.69500629
05087000,Le Lot à Libos,2020-06-29,1.2,NFU,0.947212943,44.480519613
05069242,Le Ruisseau de Neuffonds au niveau de Saint Genès-Champespe,2020-06-29,2.2,NFU,2.725794783,45.436017958
05052550,La Couze au niveau de Larche,2020-06-29,4.6,NFU,1.412224513,45.115661588
01002021,LE LAC DU VAL JOLY à EPPE SAUVAGE (59),2020-06-29,13.0,NTU,4.133765083,50.114985724
05145100,La Sorgue à l'aval de St-Affrique,2020-06-29,1.3,NFU,2.838468981,43.955033427
04150830,VIE à LE POIRE-SUR-VIE,2020-06-29,4.1,NFU,-1.542538572,46.778984488
02041650,LA ZINSEL DU NORD A ZINSWILLER,2020-06-29,2.9,NFU,7.592574514,48.918549382
06125500,RHONE A AVIGNON 2,2020-06-29,2.5,NFU,4.800292078,43.951468493
03255650,LE LOZON A REMILLY-SUR-LOZON 1,2020-06-29,18.0,NFU,-1.246667433,49.177983476
06117500,AEYGUES A CADEROUSSE ,2020-06-29,2.2,NFU,4.718182732,44.126587516
03271415,LA CANCE A ROMAGNY 1,2020-06-29,31.0,NFU,-0.941232585,48.621232751
03247210,LA DRÔME A LA VACQUERIE 1,2020-06-29,16.0,NFU,-0.880906188,49.09051338
03272685,LA SÉLUNE A SAINT-AUBIN-DE-TERREGATTE 1,2020-06-29,96.0,NFU,-1.292782406,48.596183376
03255180,LA TAUTE A SAINT-SAUVEUR-LENDELIN 1,2020-06-29,9.4,NFU,-1.392949463,49.116582715
03152000,L'AISNE A CONDE-SUR-AISNE 1,2020-06-29,4.6,NFU,3.47521073,49.398577833
03269438,LA SÉE ROUSSE A SOURDEVAL 2,2020-06-29,4.6,NFU,-0.901617517,48.701055698
03042518,L'OCRE A SAINT-AUBIN-CHATEAU-NEUF 1,2020-06-29,6.6,NFU,3.344167625,47.824077646
03029710,L'YONNE A ARMEAU 2,2020-06-29,1.8,NFU,3.312186535,48.049353277
CM000315,LA NIVE,2020-06-29,3.31,NFU,-1.47068208,43.407170641
AU000522,GOLO + RESERVE DE GUAZZA,2020-06-29,0.73,NFU,9.409188976,42.511183646
AD000011,RETENUE DES COURTIENS,2020-06-29,0.43,NFU,6.607560162,44.248117679
CU000492,LA MARTINIERE,2020-06-29,11.0,NFU,-0.366820267,47.844184139
05139215,Ruisseau des Gourgs à Castres,2020-06-29,3.1,NFU,2.271097749,43.623354253
05218700,Le Gave de Pau en amont de Gavarnie,2020-06-29,17.2,NFU,-0.007806789,42.729686655
05015060,La Nouère à Cheneuzac,2020-06-29,0.48,NFU,0.082266701,45.645727471
05022020,Le Ruisseau de Varaignes à Varaignes,2020-06-29,4.9,NFU,0.540654287,45.600730633
05042085,Le Ruisseau d'Arnac à Arnac Pompadour,2020-06-29,14.0,NFU,1.3490465,45.417174908
05073100,Le Gua à Ambares et Lagrave,2020-06-29,2.1,NFU,-0.524607104,44.937573438
05231370,L'Adour à Borderes,2020-06-29,7.6,NFU,-0.375039599,43.770151397
05077000,Le Ciron à La Trave Préchac,2020-06-29,4.1,NFU,-0.34276003,44.410472583
05055950,La Loyre à Ceyrat,2020-06-29,17.0,NFU,1.413368654,45.303903879
05184710,La Berle au niveau de St Julien Beychevelle,2020-06-29,9.5,NFU,-0.751189462,45.136934284
05157800,L'Hers Mort à Saint-Michel-de-Lanès,2020-06-29,12.0,NFU,1.756975672,43.324997952
05076800,Le Ruisseau de la Hure (Grave) à St-Symphorien,2020-06-29,2.1,NFU,-0.492405955,44.422676763
05011400,Le Collinaud au niveau de Criteuil la Magdeleine,2020-06-29,9.9,NFU,-0.232142806,45.542775888
05057050,La Vézère en amont d'Uzerche,2020-06-29,12.0,NFU,1.58305655,45.417134634
05158200,La Vendinelle à Loubens-Lauragais,2020-06-29,8.3,NFU,1.799080259,43.546455286
05109000,La Grande Baïse en aval de la Petite Baïse,2020-06-29,43.0,NFU,0.402183803,43.657851042
05201030,La Bidouze au niveau de Came,2020-06-29,6.57,NFU,-1.111832584,43.465868954
05110000,La Petite Baïse à Puntous,2020-06-29,8.1,NFU,0.465526088,43.298656317
05238500,La Bidassoa à Biriatou,2020-06-29,1.85,NFU,-1.742049773,43.331681196
05053080,Le Clan à Ussac,2020-06-29,23.0,NFU,1.489868947,45.207698365
05130100,Le Souet à Bondigoux,2020-06-29,9.9,NFU,1.552072489,43.850422136
05157645,Le Ruisseau de Gardijol à Gardouch,2020-06-29,15.0,NFU,1.685830535,43.390466949
05069224,Le Taurons au niveau de Saint-Genès-Champespe,2020-06-29,2.0,NFU,2.716484822,45.395654118
05170950,L'Estrique de Saint-Victor en aval de Saint-Victor-Rouzau,2020-06-29,1.4,NFU,1.55758517,43.098688814
05095150,Le Dourdou amont Nauviale,2020-06-29,1.0,NFU,2.455303843,44.516282242
05055920,Le Roseix au niveau de Vars-sur-Roseix,2020-06-29,20.0,NFU,1.391382929,45.256037114
05184900,La Jalle de Castelnau à Moulis en Médoc,2020-06-29,5.7,NFU,-0.745113091,45.05601157
05074800,Le Saucats à La Brède,2020-06-29,5.0,NFU,-0.522761186,44.685741402
05111000,La Petite Baïse à Galan,2020-06-29,13.0,NFU,0.412662456,43.224771866
05229000,Le Midour au niveau de Bougue,2020-06-29,12.0,NFU,-0.390356886,43.896858847
05125900,Le Cassurex à Najac,2020-06-29,14.0,NFU,2.024572479,44.204987962
05068760,La Sarsonne en aval d'Ussel,2020-06-29,6.0,NFU,2.322530383,45.514811448
05167000,La Vixiège à Belpech,2020-06-29,12.0,NFU,1.750511707,43.198522384
05058120,La Beuze au niveau de Ste Foy de Belves,2020-06-29,14.0,NFU,1.030886954,44.743921594
05176900,Le Volp en amont de Contrazy,2020-06-29,2.4,NFU,1.186840623,43.044596766
05058100,La Nauze en amont de Siorac-en-Périgord,2020-06-29,3.7,NFU,0.998307376,44.814665332
05129150,Le Rieu Tort à Labastide St Pierre,2020-06-29,11.0,NFU,1.362810793,43.924166592
05022100,Le Bandiat au Pont de Villejaleix,2020-06-29,5.1,NFU,0.621238108,45.534087074
05021250,La Tardoire à Roussines,2020-06-29,7.2,NFU,0.630049792,45.714900775
05232350,Le Lees à Baleix,2020-06-29,3.0,NFU,-0.11569957,43.377179538
05155655,La Save au niveau de Montgaillard sur Save,2020-06-29,6.9,NFU,0.711917004,43.258616735
05074000,La Jalle de Blanquefort à Corbiac,2020-06-29,6.5,NFU,-0.710385262,44.888529583
05021700,Le Trieux au niveau de Bussiere Badil,2020-06-29,5.0,NFU,0.59808718,45.664674445
05056800,La Vézère en amont de Vigeois,2020-06-29,13.0,NFU,1.519341822,45.386140704
05180290,Le Salat en amont de St-Girons,2020-06-29,0.87,NFU,1.160945683,42.975158383
05012000,L'Antenne à Javrezac,2020-06-29,1.5,NFU,-0.356851642,45.700268658
05119040,Le Lembous en aval du Moulin de Lalande,2020-06-29,7.7,NFU,1.176619578,44.137366045
05157670,Le Marès au niveau d'Avignonet Lauragais,2020-06-29,21.0,NFU,1.774101034,43.379086096
04475008,ECHANDON A TAUXIGNY,2020-06-29,6.4,NFU,0.835474219,47.191216462
02107800,L'AROFFE A RIGNY SAINT-MARTIN,2020-06-29,0.6,NFU,5.716494248,48.603483961
04074647,ECHANDON à SAINT-BRANCHS,2020-06-29,7.7,NFU,0.818748834,47.247515151
02041750,LE SCHWARZBACH A REICHSHOFFEN,2020-06-29,4.6,NFU,7.672309797,48.943406869
02110050,L'HAMBOQUIN A DOMPCEVRIN,2020-06-29,1.5,NFU,5.492104602,48.929752759
03271965,L'AIRON A LES LOGES-MARCHIS 2,2020-06-29,9.0,NFU,-1.078132316,48.554117361
03247228,LA SOQUENCE A PLANQUERY 1,2020-06-29,10.0,NFU,-0.839022886,49.156151681
06710035,AEYGUES A ORANGE 2,2020-06-29,2.9,NFU,4.80107308,44.159305962
06123150,AUZON A CARPENTRAS 2,2020-06-29,14.0,NFU,5.081100123,44.061063158
03143100,LE RUISSEAU DU PONCEAU A BOURGUIGNON-SOUS-COUCY 1,2020-06-29,21.0,NFU,3.154021026,49.539163188
03271965,L'AIRON A LES LOGES-MARCHIS 2,2020-06-29,9.0,NFU,-1.078132316,48.554117361
06121500,RHONE A ROQUEMAURE ,2020-06-29,12.0,NFU,4.768910675,44.071809603
03105946,LA SEMOIGNE A VERNEUIL 1,2020-06-29,35.0,NFU,3.674500487,49.092432803
03029630,RU D'OCQ A ST JULIEN DU SAULT,2020-06-29,2.0,NFU,3.267605632,48.02395082
DE000056,TARN A REYNIES,2020-06-29,3.36,NFU,1.413368839,43.928369164
05021050,La Tardoire en amont de Montbron,2020-06-29,8.2,NFU,0.501980929,45.678529496
05120000,L'Aveyron à Loubéjac,2020-06-29,7.0,NFU,1.348030494,44.082827476
05234980,L'Adour à Aurensan,2020-06-29,2.8,NFU,0.090838628,43.304521567
05069225,Le Gabacut au niveau de Saint-Genès-Champespe,2020-06-29,2.2,NFU,2.743962864,45.393018887
05135100,Le Thoré à Labruguière,2020-06-29,2.0,NFU,2.264755717,43.54026079
05021000,La Tardoire à Vouthon,2020-06-29,6.0,NFU,0.462003739,45.670247781
05231500,L'Adour à Cazères,2020-06-29,5.4,NFU,-0.317144358,43.755988658
05191150,Le Lacanau à Biganos,2020-06-29,7.7,NFU,-0.961274995,44.629799136
05167003,La Vixiège en aval de Ribouisse,2020-06-29,6.4,NFU,1.881031563,43.184211896
05217150,Le Gave de Pau en amont de Lourdes,2020-06-29,3.15,NFU,-0.04938631,43.086237332
05055940,Le Mayne à Grand Guillaume,2020-06-29,9.2,NFU,1.357079559,45.356949584
05074700,Le ruisseau de Moulinan à Quinsac,2020-06-29,2.3,NFU,-0.502587808,44.760459137
05056900,Le Bradascou à Meilhards,2020-06-29,12.0,NFU,1.675177497,45.561545331
05126100,L'Aveyron à La Valette,2020-06-29,1.9,NFU,2.274956779,44.37165784
05228500,Le Bergon au niveau de Réans,2020-06-29,44.0,NFU,0.014853807,43.863844574
05013150,Le Tourtrat au niveau de Reparsac,2020-06-29,2.4,NFU,-0.241974252,45.721478645
05085524,La Leyze à Savignac-sur-Leyze,2020-06-29,3.8,NFU,0.804306926,44.491274873
05076450,L'Arec à Pujols sur Ciron,2020-06-29,0.6,NFU,-0.352495219,44.563710775
05125000,Le Viaur à Lagarde Viaur,2020-06-29,2.9,NFU,2.059514224,44.175317977
05157550,La Rivel à Baziège,2020-06-29,9.1,NFU,1.594926497,43.462748566
05106350,L'Osse à Monclar,2020-06-29,22.0,NFU,0.335757933,43.530565537
05069220,La Tarentaine en aval de Champs-sur-Tarentaine,2020-06-29,1.23,NFU,2.539006288,45.380657149
05128050,Le Tantayrou en amont de Lapanouse,2020-06-29,0.3,NFU,3.019773608,44.358200823
05227000,La Douze à St-Avit,2020-06-29,9.2,NFU,-0.451105692,43.942517293
05068020,Le Ruisseau du Peyret,2020-06-29,3.41,NFU,1.989489783,45.053050395
05119000,Le Tarn à Moissac,2020-06-29,6.2,NFU,1.102034196,44.091354789
05063000,La Cère à Bretenoux,2020-06-29,3.6,NFU,1.838447619,44.916327508
05145410,Le Verzolet en amont de Versols,2020-06-29,0.5,NFU,2.960133937,43.902048257
05106650,L'Auzoue au niveau de Bassoues,2020-06-29,40.0,NFU,0.230220988,43.586081091
05143000,Le Rance à Plaisance,2020-06-29,1.3,NFU,2.544500156,43.926214483
05013100,La Soloire à la prairie de Varaize,2020-06-29,4.1,NFU,-0.270708766,45.709562669
05077945,Le ruisseau de Carpouleyre à Brouqueyran,2020-06-29,14.0,NFU,-0.162450421,44.475980488
05095305,L'Auze au niveau de Cassaniouze,2020-06-29,5.1,NFU,2.395575253,44.670458717
05172800,Le ruisseau de Lauzate en amont de St-Paul-de-Jarrat,2020-06-29,2.9,NFU,1.666355261,42.894920658
01002022,LA MARE À GORIAUX à RAISMES (59),2020-06-29,23.0,NTU,3.433811212,50.395177099
04160365,CANAL DE CURE à NUAILLE-D'AUNIS,2020-06-29,3.1,NFU,-0.942400297,46.227165925
04465007,CEPHONS A MOULINS-SUR-CEPHONS,2020-06-29,1.2,NFU,1.581292541,46.997899427
04074647,ECHANDON à SAINT-BRANCHS,2020-06-29,2.5,NFU,0.818748834,47.247515151
02106875,LA VRAINE A REMOVILLE,2020-06-29,4.7,NFU,5.840146522,48.357636487
02106850,LE VAIR A BELMONT-SUR-VAIR,2020-06-29,1.5,NFU,5.902048997,48.253930026
06209000,SIAGNE A PEGOMAS 2,2020-06-29,1.6,NFU,6.928606683,43.588642498
03042820,LE THOLON A CHAMPVALLON 1,2020-06-29,5.7,NFU,3.355020474,47.938334401
06209970,BRAGUE A BIOT 3,2020-06-29,0.98,NFU,7.100958237,43.621477691
03108098,LA MARNE A AZY-SUR-MARNE 1,2020-06-29,4.7,NFU,3.368982784,49.0000649
03271000,LA SÉE A TIREPIED,2020-06-29,58.0,NFU,-1.261783681,48.709066551
03142640,LE RU RENAULT A COUCY-LE-CHATEAU-AUFFRIQUE 1,2020-06-29,9.5,NFU,3.288334185,49.51424849
BD000570,DOURON_,2020-06-29,2.8,NFU,-3.639228865,48.554075231
DN000134,PRISE D'EAU DE VIRY,2020-06-29,4.2,NFU,2.372480892,48.668663229
05058928,Le Céou au niveau de Decagnac,2020-06-29,0.58,NFU,1.357523553,44.691704637
05014100,La Claix à Badorit,2020-06-29,5.0,NFU,0.045084215,45.594024718
05013700,L'Anqueville à Graves-St-Amant,2020-06-29,10.0,NFU,-0.111116825,45.644331617
05076050,Le Ciron dans sa partie aval,2020-06-29,3.1,NFU,-0.306355231,44.597719918
05055150,Le Douyge en amont de Saint-Augustin,2020-06-29,1.8,NFU,1.864017958,45.435372729
05097500,Le Lander à Gaymond,2020-06-29,1.7,NFU,3.061141757,45.057346669
05133100,Le Dadou à Larroque,2020-06-29,0.94,NFU,2.316885583,43.76627867
05131000,L'Agout à St-Sulpice,2020-06-29,2.1,NFU,1.688112674,43.776631492
05234250,Le Mardaing au niveau d'Ibos,2020-06-29,4.3,NFU,0.00115494,43.233655451
05057150,La Vézère à Orlianges,2020-06-29,2.9,NFU,1.95620189,45.61187546
05229135,Le Midour au niveau de Laujuzan,2020-06-29,44.0,NFU,-0.096271904,43.814636339
05097750,Le Ruisseau de La Roche,2020-06-29,1.2,NFU,3.212008745,44.983690477
05087880,Le Ruisseau de Lestancou au niveau de Cuzorn,2020-06-29,6.8,NFU,0.931794765,44.520665063
05231430,Le Ruisseau de Gioulé à Cazeres sur l'Adour,2020-06-29,14.0,NFU,-0.316095177,43.762325191
05068355,Le Doustre au Pont de la Chapelle,2020-06-29,5.48,NFU,1.950681906,45.132924014
05069250,La Tarentaine au niveau de Picherande,2020-06-29,13.0,NFU,2.744828768,45.474512781
05068270,La Souvigne en aval d'Argentat,2020-06-29,5.18,NFU,1.927303248,45.088307793
05068920,La VÃ©ronne en aval de Riom-Ã¨s-Montagnes (Amont du Rhue de ,2020-06-29,2.03,NFU,2.66555164,45.306638848
05095000,Le Dourdou à Grand Vabre,2020-06-29,1.2,NFU,2.355843884,44.631971781
05234060,Le Lys au niveau de Tarasteix,2020-06-29,1.8,NFU,-0.016060591,43.323016494
05145600,Le Tarn à St-Rome du Tarn,2020-06-29,1.1,NFU,2.902239594,44.05806847
05068640,La Sumène en amont de Valette,2020-06-29,10.4,NFU,2.605224233,45.261059775
05162600,Le Touch à Bérat,2020-06-29,100.0,NFU,1.17363407,43.38402718
05170800,Le Crieu à Ventenac,2020-06-29,2.9,NFU,1.729007645,43.01791274
05142500,Le Tarn à Ambialet,2020-06-29,1.2,NFU,2.377311287,43.945189158
05127400,L'Aveyron à La Gascarie,2020-06-29,2.8,NFU,2.558513004,44.347415244
05237000,La Nivelle en aval de St-Pée,2020-06-29,2.95,NFU,-1.560732054,43.355706379
05192100,L'Escource en aval de Saint Paul en Born,2020-06-29,2.4,NFU,-1.180278381,44.230410585
05126150,La Maresque à Rignac,2020-06-29,1.5,NFU,2.288886248,44.370758482
05192014,La Petite Leyre à Belhade,2020-06-29,6.3,NFU,-0.673633862,44.375055861
05053085,Le Ruisseau de l'Etang Grele au niveau de Sadroc,2020-06-29,17.0,NFU,1.542192881,45.261797944
05057098,La Soudaine à Soudaine Lavinadière,2020-06-29,9.1,NFU,1.737827376,45.558934128
05068750,La Diège à l'aval d'Ussel,2020-06-29,4.8,NFU,2.327070341,45.512227288
05180550,L'Arac à Biert,2020-06-29,1.4,NFU,1.31495054,42.897536664
05215100,Le Gave de Pau à Assat,2020-06-29,3.89,NFU,-0.307930577,43.244161519
05058935,Le Bléou en aval de Gourdon,2020-06-29,4.9,NFU,1.37739666,44.706045205
05010950,Le Né à Ars,2020-06-29,2.9,NFU,-0.379766741,45.640187068
05068907,Le Taurons au niveau de Trémouille,2020-06-29,3.7,NFU,2.678515653,45.390779198
05131200,Le Dadou au niveau de Peyrières,2020-06-29,2.8,NFU,1.824413935,43.746598563
05056700,La Vézère à l'aval de Vigeois,2020-06-29,14.0,NFU,1.511892993,45.376495544
05042074,La Valentine à Coussac Bonneval,2020-06-29,6.7,NFU,1.327372934,45.505929311
05145650,Le Muze à St Beauzely,2020-06-29,4.1,NFU,2.965484291,44.172412823
05144250,L'Alrance à Alrance,2020-06-29,4.3,NFU,2.677680097,44.127841218
05068300,La Dordogne à Argentat,2020-06-29,3.12,NFU,1.940292634,45.091763811
02111500,LA SCANCE A VERDUN,2020-06-29,0.6,NFU,5.36761176,49.162386389
02041230,LE WAPPACHGRABEN A OBERMODERN-ZUTZENDORF,2020-06-29,7.5,NFU,7.561860425,48.844389894
02107000,LA MEUSE A BRIXEY-AUX-CHANOINES,2020-06-29,1.4,NFU,5.70420645,48.472530385
02107600,L'AROFFE A AROFFE,2020-06-29,3.8,NFU,5.899394552,48.401007823
06124750,SORGUE D'ENTRAIGUES A ENTRAIGUES 2,2020-06-29,2.7,NFU,4.924943077,44.012577277
03247252,LE RUISSEAU DE LA VALLEE A CASTILLON 1,2020-06-29,10.0,NFU,-0.793562442,49.204559381
06118000,MEYNE A ORANGE 1,2020-06-29,8.1,NFU,4.785814588,44.111110973
06207000,GISCLE A COGOLIN 1,2020-06-29,6.8,NFU,6.552417257,43.254499779
03029798,LE RU GALANT A VILLENEUVE-SUR-YONNE 1,2020-06-29,5.0,NFU,3.345076569,48.067164182
03030000,L'YONNE A VERON 1,2020-06-29,5.3,NFU,3.294475148,48.134606968
03255650,LE LOZON A REMILLY-SUR-LOZON 1,2020-06-29,18.0,NFU,-1.246667433,49.177983476
CL000010,ESU LA RODARIE,2020-06-29,2.9,NFU,3.767110514,45.556937304
05042095,L'Auvézère en amont de Lubersac (Les Quatre Moulins),2020-06-29,12.0,NFU,1.393525668,45.460511731
05061900,La Bave à Pauliac,2020-06-29,3.88,NFU,1.785272475,44.894057961
05134000,L'Agout à Ambrès,2020-06-29,1.6,NFU,1.822229465,43.724256315
05085545,La Rètge au niveau de Boudy de Beauregard,2020-06-29,12.3,NFU,0.666394858,44.536535561
05127900,La Serre à Pierrefiche,2020-06-29,2.8,NFU,2.928585595,44.43667471
05057100,La Vézère à l'aval de Treignac,2020-06-29,4.9,NFU,1.788116546,45.537963788
05086000,Le Lot à Casseneuil,2020-06-29,1.3,NFU,0.619754815,44.441244591
05135300,Le Thoré à Rigautou,2020-06-29,1.1,NFU,2.376410199,43.518286038
05088130,La Thèze au niveau de Montcabrier,2020-06-29,2.0,NFU,1.070645723,44.543711469
05125800,Le Viaur en aval de Pont de Salars,2020-06-29,1.8,NFU,2.716960152,44.279975889
05013900,La Charente à St-Simeux,2020-06-29,1.6,NFU,-0.026172483,45.621866773
05180700,Le Garbet en amont d'Aulus les Bains,2020-06-29,0.22,NFU,1.376866325,42.776351064
05115600,Le Gers en aval d'Aries-Espénan,2020-06-29,9.9,NFU,0.542102913,43.283505043
05068905,Le Ruisseau de Gabacut au niveau de Trémouille,2020-06-29,0.85,NFU,2.68324359,45.357205606
05157510,Le Tissier à Montlaur,2020-06-29,22.0,NFU,1.574851925,43.47472413
05125200,Le Lézert au Port de la Besse,2020-06-29,2.2,NFU,2.196776095,44.163176976
05011500,Le Né à La Magdeleine,2020-06-29,9.7,NFU,-0.190523555,45.521796246
05137000,L'Arn au Pont de l'Arn,2020-06-29,1.3,NFU,2.40866972,43.503621051
05007600,La Seugne au Château Renaud,2020-06-29,1.2,NFU,-0.536477788,45.594717207
05218000,Le Gave de Pau à Préchac,2020-06-29,3.56,NFU,-0.079292776,42.995650178
05085540,La Gardonne à Saint-Eutrope-de-Born,2020-06-29,9.1,NFU,0.69608856,44.557153099
05061110,La Trémenouze à Rueyres,2020-06-29,8.45,NFU,1.846943743,44.750827875
05120005,La Tauge à Albias,2020-06-29,11.0,NFU,1.406086054,44.083867757
01002023,L'ÉTANG DU VIGNOBLE à VALENCIENNES (59),2020-06-29,1.1,NTU,3.499488765,50.344425567
05148000,La Dourbie au niveau de Monna,2020-06-29,0.57,NFU,3.13749258,44.107257641
05067950,La Maronne à l'Hôpital,2020-06-29,2.85,NFU,1.939721691,45.071587732
05221600,Le Luy de France à Barinque,2020-06-29,5.1,NFU,-0.284032824,43.404165132
05157600,Le Visenc à Baziège,2020-06-29,12.0,NFU,1.626050795,43.449560442
05226050,Le Geloux au niveau de Garein,2020-06-29,5.8,NFU,-0.649665364,44.050752632
05166998,Le Rifaudès au niveau de Belpech,2020-06-29,6.5,NFU,1.770368445,43.195152042
05133000,Le Dadou à Réalmont,2020-06-29,1.8,NFU,2.175346714,43.766559197
05129060,Le Tescou dans Montauban,2020-06-29,3.9,NFU,1.353944939,44.013060163
04454012,R CHER À VENESMES,2020-06-29,2.8,NFU,2.339124984,46.836578573
02107900,LA MEHOLLE A VOID-VACON,2020-06-29,0.6,NFU,5.611106269,48.664467745
02106862,LE VAIR A VOUXEY,2020-06-29,1.4,NFU,5.836494199,48.351530144
02041950,LA ZINSEL DU NORD A HAGUENAU,2020-06-29,3.8,NFU,7.730140362,48.835954801
02106900,LE VAIR A SOULOSSE,2020-06-29,1.9,NFU,5.733357876,48.402459219
06300092,GAPEAU A BELGENTIER 1,2020-06-29,0.7,NFU,6.000062518,43.244522714
06204550,ISSOLE A STE-ANASTASIE-SUR-ISSOLE ,2020-06-29,2.2,NFU,6.129410605,43.341500525
03272685,LA SÉLUNE A SAINT-AUBIN-DE-TERREGATTE 1,2020-06-29,96.0,NFU,-1.292782406,48.596183376
02111000,LA MEUSE A BELLERAY,2020-06-29,0.8,NFU,5.400288401,49.13293758
03132555,LE RU DE CAMELIN A BRETIGNY 1,2020-06-29,21.0,NFU,3.109751947,49.554561009
03030155,LE RU DE COLLEMIERS A GRON 1,2020-06-29,3.0,NFU,3.254918108,48.158727039
03112710,LE SURMELIN A CELLES-LES-CONDE 3,2020-06-29,3.4,NFU,3.569816932,49.008928009
CL000007,ESU LE CHOMET,2020-06-29,14.0,NFU,3.767110514,45.556937304
05119080,Le Lemboulas au Pont de Bonnet,2020-06-30,8.2,NFU,1.334357275,44.180478278
05181200,Le Job au droit de Juzet d'Izaut,2020-06-30,0.51,NFU,0.740996546,42.981999128
05047300,La Seyze à Lembras,2020-06-30,9.2,NFU,0.551914567,44.891282197
05155150,La Boulouze à Endoufielle,2020-06-30,90.0,NFU,1.038579489,43.574976332
05134300,L'Agout à Vielmur,2020-06-30,1.9,NFU,2.092440495,43.618140027
05065500,La Jordanne en amont de Mandailles-St-Julien,2020-06-30,0.81,NFU,2.670124384,45.079565118
05106000,L'Osse à Mouchan,2020-06-30,63.0,NFU,0.293487379,43.905870618
05163440,La Saundrune en amont de la Garonne,2020-06-30,12.0,NFU,1.423091162,43.543713847
05075800,Le Ruisseau de Machique à Ladaux,2020-06-30,6.0,NFU,-0.241383516,44.698398443
05235060,Le canal d'Alaric à Rabastens-de-Bigorre,2020-06-30,2.9,NFU,0.143776111,43.375697787
05114500,Le Gers à Lectoure,2020-06-30,220.0,NFU,0.623789947,43.921932016
05175400,La Garonne au Pont vieux de Muret,2020-06-30,6.1,NFU,1.327566713,43.45805307
05152555,Le ruisseau du Pest au niveau de Ste Anne,2020-06-30,110.0,NFU,0.959815541,43.750665056
05170750,Le Crieu au niveau de Saverdun,2020-06-30,1.4,NFU,1.595890635,43.22594987
05158142,Le ruisseau de Conné au niveau de Verfeil,2020-06-30,44.0,NFU,1.655957938,43.670763303
05214000,Le Gave de Pau à Lescar,2020-06-30,4.01,NFU,-0.453179178,43.318758882
05050000,La Vézère à Thonac,2020-06-30,12.0,NFU,1.117335675,45.020287178
05134400,Le Sor en aval de Revel,2020-06-30,2.2,NFU,1.992900902,43.47464446
05199700,La Nive à Ascarat,2020-06-30,1.62,NFU,-1.259588495,43.200790251
05083350,La Canaule à Longueville,2020-06-30,6.8,NFU,0.224750609,44.473977414
05071300,La Mortagne en amont de Tauves,2020-06-30,3.5,NFU,2.633922876,45.562362693
05114000,Le Gers amont confluent avec la Garonne,2020-06-30,410.0,NFU,0.673086844,44.118468565
05234009,L'Arros au niveau d'Armentieux,2020-06-30,4.6,NFU,0.116929854,43.519478461
05124000,Le Cérou à Carmaux,2020-06-30,3.9,NFU,2.158656904,44.054609631
05234010,L'Arros en aval de Montégut,2020-06-30,2.4,NFU,0.205699882,43.387936851
05201020,Le Lihoury à Bidache,2020-06-30,3.48,NFU,-1.140005823,43.481102418
05175800,La Garonne à Marquefave,2020-06-30,7.9,NFU,1.244433271,43.317081905
05199800,La Nive en amont du Bastan à Bidarray,2020-06-30,1.8,NFU,-1.345419742,43.267904474
02045050,LA MODER A AUENHEIM,2020-06-30,16.0,NFU,8.00985605,48.809978834
02044300,LE LANDGRABEN A VENDENHEIM,2020-06-30,1.8,NFU,7.796429993,48.669128479
02104000,LA NIED ALLEMANDE A GUINGLANGE,2020-06-30,12.2,NFU,6.528112068,49.07375962
05162500,Le Touch en aval de Fonsorbes,2020-06-30,32.0,NFU,1.260271198,43.524037222
05063980,Le ruisseau de Gavanel,2020-06-30,3.98,NFU,2.27338572,44.894271354
05140500,La Vèbre en amont du lac de Laouzas,2020-06-30,0.79,NFU,2.802264935,43.66062029
05213000,Le Gave de Pau à Mourenx,2020-06-30,5.03,NFU,-0.586186421,43.385298717
05064750,Le Mamou dans sa partie aval,2020-06-30,5.26,NFU,2.453043094,44.904484976
05153950,La Gimone en aval de Gimont,2020-06-30,210.0,NFU,0.880986464,43.639342047
05068950,La Rhue à Condat- en- Feniers,2020-06-30,1.89,NFU,2.791787807,45.358450488
05163140,Le Bras inférieur Garonne dans Toulouse (rocade sud),2020-06-30,6.7,NFU,1.430782683,43.570552789
05106520,Le Ruisseau de Répassat au niveau de Montréal,2020-06-30,27.0,NFU,0.23289639,43.957211429
05069300,L'Etoile en aval de Bagnols,2020-06-30,0.83,NFU,2.629924886,45.496794645
05201050,La Bidouze à Biscay,2020-06-30,1.44,NFU,-1.051846388,43.400115836
05122720,La Zère,2020-06-30,3.5,NFU,2.080877878,44.046873699
05116530,La Garonne à Lafox,2020-06-30,9.6,NFU,0.707000154,44.157452132
05161950,Le Touch à St-Michel du Touch,2020-06-30,27.0,NFU,1.395626096,43.62079603
05120013,Le Candé au lieu dit Courtés,2020-06-30,12.0,NFU,1.549043917,44.178846316
05165150,La lèze au niveau de Beaumont sur Lèze,2020-06-30,12.0,NFU,1.350520249,43.380478349
02115200,LA CHIERS A LONGLAVILLE,2020-06-30,5.1,NFU,5.802822376,49.536889686
04449017,CHOISILLE A CERELLES,2020-06-30,11.0,NFU,0.690228897,47.50165961
04448000,R GAULT À CHATEAU-RENAULT,2020-06-30,4.7,NFU,0.912861757,47.590935727
04448039,GAULT A SAUNAY,2020-06-30,1.6,NFU,0.933555676,47.598669488
02104800,LA NIED FRANCAISE A LEMUD,2020-06-30,28.2,NFU,6.369666794,49.039358223
02115670,LA PIENNE A DOMPRIX (BERTRAMEIX),2020-06-30,4.6,NFU,5.772017261,49.336537596
06057200,TURDINE A L'ARBRESLE ,2020-06-30,8.4,NFU,4.601883606,45.837523805
03167820,LA NONETTE A COURTEUIL 1,2020-06-30,5.4,NFU,2.553564357,49.199300647
03254370,LA DOUVE A PICAUVILLE 2,2020-06-30,12.0,NFU,-1.369417448,49.358982754
03030550,RUISSEAU DES SALLES À COURTOIS SUR YONNE,2020-06-30,1.6,NFU,3.245028066,48.226021936
03168035,LA NONETTE A GOUVIEUX 1,2020-06-30,4.2,NFU,2.430172609,49.195525727
06163630,DURANCE A CAVAILLON 3,2020-06-30,6.2,NFU,5.016676964,43.835917134
06222410,REGINO A OCCHIATANA 2,2020-06-30,4.4,NFU,8.992734161,42.61996715
03167350,LA LAUNETTE A VER-SUR-LAUNETTE 1,2020-06-30,13.0,NFU,2.687841157,49.102721926
03166050,LE THERAIN A MAYSEL 1,2020-06-30,21.0,NFU,2.378094156,49.261985012
03085607,LA BONNELLE A LANGRES 1,2020-06-30,9.0,NFU,5.318499118,47.86845162
03085533,LA MARNE A LANGRES 1,2020-06-30,6.0,NFU,5.369656628,47.857381079
03031191,L'OREUSE A MICHERY 1,2020-06-30,19.0,NFU,3.216450862,48.301329964
03132827,LA VERSE A PONT-L'EVEQUE 1,2020-06-30,3.7,NFU,2.999734286,49.568470774
AT001791,FLEUVE SOLENZARA,2020-06-30,0.0,NFU,9.371386055,41.822736939
AD000599,PRES COMBAUX,2020-06-30,12.0,NFU,5.790475073,43.835914291
AM000572,VALLON D'OL,2020-06-30,2.4,NFU,5.407574825,43.360187584
05068948,La Santoire au niveau de Lavigerie,2020-06-30,0.79,NFU,2.757666124,45.14002693
05165250,La Lèze en aval de Lézat-sur-Lèze,2020-06-30,21.0,NFU,1.352138729,43.282966408
05068470,Le R. d'Egletons en aval d'Egletons,2020-06-30,2.5,NFU,2.078525452,45.41509752
05030000,La Dronne à Coutras,2020-06-30,2.8,NFU,-0.131489121,45.04035677
05068120,L'Etze au niveau de St Illide,2020-06-30,6.91,NFU,2.271050648,45.05065652
05051120,Le Coly à La Cassagne,2020-06-30,1.5,NFU,1.288926321,45.067726575
05181600,Le Ger à Boutx,2020-06-30,0.48,NFU,0.804923152,42.917018719
05234020,L'Echez à Maubourguet,2020-06-30,1.8,NFU,0.031170022,43.468186756
05046000,La Dordogne à Pessac,2020-06-30,2.5,NFU,0.077281637,44.820880236
05063350,Le Ruisseau d'Escalmels (CC. Peyratel ),2020-06-30,1.89,NFU,2.045555017,44.942520664
05038000,L'Isle à Bénevent,2020-06-30,3.2,NFU,0.246817807,45.029723524
05111620,L'Auvignon en aval de Castelnau-sur-l'Auvignon,2020-06-30,200.0,NFU,0.443655976,43.979093525
05234005,L'Arros en amont de Plaisance,2020-06-30,7.7,NFU,0.054444609,43.594150193
05069350,Le Ruisseau la Burande au niveau de Singles,2020-06-30,0.54,NFU,2.542470245,45.542126881
05233100,Le Bergons à Saint Mont,2020-06-30,4.5,NFU,-0.12329144,43.651136422
05068145,La Doire au niveau de St Cirgues de Malbert,2020-06-30,3.96,NFU,2.370348525,45.072962149
05163100,Le Bras inférieur Garonne dans Toulouse (Coubertin),2020-06-30,6.9,NFU,1.430186212,43.585122999
05112210,Le Mondot à Agen,2020-06-30,22.0,NFU,0.615622787,44.178195343
05165770,Le ruisseau de Tédèlou au niveau de Grepiac,2020-06-30,21.0,NFU,1.477223385,43.414637812
05080735,Le Couberieu à Villereal,2020-06-30,18.0,NFU,0.715786258,44.629432429
05122948,Le ruisseau de Ségrassiés au niveau de Pampelonne,2020-06-30,0.93,NFU,2.220612221,44.095481455
05122700,Le Cérou en amont de Salles,2020-06-30,2.8,NFU,2.046627104,44.068992906
05118710,L'Arrats à Aubiet,2020-06-30,330.0,NFU,0.777845358,43.642143183
05232000,Le Grand Lées en amont de l'Adour,2020-06-30,5.0,NFU,-0.238089377,43.67623451
05038100,L'Isle à Neuvic,2020-06-30,2.3,NFU,0.468657204,45.10732784
05050800,La Laurence en amont d'Auriac-du-Périgord,2020-06-30,14.0,NFU,1.123462254,45.109914706
05051500,L'Elle à Lavilledieu,2020-06-30,4.4,NFU,1.26858846,45.137660364
05229148,Le Petit Midour au niveau de Coulome-Mondebat,2020-06-30,15.0,NFU,0.14383715,43.641916437
05068650,La Triouzoune en aval de Neuvic,2020-06-30,5.5,NFU,2.291176056,45.363244682
05154600,Le Saint-Pierre à St Cézert,2020-06-30,70.0,NFU,1.186008879,43.784730775
05068475,Le Ruisseau de l'Etang de la Forêt à Darnets,2020-06-30,2.1,NFU,2.114792668,45.429978066
05178000,Le Salat à Roquefort,2020-06-30,2.5,NFU,0.968803704,43.157846306
05165255,La Lèze à Lézat-sur-Lèze,2020-06-30,16.0,NFU,1.352968736,43.280639713
05111610,La Lambronne au niveau de Lamontjoie,2020-06-30,32.0,NFU,0.527000397,44.06997477
05201055,La Bidouze en aval de Saint-Palais,2020-06-30,1.58,NFU,-1.026563252,43.337013899
05120040,Le Ruisseau du Gouyré à Puygaillard-de-Quercy,2020-06-30,5.6,NFU,1.635004355,44.023768906
05120016,La Lère au lieu dit Lapeyre,2020-06-30,2.5,NFU,1.546883698,44.172336072
05000245,La Devise à Muron,2020-06-30,1.5,NFU,-0.83720553,46.054831059
05153970,La Lauze à Saramon,2020-06-30,140.0,NFU,0.765824296,43.53109255
05052000,La Vézère en aval de la Corrèze,2020-06-30,15.0,NFU,1.307439042,45.129610741
05001535,Le Canal de Genouille à Tonnay Charente,2020-06-30,44.0,NFU,-0.93451525,45.953128452
05205000,Le Gave d'Oloron en aval d'Oloron,2020-06-30,1.09,NFU,-0.608554482,43.199322038
05212000,Le Gave de Pau à Abidos,2020-06-30,4.53,NFU,-0.624144856,43.403756521
05120010,La Lère à Réalville,2020-06-30,12.0,NFU,1.472825554,44.118306439
05115000,Le Gers à Rambert,2020-06-30,280.0,NFU,0.621083017,43.717684634
04045950,RAU DU RIOT à FOURCHAMBAULT,2020-06-30,20.0,NFU,3.110459617,47.013750584
04685002,CANAL DU NORD A LA CHAPELLE DES MARAIS,2020-06-30,18.0,NFU,-2.272763032,47.428654955
02103950,LA NIED ALLEMANDE A PONTPIERRE,2020-06-30,21.9,NFU,6.642102553,49.038357976
06057770,FORMANS A ST-BERNARD ,2020-06-30,22.0,NFU,4.746270987,45.943415247
06053000,MORGON A VILLEFRANCHE-SUR-SAONE 1,2020-06-30,3.7,NFU,4.737570148,45.986423003
02043680,LE LIENBACH A GOTTESHEIM,2020-06-30,11.3,NFU,7.487976717,48.777500615
06165050,COULON A OPPEDE ,2020-06-30,11.0,NFU,5.161656829,43.858166653
03166050,LE THERAIN A MAYSEL 1,2020-06-30,21.0,NFU,2.378094156,49.261985012
03031040,L'YONNE A PONT-SUR-YONNE 2,2020-06-30,1.6,NFU,3.206162396,48.287740212
03247140,L'AURE A MAISONS 1,2020-06-30,5.5,NFU,-0.749222117,49.321116131
03253780,LA RIVIÈRE DE GLOIRE A NEGREVILLE 1,2020-06-30,6.2,NFU,-1.556916461,49.499133035
03168035,LA NONETTE A GOUVIEUX 1,2020-06-30,4.2,NFU,2.430172609,49.195525727
03133850,L'OISE A CLAIROIX 1,2020-06-30,10.0,NFU,2.864520634,49.441517993
05049950,Le Thonac à La Gibordie,2020-06-30,5.0,NFU,1.105710988,45.036211428
05049220,"La Petite Beune, Les Eyzies, Tayac, Sireuil",2020-06-30,3.3,NFU,1.073178276,44.930728829
05080745,Le Brayssou au niveau de Tourliac,2020-06-30,15.0,NFU,0.823736333,44.675740288
05046740,La Dordogne au Fleix,2020-06-30,1.7,NFU,0.243834171,44.859918477
05177600,La Garonne à Boussens (Pont de la déviation de la N117),2020-06-30,3.0,NFU,0.974040196,43.17360075
05015100,Le Charreau à St-Michel,2020-06-30,2.9,NFU,0.104712583,45.639549075
05025000,La Seudre à Saujon (Amont immédiat de Saujon),2020-06-30,4.8,NFU,-0.912102425,45.665485296
05165850,L'Ariège à Clermont-le-Fort,2020-06-30,4.4,NFU,1.420603568,43.460528595
05200350,La Joyeuse au niveau de Mendionde,2020-06-30,6.2,NFU,-1.288119405,43.341997451
05079100,Le Dropt à Loubens,2020-06-30,8.1,NFU,-0.0333965,44.631949799
05134310,Le Sor à Sémalens,2020-06-30,3.1,NFU,2.112721801,43.592932455
05047000,La Dordogne en aval de Bergerac (Pont de la D4),2020-06-30,2.4,NFU,0.332017762,44.839642336
05075900,L'Euille à Laroque,2020-06-30,6.1,NFU,-0.309577777,44.655200718
05163700,La Saudrune à l'aval du Bois Vert,2020-06-30,12.0,NFU,1.39332015,43.539047635
05122952,Le Céret en aval de Tanus,2020-06-30,1.5,NFU,2.275340287,44.086676335
05155125,La Save en aval de L'Isle Jourdain,2020-06-30,170.0,NFU,1.079723834,43.620623165
05199800,La Nive en amont du Bastan à Bidarray,2020-06-30,2.21,NFU,-1.345419742,43.267904474
05140150,L'Agout en aval de La Salvetat-sur-Agout,2020-06-30,0.71,NFU,2.698351452,43.606664212
05001530,Le Canal de la Daurade à Loire-les-Marais,2020-06-30,42.0,NFU,-0.934752882,45.958079052
05158150,Le Girou en amont de Verfeil,2020-06-30,17.0,NFU,1.652755251,43.641925945
05174000,La Garonne en amont de l'Ariège,2020-06-30,8.5,NFU,1.387766337,43.512148118
05140050,La Tine à Le Margnes,2020-06-30,0.6,NFU,2.604668242,43.640375813
05045250,La Lidoire en amont du Léchou,2020-06-30,15.0,NFU,0.016707365,44.887651396
05234021,Le Louet à Lascazères,2020-06-30,3.1,NFU,-0.014049981,43.513486513
05024994,Le Bertu à Medis,2020-06-30,3.3,NFU,-0.93793601,45.665125152
05140200,La Caunaise en aval de Lacaune,2020-06-30,1.7,NFU,2.764626429,43.702296877
05234011,L'Estéous au niveau de Lacassagne,2020-06-30,6.0,NFU,0.167071157,43.35722614
05140000,L'Agout à St-Agnan,2020-06-30,3.4,NFU,2.480223013,43.639132261
05078900,Le Vignague à Morizès,2020-06-30,7.5,NFU,-0.087000255,44.612716936
05061942,Le Tolerme en amont du Moulin de Bray,2020-06-30,3.97,NFU,2.011192551,44.83777212
05119065,La Lupte en aval de Castelnau-Montratier,2020-06-30,19.0,NFU,1.340837106,44.23918547
05152550,Le Sarrampion au niveau de Maubec,2020-06-30,92.0,NFU,0.915233907,43.804911966
05175000,La Louge à St-Hilaire,2020-06-30,7.8,NFU,1.283828555,43.41939468
05064120,La Jordanne au Pont du Bousquet à Arpajon sur Cère,2020-06-30,5.36,NFU,2.445113822,44.895351918
05180900,La Garonne à Boussens (Pont de la D13),2020-06-30,2.7,NFU,0.961848368,43.160954225
05051520,L'Elle au niveau de Beauregard de Terrasson,2020-06-30,5.2,NFU,1.250354275,45.15430768
05199600,La Nive des Aldudes à l'amont immédiat de la Nive,2020-06-30,0.86,NFU,-1.303188265,43.227345538
02115790,L'OTHAIN A HOUDELAUCOURT,2020-06-30,7.8,NFU,5.68091884,49.31675583
05083300,Le Trec à Longueville,2020-06-30,8.2,NFU,0.223525085,44.47331602
02043725,LE ROHRBACH A LANDERSHEIM,2020-06-30,27.9,NFU,7.52286016,48.682643368
04448038,GLAISE A MONTHODON,2020-06-30,18.0,NFU,0.805269116,47.618262784
01002024,L'ÉTANG D'ARDRES A ARDRES (62),2020-06-30,11.0,NTU,1.977404162,50.865137411
04448041,BOISSEAU A NEUILLE-LE-LIERRE,2020-06-30,10.0,NFU,0.90422079,47.494737994
02105000,LA NIED FRANCAISE A PONTIGNY,2020-06-30,16.0,NFU,6.421020734,49.146756492
02043600,LA ZORN A STEINBOURG,2020-06-30,4.8,NFU,7.420964499,48.764390816
02103948,LA NIED ALLEMANDE A PONTPIERRE (AMONT),2020-06-30,25.6,NFU,6.652074644,49.044067809
02115685,LE RUISSEAU DE NANHEUL A PIERREPONT,2020-06-30,3.8,NFU,5.718023407,49.410750661
02115775,LE TON A ECOUVIEZ,2020-06-30,8.2,NFU,5.460133329,49.525586126
02115660,LA CRUSNES A VILLE-AU-MONTOIS,2020-06-30,4.7,NFU,5.781641681,49.398871527
06166000,DURANCE A CAUMONT-SUR-DURANCE ,2020-06-30,4.1,NFU,4.916184633,43.888283266
03133435,LE RU DE SAINT-LEGER A SAINT-LEGER-AUX-BOIS 1,2020-06-30,13.0,NFU,2.949371713,49.484598677
06059500,SAONE A LYON 1,2020-06-30,1.8,NFU,4.831905651,45.796538771
06196500,GAUDRE D'AUREILLE A MOURIES ,2020-06-30,11.0,NFU,4.879266766,43.687493905
03115860,LE CLIGNON A MONTIGNY-L'ALLIER 1,2020-06-30,28.0,NFU,3.094830697,49.111784059
03132976,LA DIVETTE A PASSEL 4,2020-06-30,5.4,NFU,2.964470864,49.556024005
03044917,LE RU DE VAREILLES A PONT-SUR-VANNE 1,2020-06-30,6.0,NFU,3.454145915,48.190439994
03247275,LA DRÔME A SULLY 1,2020-06-30,10.0,NFU,-0.738100052,49.299532885
03030602,LE RUISSEAU DE MAUVOTTE A SOUCY 1,2020-06-30,21.0,NFU,3.33756263,48.248810837
03133000,L'OISE A CHIRY-OURSCAMPS 1,2020-06-30,3.7,NFU,2.969897015,49.535024315
03183000,LA SEINE A OISSEL 2,2020-06-30,3.3,NFU,1.096833459,49.338593064
AT002546,PRISE DU CAVU HAUTE,2020-06-30,0.53,NFU,9.233492956,41.746407211
05153940,La Gimone en aval de Touget,2020-06-30,280.0,NFU,0.908854869,43.694879109
05210000,Le Gave de Pau à Argagnon,2020-06-30,4.14,NFU,-0.684784415,43.451063467
05068700,La Diège en amont de la confluence avec la Dordogne,2020-06-30,2.8,NFU,2.395709619,45.436796312
05176100,Le Montbrun en amont de Montbrun Bocage,2020-06-30,9.7,NFU,1.247176815,43.104881447
05206750,Le Gave d'Aspe à Ponsuzou,2020-06-30,0.5,NFU,-0.606262136,43.034180323
05068955,Le Ruisseau Grande Rhue à Egliseneuve d'entraigues,2020-06-30,2.06,NFU,2.829135642,45.407768494
05068400,La Luzège en amont de Laval,2020-06-30,2.0,NFU,2.168535127,45.253712378
05063800,La Cère en aval de Laroquebrou,2020-06-30,1.57,NFU,2.164272754,44.975801332
05234019,L'Adour à Estirac,2020-06-30,1.8,NFU,0.02824139,43.497817274
05064000,La Cère à Sansac,2020-06-30,3.45,NFU,2.350414975,44.88214324
05049000,La Vézère au Bugue,2020-06-30,15.0,NFU,0.927135434,44.917563009
05106850,La Gélise en amont du Rimbez,2020-06-30,14.0,NFU,0.068681797,43.974993606
05083575,Le Ruisseau de Pichagouille au Mas d'Agenais,2020-06-30,3.2,NFU,0.205646555,44.420440095
05001520,Le Canal de la Daurade à Tonnay Charente,2020-06-30,48.0,NFU,-0.94101399,45.950558011
05000240,Le Canal de Charras à St Laurent de la Prée,2020-06-30,25.0,NFU,-1.001703928,45.982599566
05232980,Le Saget au niveau de St Mont,2020-06-30,4.1,NFU,-0.151315072,43.64654538
05175100,La Louge à l'aval du Fousseret,2020-06-30,19.0,NFU,1.133384155,43.303074173
05159000,L'Aussonnelle à Cornebarrieu,2020-06-30,37.0,NFU,1.327303391,43.653155467
05068420,La Luzège au niveau de Lamaziere Basse,2020-06-30,2.4,NFU,2.152388819,45.342199283
05234900,L'Adour à Maubourget,2020-06-30,1.8,NFU,0.041742549,43.466675269
05001600,L'Arnoult (canal Pont-Labbé) à Vouillay,2020-06-30,7.8,NFU,-0.92229878,45.888727346
05048000,La Couze à Bayac,2020-06-30,8.1,NFU,0.730485156,44.804103805
05126500,La Maresque à Moyrazes,2020-06-30,2.4,NFU,2.411797498,44.334756448
05234000,L'Arros à Tasque,2020-06-30,10.0,NFU,0.021904637,43.641074692
05234024,Le Bouès au niveau de Mielan,2020-06-30,13.0,NFU,0.295673503,43.410656125
05181800,La Garonne à Valentine,2020-06-30,3.8,NFU,0.706309886,43.097693069
05119105,Le Ruisseau du Boulou au niveau de Montdoumerc,2020-06-30,1.5,NFU,1.498510132,44.294210872
05209500,Le Laà à Loubieng,2020-06-30,5.18,NFU,-0.7220778,43.41529307
05166000,Le Grand Hers à Calmont,2020-06-30,5.8,NFU,1.632038784,43.286062063
05051050,Le Coly à sa source,2020-06-30,2.1,NFU,1.284422931,45.070359131
05153945,La Marcaoue au niveau de Gimont,2020-06-30,220.0,NFU,0.896075124,43.617582667
05176150,L'Arize au Mas d'Azil,2020-06-30,1.9,NFU,1.373930444,43.084018782
05105800,L'Osse en aval de Condom,2020-06-30,66.0,NFU,0.317691531,43.994535357
05123000,Le Cérou à Valarens,2020-06-30,3.0,NFU,2.125029217,44.068747293
05080710,Le Dropt à Castillonès,2020-06-30,19.0,NFU,0.578081912,44.673157098
05082000,L'Avance au Pont des Sables,2020-06-30,4.0,NFU,0.12572545,44.4673862
05037000,L'Isle à St-Antoine,2020-06-30,3.9,NFU,0.039123321,45.024392038
05080960,La Gupie,2020-06-30,26.0,NFU,0.085638325,44.545876925
05234025,Le Ruisseau de Larcis au niveau de Ségalas,2020-06-30,2.1,NFU,0.126130392,43.413490196
05000110,Le Canal de Brouage à Beaugeay,2020-06-30,44.0,NFU,-1.027957847,45.85913183
05234026,L'Aule au niveau de Segalas,2020-06-30,4.1,NFU,0.137843253,43.414610677
05165760,L'Aise à Issus,2020-06-30,36.0,NFU,1.443832556,43.427030658
05165900,L'Ariège à Cintegabelle,2020-06-30,2.9,NFU,1.532947423,43.310764293
05072130,Le Canal le Rivau à Saint-Georges-de-Didonne,2020-06-30,8.5,NFU,-0.985278258,45.601155843
05134500,L'Aiguebelle en amont d'Arfons,2020-06-30,0.6,NFU,2.165136578,43.434000514
04685003,BRIVET A TRIGNAC,2020-06-30,18.0,NFU,-2.197169059,47.322303503
04023450,ALENE à LUZY,2020-06-30,21.0,NFU,4.02840957,46.798843437
02104400,LA NIED FRANCAISE A BAUDRECOURT,2020-06-30,8.1,NFU,6.448669469,48.959862051
02115800,L'OTHAIN A OTHE,2020-06-30,10.0,NFU,5.440419293,49.494109246
02043500,LA ZINSEL DU SUD A HATTMATT,2020-06-30,8.5,NFU,7.426265427,48.791524521
02115675,LA PIENNE A MERCY-LE-BAS,2020-06-30,1.3,NFU,5.746426443,49.380672206
02042000,LA MODER A SCHWEIGHOUSE-SUR-MODER (A),2020-06-30,11.4,NFU,7.741203056,48.823001865
06820164,SOULOISE A ST-DISDIER-EN-DEVOLUY ,2020-06-30,3.4,NFU,5.893071724,44.736818251
06215000,BEVINCO A RUTALI ,2020-06-30,0.42,NFU,9.363625252,42.592507617
03133474,L'OISE A CAMBRONNE-LES-RIBECOURT 1,2020-06-30,2.7,NFU,2.912983655,49.498769268
06130500,GARD A REMOULINS ,2020-06-30,0.6,NFU,4.562848482,43.931763437
06057760,MORBIER A STE-EUPHEMIE 1,2020-06-30,4.4,NFU,4.798423493,45.966494732
03115000,L'OURCQ A VICHEL-NANTEUIL 1,2020-06-30,17.0,NFU,3.268914167,49.187169151
03167740,L'AUNETTE A CHAMANT 2,2020-06-30,3.3,NFU,2.612739852,49.217072392
03247590,L'ESQUE A ECRAMMEVILLE 1,2020-06-30,3.9,NFU,-0.94400956,49.304557482
03030457,LA GAILLARDE A SAINT-DENIS 1,2020-06-30,10.0,NFU,3.275692684,48.21135248
03166490,LE THERAIN A MONTATAIRE 2,2020-06-30,1.9,NFU,2.451267125,49.243811636
03184000,LA SEINE A LA BOUILLE 1,2020-06-30,6.7,NFU,0.934013574,49.351943837
03044000,LA VANNE A PAISY-COSDON 1,2020-06-30,3.5,NFU,3.706210749,48.242685377
03156000,L'AISNE A CHOISY-AU-BAC 1,2020-06-30,5.7,NFU,2.876470159,49.436146948
03085575,LA SUANE A ORBIGNY-AU-VAL 1,2020-06-30,22.0,NFU,5.420307699,47.880289689
03185000,LA SEINE A CAUDEBEC-EN-CAUX 1,2020-06-30,6.9,NFU,0.676982203,49.51430907
CM000022,OUZOM,2020-06-30,1.2,NFU,-0.251546247,43.095715041
CE000480,LE DREZET,2020-06-30,3.6,NFU,-2.341817119,47.48974914
05161900,La Garonne à Blagnac,2020-06-30,5.2,NFU,1.400961721,43.624924498
05065000,La Jordanne à Rouffiac,2020-06-30,2.87,NFU,2.523809231,44.976570736
05211900,La Bayse à Lacommande,2020-06-30,5.51,NFU,-0.500643467,43.280133357
05120025,Le Longue Aygues à Négrepelisse,2020-06-30,6.2,NFU,1.523273261,44.07542825
05184000,La Garonne au Pont du Roi,2020-06-30,1.4,NFU,0.735863431,42.849282942
05046700,Le Seignal au Château Bellevue,2020-06-30,16.0,NFU,0.265925572,44.817763657
05024990,Le Chenal de Dercie-la Palud à Gua,2020-06-30,2.6,NFU,-0.938373813,45.705591912
05116650,L'Auroue en amont de l'Isle-Bouzon,2020-06-30,180.0,NFU,0.729260457,43.908690337
05124055,Le Céroc au niveau de Saint-jean de Marcel,2020-06-30,0.32,NFU,2.236066081,44.070028175
05124050,Le Céroc près de Rayssac,2020-06-30,1.7,NFU,2.182791988,44.059112761
05079200,L'Andouille au niveau de Roquebrune,2020-06-30,20.0,NFU,0.03568069,44.635535676
05001565,Le Canal de Genouillé à Genouillé,2020-06-30,121.0,NFU,-0.807038927,45.994363482
05015300,Les Eaux Claires à St-Michel,2020-06-30,3.2,NFU,0.109151884,45.644078536
05039000,L'Isle à Razac,2020-06-30,4.2,NFU,0.592918734,45.171967101
05201057,La Joyeuse en amont de Saint-Palais,2020-06-30,1.98,NFU,-1.049045462,43.319780002
05083586,Le Tolzac de Verteuil au niveau de Verteuil d'Agenais,2020-06-30,46.0,NFU,0.401224081,44.452789225
05080990,Le Ruisseau de la Ville à Ste-Bazeille,2020-06-30,16.0,NFU,0.099005289,44.52280733
05078910,Le Babin à St-Laurent-du-Plan,2020-06-30,7.4,NFU,-0.107682065,44.622948636
05083700,L'Ourbise à Caubeyres,2020-06-30,0.69,NFU,0.189836967,44.271148252
05207000,Le Gave d'Ossau à Maysonave,2020-06-30,0.76,NFU,-0.597097607,43.189079717
05228900,La Douze à Peyrusse-Grande,2020-06-30,35.0,NFU,0.207664798,43.631420307
05120020,L'Aveyron à Cayrac,2020-06-30,65.0,NFU,1.472526763,44.100117953
05183900,La Garonne en aval de la Pique,2020-06-30,2.5,NFU,0.647410266,42.939145087
05068645,Le Mars au Vaulmier,2020-06-30,1.34,NFU,2.569765818,45.185112129
05134250,Le Bagas à Vielmur sur Agout,2020-06-30,5.2,NFU,2.088044878,43.632860601
05157360,L'Hers Mort à l'aval de Castanet,2020-06-30,19.0,NFU,1.501887793,43.545909907
05204000,Le Gave d'Oloron à Sauveterre,2020-06-30,1.78,NFU,-0.943937469,43.394554808
05161500,La Garonne au Syndicat Centre et Nord,2020-06-30,9.0,NFU,1.403577731,43.664021872
05068150,La Maronne en aval de Salers,2020-06-30,1.84,NFU,2.384468673,45.118962706
05177000,La Garonne à Cazères,2020-06-30,8.4,NFU,1.087623838,43.203926486
05200050,La Nive d'Arnéguy à Uhart Cize,2020-06-30,0.98,NFU,-1.248127578,43.169714795
05047500,Le Caudeau au Pont de Monsac,2020-06-30,3.1,NFU,0.600679737,44.89919232
05155800,La Save à Labastide-Savès,2020-06-30,78.0,NFU,0.980296242,43.521166408
05163290,La Garonne à l'entrée dans Toulouse,2020-06-30,6.8,NFU,1.436897496,43.572350837
01001949,L'ETANG DU ROMELAËRE A NIEURLET (59),2020-06-30,22.0,NTU,2.288929538,50.780979569
04563026,ESVES A LIGUEIL,2020-06-30,12.0,NFU,0.817859498,47.044575817
02115725,LA CRUSNES A LONGUYON,2020-06-30,6.3,NFU,5.619440747,49.441280583
02045000,LA MODER A DRUSENHEIM,2020-06-30,18.7,NFU,7.951421013,48.761339397
02042500,LA MODER A BISCHWILLER,2020-06-30,7.8,NFU,7.875317055,48.765068848
06300200,LURI A LURI ,2020-06-30,1.2,NFU,9.42046818,42.896884522
03132909,LA DIVETTE A LASSIGNY 1,2020-06-30,10.0,NFU,2.854111321,49.593104207
03044580,LA VANNE A MOLINONS 1,2020-06-30,4.1,NFU,3.53640122,48.232177556
03277651,LE CANAL LATÉRAL À L'OISE A SEMPIGNY 1,2020-06-30,3.3,NFU,2.991572309,49.561727901
03043450,L'ANCRE A ESTISSAC 1,2020-06-30,1.0,NFU,3.821753343,48.249820972
03133140,LE RU DU MOULIN A BAILLY 1,2020-06-30,29.0,NFU,2.981921002,49.505431838
03257800,LA SAIRE A BRILLEVAST 1,2020-06-30,20.0,NFU,-1.404082462,49.61343304
03085584,LE JULIEN A LANGRES 2,2020-06-30,11.0,NFU,5.354959465,47.869886318
03115930,LA GERGOGNE A ACY-EN-MULTIEN 1,2020-06-30,19.0,NFU,2.968988201,49.095903161
03174211,LA SEINE A PONT-DE-L'ARCHE 1,2020-06-30,3.2,NFU,1.158427479,49.307636569
DE000027,AVEYRON A FONNEUVE,2020-06-30,75.0,NFU,1.359679006,44.030520078
BF000002,PECH DAVID,2020-06-30,5.3,NFU,1.419491118,43.60934733
05083650,L'Ourbise au moulin de Picon,2020-06-30,11.0,NFU,0.261740906,44.353665115
05155100,La Garenne (Cédat) au Castéra,2020-06-30,38.0,NFU,1.134799933,43.651643675
05068460,La Soudeillette à Moustier Ventador,2020-06-30,2.2,NFU,2.119739327,45.39138507
05201060,La Bidouze à Uhart Mixe,2020-06-30,1.03,NFU,-1.01998199,43.278800923
05142100,Le Tarn à l'aval d'Albi (Ponton de l'Aviron club d'Albi),2020-06-30,1.0,NFU,2.125090656,43.94778104
05002610,Le Ruisseau de la Chassieuse à Tonnay-Boutonne,2020-06-30,4.3,NFU,-0.704493249,45.972253483
05047600,La Dordogne à Cours de Pile,2020-06-30,2.2,NFU,0.527930511,44.843730134
05094000,Le Riou Mort à Viviez,2020-06-30,4.9,NFU,2.221309298,44.559352734
05061940,La Bave en amont de Labathude,2020-06-30,5.72,NFU,1.985961634,44.7647026
05235025,Le Bouès au niveau de Mazerolles,2020-06-30,11.0,NFU,0.302755773,43.365195101
05183300,Le Nistos en amont de Nistos,2020-06-30,0.63,NFU,0.475615527,43.012537317
05063950,L'Authre au Pont du Mercadier,2020-06-30,7.46,NFU,2.428242845,44.994668744
05155230,La Save à Samatan,2020-06-30,74.0,NFU,0.936275454,43.493697567
05152500,La Gimone à Maubec,2020-06-30,170.0,NFU,0.912466223,43.814671205
05119070,Le Petit Lembous à St Arthémie,2020-06-30,21.0,NFU,1.338261349,44.177026397
05001590,Le Canal de la Seudre à la Charente à Saint Hippolyte,2020-06-30,22.0,NFU,-0.923011352,45.926840503
05063984,Le ruisseau de Lalaurie au niveau de Omps,2020-06-30,2.71,NFU,2.270668678,44.881107955
05118700,L'Arrats en aval de Homps,2020-06-30,450.0,NFU,0.84460019,43.816321311
05068368,Le Ruisseau de Gagnoux au niveau de 'Le Jardin',2020-06-30,1.5,NFU,2.034234223,45.326023828
05218850,Le Lespontès à Orist,2020-06-30,2.6,NFU,-1.182957707,43.642624195
05139350,Le Gijou à l'aval de Lacaune,2020-06-30,1.3,NFU,2.652663322,43.716574548
05069200,L'Etoile en amont de Lanobre,2020-06-30,0.78,NFU,2.553072181,45.454102499
05068369,Le Ruisseau de l'Etang Gros au niveau de Rosiers d'Egletons,2020-06-30,3.1,NFU,2.008792826,45.36902623
05172350,Le Ruisseau de Roques à Brassac,2020-06-30,1.1,NFU,1.500323854,42.9189937
05132000,Le Dadou à Rieutord,2020-06-30,2.1,NFU,1.962364649,43.772208488
05181900,Le Lavet à Villeneuve de Rivière,2020-06-30,4.7,NFU,0.648543937,43.115973775
04448040,MADELON A CROTELLES,2020-06-30,10.0,NFU,0.835997241,47.543197531
04562004,LE BRIGNON A NEUILLY-LE-BRIGNON,2020-06-30,4.2,NFU,0.784037997,46.969705784
06057700,AZERGUES A LUCENAY ,2020-06-30,4.8,NFU,4.725722631,45.911872422
02115650,LA CHIERS A CONS-LA-GRANDVILLE,2020-06-30,3.9,NFU,5.702019284,49.483756171
02043690,LE LITTENHEIM A INGENHEIM,2020-06-30,13.1,NFU,7.523093639,48.735770456
03044170,LA NOSLE A AIX-EN-OTHE 1,2020-06-30,0.84,NFU,3.74366823,48.21178099
03133435,LE RU DE SAINT-LEGER A SAINT-LEGER-AUX-BOIS 1,2020-06-30,13.0,NFU,2.949371713,49.484598677
03247440,LA SIETTE A SAON 1,2020-06-30,12.0,NFU,-0.868300243,49.261182785
03132909,LA DIVETTE A LASSIGNY 1,2020-06-30,10.0,NFU,2.854111321,49.593104207
03167820,LA NONETTE A COURTEUIL 1,2020-06-30,5.4,NFU,2.553564357,49.199300647
AC000016,PRISE SURFACE CLAUDE DECLOITRE,2020-06-30,5.8,NFU,3.394154548,46.123855095
AM000571,SAINTE-MARTHE,2020-06-30,7.3,NFU,5.40188436,43.335817132
05233500,L'Adour en amont de Riscle,2020-06-30,3.8,NFU,-0.033588605,43.664662645
05139330,Le Gijou en amont de Lacaze,2020-06-30,1.4,NFU,2.534562692,43.732421053
05106820,Le Rimbez en amont du Petit Rimbez,2020-06-30,10.0,NFU,0.061951179,44.017501896
05206000,Le Gave d'Aspe à Bidos,2020-06-30,0.54,NFU,-0.604900099,43.178644411
05127000,L'Aveyron à Druelle,2020-06-30,1.6,NFU,2.493253108,44.337952323
05157100,La Sausse à Toulouse,2020-06-30,4.4,NFU,1.483920545,43.646812257
05213120,L'Ousse des Bois à Denguin,2020-06-30,1.8,NFU,-0.498288388,43.353237079
05083400,Le Manet au niveau de Virazeil,2020-06-30,34.0,NFU,0.275595474,44.506411616
05038090,Le Salembre en amont de St-Germain-du-Salembre,2020-06-30,3.2,NFU,0.458410342,45.146913166
05000250,Le Canal de Charras à Ciré-d'Aunis,2020-06-30,20.0,NFU,-0.978214999,46.03103408
05001800,L'Arnoult en amont de Pont l'Abbé d'Arnoult,2020-06-30,8.1,NFU,-0.867175407,45.821296585
05176850,Le Volp au Plan,2020-06-30,17.0,NFU,1.11771413,43.17017534
05047720,Le Clérans au niveau de St Capraise de Lalinde,2020-06-30,17.0,NFU,0.638112332,44.854146762
05108000,La Grande Baïse à Larrouze,2020-06-30,17.0,NFU,0.35644696,44.006915542
05053000,La Corrèze à l'aval de Brive,2020-06-30,10.0,NFU,1.460925928,45.166956936
05108200,La Grande Baïse à St-Jean Poutge,2020-06-30,24.0,NFU,0.380553685,43.723595164
05139390,Le Bertou en amont de Vabre,2020-06-30,2.2,NFU,2.457479278,43.702908962
05048210,La Dordogne à Trémolat,2020-06-30,3.1,NFU,0.822078162,44.873040782
05083580,La Garonne au Mas d'Agenais,2020-06-30,10.0,NFU,0.222797319,44.411326078
05234017,Le Louet à Castelnau Rivière Basse,2020-06-30,4.9,NFU,-0.017131441,43.585341926
05233000,L'Adour à St-Mont,2020-06-30,3.6,NFU,-0.151175677,43.653933617
05000150,Le Canal de Broue à Saint Sornin,2020-06-30,7.7,NFU,-0.952706441,45.757203146
05142150,Le Caussels à Albi,2020-06-30,0.28,NFU,2.166542801,43.931094847
05066000,La Cère à Comblat le Pont,2020-06-30,1.68,NFU,2.615220376,44.965399623
05083585,Le Tolzac à Varès,2020-06-30,78.0,NFU,0.387805158,44.440582881
05183930,La Pique à Cier de Luchon,2020-06-30,1.3,NFU,0.602333509,42.852679219
05164000,L'Ariège à Lacroix - Falgarde,2020-06-30,2.8,NFU,1.406872377,43.499561998
05093750,Le Riou Mort à Decazeville (Entre la Buscalie et Tramons),2020-06-30,2.9,NFU,2.283838934,44.553564026
05233150,Le Bergons à St Lanne,2020-06-30,5.9,NFU,-0.073348987,43.5970016
05155140,Le Gay à l'Isle Jourdain,2020-06-30,71.0,NFU,1.047615312,43.603760201
05081000,La Garonne à Couthures,2020-06-30,13.0,NFU,0.081872311,44.509563595
05229160,Le Midour à Loussous-Débat,2020-06-30,82.0,NFU,0.065550881,43.647304261
04417019,MORION À LIMANTON,2020-06-30,6.6,NFU,3.746453747,47.000342549
04449005,CHOISILLE DE BEAUMONT A CERELLES,2020-06-30,31.0,NFU,0.690231295,47.504343278
04215930,CANAL DE NANTES A BREST à FEGREAC,2020-06-30,17.0,NFU,-2.089827343,47.600114249
02115625,LA MOULAINE A HAUCOURT-MOULAINE,2020-06-30,0.5,NFU,5.815064819,49.510409864
03253780,LA RIVIÈRE DE GLOIRE A NEGREVILLE 1,2020-06-30,6.2,NFU,-1.556916461,49.499133035
03137290,L'OISE A SAINT-LEU-D'ESSERENT 1,2020-06-30,4.9,NFU,2.423071229,49.213553763
03044170,LA NOSLE A AIX-EN-OTHE 1,2020-06-30,0.84,NFU,3.74366823,48.21178099
03133690,LE MATZ A THOUROTTE 1,2020-06-30,5.9,NFU,2.896822319,49.486371833
03045000,LA VANNE A MALAY-LE-GRAND 1,2020-06-30,3.1,NFU,3.341067557,48.174163875
03137000,L'OISE A CREIL 1,2020-06-30,6.6,NFU,2.473972283,49.261973663
03247700,L'AURE A LA CAMBE 1,2020-06-30,8.5,NFU,-1.011758548,49.326476108
03133670,LE MATZ A MELICOCQ 1,2020-06-30,8.0,NFU,2.860746851,49.496492534
03085590,LA MARNE A LANGRES 3,2020-06-30,14.0,NFU,5.342655748,47.87915441
03085558,LA LIEZ A LECEY 1,2020-06-30,7.3,NFU,5.428192674,47.859524373
03246920,L'AURE A MONCEAUX-EN-BESSIN 1,2020-06-30,30.0,NFU,-0.694733564,49.241000037
03115616,LE RU D'ALLAN A MAROLLES 1,2020-06-30,8.2,NFU,3.107274144,49.148510402
BW000498,PRISE D'EAU DE LA MEZERE,2020-06-30,0.23,NFU,3.450903483,44.703142354
05170900,L'Ariège au Vernet,2020-06-30,1.9,NFU,1.599169092,43.183619401
05115950,La Séoune au confluent avec la Garonne,2020-06-30,25.0,NFU,0.690108224,44.169613941
05202950,Le Saison à Espes-Undurein,2020-06-30,0.9,NFU,-0.873775611,43.282793615
05068371,Le Doustre à Champagnac la Noaille,2020-06-30,2.7,NFU,2.020396214,45.310054593
05165000,La Lèze à Labarthe-sur-Lèze,2020-06-30,6.5,NFU,1.406575617,43.450964783
05139310,Le Gijou à l'aval de Vabre,2020-06-30,2.6,NFU,2.417052991,43.681283654
05234018,L'Estéous à Estirac,2020-06-30,5.0,NFU,0.039554131,43.506769982
05000220,Le Canal d'amenée de l'UNIMA à Yves,2020-06-30,23.0,NFU,-1.016050386,46.057920773
05113000,La Garonne en amont d'Agen,2020-06-30,12.0,NFU,0.619662596,44.163605192
05162520,La Saudrune à St Lys,2020-06-30,50.0,NFU,1.211280264,43.490752918
05051000,La Vézère à Aubas,2020-06-30,11.0,NFU,1.190596867,45.085806689
05181000,La Garonne à Labarthe Inard,2020-06-30,2.6,NFU,0.841394789,43.094456213
05122900,Le Céret au moulin de Ste Gemme,2020-06-30,3.9,NFU,2.204261266,44.085823051
05120050,La Vère à Bruniquel,2020-06-30,14.0,NFU,1.672184061,44.050870449
05068505,L'Auze au niveau de Mauriac,2020-06-30,4.53,NFU,2.300684147,45.197167807
05001525,Le Canal de Loire à Rochefort,2020-06-30,33.0,NFU,-0.940059299,45.957263222
05108180,Le Ruisseau Larranchélan au niveau de Bonas,2020-06-30,18.0,NFU,0.394244776,43.771641969
05108145,La Bèze au niveau de Beaucaire,2020-06-30,9.9,NFU,0.385017387,43.838949276
05234007,Le Laüs au niveau de Marciac,2020-06-30,9.3,NFU,0.151710967,43.514905605
05120100,La Vère en aval de Taix,2020-06-30,3.9,NFU,2.103379667,44.0031373
05183000,La Neste d'Aure à St-Laurent,2020-06-30,2.9,NFU,0.486057845,43.072260905
05051200,La Vézère à Condat sur Vézère,2020-06-30,16.0,NFU,1.230802272,45.118964773
05025050,La Seudre à St-André de Lidon,2020-06-30,3.8,NFU,-0.750594419,45.60427311
05001510,Le Canal de l'Unima à Saint Hippolyte,2020-06-30,42.0,NFU,-0.943683002,45.946497868
05069400,La Dordogne en amont de Singles,2020-06-30,0.78,NFU,2.548844824,45.585556207
05234022,Le Layza à Sombrun,2020-06-30,20.0,NFU,0.012191073,43.478018893
05134260,Le Ruisseau de Bagas au niveau de Lautrec,2020-06-30,5.9,NFU,2.136998256,43.67204377
05181700,Le Canal de la Gentille,2020-06-30,3.4,NFU,0.748417491,43.102630456
05123950,Le Candou dans Carmaux,2020-06-30,5.5,NFU,2.147107697,44.056590438
04563027,ESVES A LIGUEIL,2020-06-30,16.0,NFU,0.815288016,47.044986542
04523007,LA MENOFFE A SAINT-MAURICE-LA-CLOUERE,2020-06-30,5.0,NFU,0.4564324,46.37889314
04449004,CHOISILLE DE BEAUMONT A CERELLES,2020-06-30,16.0,NFU,0.693539763,47.49862734
04149400,BRIVET à PONTCHATEAU,2020-06-30,28.0,NFU,-2.098692261,47.407592887
02115750,LA CHIERS A CHARENCY-VEZIN,2020-06-30,8.7,NFU,5.511571148,49.48400511
02115795,L'OTHAIN A PETIT-FAILLY,2020-06-30,17.3,NFU,5.490061273,49.437977088
03044580,LA VANNE A MOLINONS 1,2020-06-30,4.1,NFU,3.53640122,48.232177556
03085584,LE JULIEN A LANGRES 2,2020-06-30,11.0,NFU,5.354959465,47.869886318
03246920,L'AURE A MONCEAUX-EN-BESSIN 1,2020-06-30,30.0,NFU,-0.694733564,49.241000037
06222350,ALISO A SAN-GAVINO-DI-TENDA ,2020-06-30,0.55,NFU,9.294594375,42.609636686
06165900,COULON A CAVAILLON 2,2020-06-30,43.0,NFU,5.003355135,43.858541597
03137290,L'OISE A SAINT-LEU-D'ESSERENT 1,2020-06-30,4.9,NFU,2.423071229,49.213553763
03254770,LE MERDERET A PICAUVILLE 1,2020-06-30,14.0,NFU,-1.364100186,49.401017276
03247475,LA TORTONNE A RUBERCY 1,2020-06-30,11.0,NFU,-0.888883281,49.284269106
AU002001,CAPTAGE TERRIVOLA,2020-06-30,1.45,NFU,9.113015281,42.410627268
BS000087,MAUVES/LOIRE   LA LOIRE,2020-06-30,7.2,NFU,-1.407555723,47.317714813
05044000,L'Isle à Corgnac,2020-07-01,6.0,NFU,0.951271396,45.347918013
05104000,La Garonne en amont du Lot,2020-07-01,18.0,NFU,0.320431714,44.288821633
05232250,Le Larcis au niveau d'Aubous,2020-07-01,23.7,NFU,-0.146869008,43.568062014
05094820,Le Moulinet à Flagnac,2020-07-01,1.0,NFU,2.252169593,44.593776833
05018750,La Couture au niveau d'Oradour,2020-07-01,0.73,NFU,-0.004916768,45.90656617
05018800,L'Aume à l'aval des Marais,2020-07-01,1.1,NFU,0.059531674,45.868161023
05018150,L'Argence à Balzac,2020-07-01,1.1,NFU,0.150592391,45.715509119
05230080,Le Ruisseau du Bas avant le Gabas,2020-07-01,8.7,NFU,-0.532893527,43.7002907
05116600,L'Auroue à Caudecoste,2020-07-01,61.0,NFU,0.756193483,44.107055788
05006100,La Boutonne à Lussay,2020-07-01,1.4,NFU,-0.11117247,46.109163499
05111500,La Garonne à Port Ste-Marie,2020-07-01,14.0,NFU,0.39313538,44.248601923
05122300,Le Cérou à Bleys-Chateau,2020-07-01,4.4,NFU,1.89843634,44.078943975
05004500,La Boutonne au Vert,2020-07-01,1.9,NFU,-0.392666266,46.093433946
05220000,Le Luy de Béarn à Amou,2020-07-01,6.2,NFU,-0.74756912,43.591134002
05151975,La Sère à Castelmayran,2020-07-01,160.0,NFU,1.048009562,44.033416552
05098000,La Rimeize à Rimeize,2020-07-01,0.5,NFU,3.324092802,44.765806326
05234288,L'Echez à Louey,2020-07-01,5.2,NFU,0.022275347,43.175551104
05042000,L'Auvézère au Pont Rognac,2020-07-01,3.2,NFU,0.85222437,45.188878116
05151000,Le Tarnon à Florac,2020-07-01,0.21,NFU,3.59077447,44.331231992
05098850,La Truyère en amont de La Villedieu,2020-07-01,1.3,NFU,3.525180274,44.72056007
05091450,La Rance en aval de Maurs,2020-07-01,2.8,NFU,2.188511092,44.690471678
06048300,BIEF DE CROIX A ST-PAUL-DE-VARAX ,2020-07-01,3.4,NFU,5.133583835,46.10074256
06048747,RENON A VONNAS 2,2020-07-01,17.0,NFU,4.98298288,46.211854611
06046000,REYSSOUZE A VIRIAT 1,2020-07-01,3.5,NFU,5.195955296,46.257630925
06580602,REYSSOUZE A ATTIGNAT 3,2020-07-01,5.0,NFU,5.18090022,46.278089814
03176945,LA LÉVRIÈRE A NEAUFLES-SAINT-MARTIN 1,2020-07-01,1.6,NFU,1.735234082,49.272943786
06217490,TARAVO A URBALACONE ,2020-07-01,0.56,NFU,8.961749042,41.812911064
06190700,BERANGE A CANDILLARGUES 2,2020-07-01,8.3,NFU,4.061062065,43.637815531
BF001971,LE BAYSSAC PRISE ARIEGE,2020-07-01,2.2,NFU,1.536559541,43.30582876
CZ000764,ANNET SUR MARNE 1,2020-07-01,3.2,NFU,2.709959921,48.92583365
05154250,La Garonne à Bourret,2020-07-01,17.0,NFU,1.171936814,43.952915897
05151100,Le Tarnon en amont de Rousses,2020-07-01,0.12,NFU,3.610921936,44.159646037
05055000,La Corrèze en amont de Tulle (Pont du CD58),2020-07-01,6.2,NFU,1.797723802,45.301579839
05055105,La Vimbelle au niveau de Naves,2020-07-01,12.0,NFU,1.794948497,45.318390165
05005620,La Berlande en amont confluence avec la Légère,2020-07-01,1.4,NFU,-0.171587283,46.173459748
05121350,La Seye à La Rouquette,2020-07-01,4.2,NFU,1.853066882,44.221783751
05018700,L'Aume à Chantemerle,2020-07-01,0.99,NFU,-0.001039863,45.932081393
05091560,La Rance à Vitrac,2020-07-01,3.7,NFU,2.301371046,44.784066028
05155000,La Save à Grenade,2020-07-01,160.0,NFU,1.275836646,43.783848791
05151150,La Mimente à Cassagnas,2020-07-01,0.17,NFU,3.758628632,44.267730364
05024000,La Charente à St-Saviol,2020-07-01,1.4,NFU,0.241725154,46.13603987
05005400,La Belle à Sécondigné-sur-Belle,2020-07-01,4.0,NFU,-0.291842805,46.168235995
05231050,Le Bahus au niveau de Larrivière,2020-07-01,3.8,NFU,-0.541903368,43.764851635
05111940,Le ruisseau Labourdasse à Brax,2020-07-01,31.0,NFU,0.562633212,44.200894231
05005350,La Belle à Montigné,2020-07-01,13.0,NFU,-0.241592578,46.209966749
05102000,Le Lot à l'aval de Mende,2020-07-01,0.1,NFU,3.45629708,44.480763959
05234027,La Chella à Chelle Debat,2020-07-01,1.8,NFU,0.230088359,43.303319423
05120085,La Vère en aval de Castelnau de Montmiral,2020-07-01,3.3,NFU,1.791714814,43.973045934
05232300,Le Lees de Lembeye à Conchez de Béarn,2020-07-01,7.87,NFU,-0.181856364,43.549122645
05156700,La Garonne à Ondes,2020-07-01,4.7,NFU,1.307128121,43.777678805
05118000,L'Arrats à St-Antoine,2020-07-01,460.0,NFU,0.852039998,44.041179532
05107000,La Grande Baïse à Bapaume,2020-07-01,22.0,NFU,0.335864787,44.147440953
04165800,CANAL D'ILLE ET RANCE à TREVERIEN,2020-07-01,4.8,NFU,-1.895527637,48.378136957
02045500,L'EBERBACH A LEUTENHEIM,2020-07-01,11.6,NFU,8.015211302,48.84320514
02116570,LA GIVONNE A ILLY (OLLY),2020-07-01,0.5,NFU,4.998938965,49.760392974
06219000,FIUM ALTO A PENTA-DI-CASINCA ,2020-07-01,4.7,NFU,9.470438066,42.445201332
02045350,L'EBERBACH A WALBOURG,2020-07-01,53.5,NFU,7.776456295,48.884088644
02045283,LE HALBMUHLBACH A HAGUENAU (CARREFOUR PARADE),2020-07-01,14.0,NFU,7.901800373,48.87479015
02117650,LA BAR A CHEVEUGES,2020-07-01,2.3,NFU,4.882949695,49.660022039
06212100,VESUBIE A UTELLE 4,2020-07-01,4.3,NFU,7.206163028,43.860856476
06300400,SALAISON A MAUGUIO 2,2020-07-01,2.9,NFU,4.003845405,43.608159904
06710029,COULOMP A ST-BENOIT 2,2020-07-01,4.7,NFU,6.758524455,43.966732365
06048500,VIEUX JONC A MONTRACOL 1,2020-07-01,3.5,NFU,5.128147916,46.203402254
06190900,VIREDONNE A LANSARGUES 2,2020-07-01,64.0,NFU,4.075350616,43.636631287
03013300,LA VOULZIE A JUTIGNY 1,2020-07-01,8.4,NFU,3.234933424,48.48789358
03011840,L'ARDUSSON A FERREUX-QUINCEY 2,2020-07-01,1.8,NFU,3.588113314,48.466128586
03029000,L'YONNE A BASSOU 1,2020-07-01,4.4,NFU,3.519531924,47.926409621
05152000,La Garonne à St-Aignan,2020-07-01,13.0,NFU,1.079399006,44.02253852
05124250,Le Boutescure entre La Salle et Peyrelous,2020-07-01,0.58,NFU,2.364889039,44.03052896
05156950,L'Hers mort au niveau de St-Sauveur,2020-07-01,15.0,NFU,1.380556327,43.750443226
05104500,La Grande Baïse en aval de Vianne,2020-07-01,21.0,NFU,0.334000327,44.226918243
05120092,La Vère au niveau de Le Verdier,2020-07-01,3.7,NFU,1.84053914,43.983205438
05097860,La Truyère en aval de la Limagnole et de la Rimeize,2020-07-01,0.8,NFU,3.358147033,44.792891241
05042070,La Boucheuse à Glandon,2020-07-01,8.7,NFU,1.26585039,45.458790965
05054020,La Montane au niveau de Tulle,2020-07-01,2.6,NFU,1.775394231,45.25622047
05125500,Le Céor en aval de Cassagnes,2020-07-01,3.8,NFU,2.522729233,44.160579039
05026000,La Dordogne au Port de St Pardon,2020-07-01,278.0,NFU,-0.316455652,44.909467377
05234029,L'Arrêt Darré à Vielle Adour,2020-07-01,1.9,NFU,0.154980325,43.146731709
05093550,Le Riou Mort en aval de Viviez,2020-07-01,1.8,NFU,2.211491123,44.565405003
05093300,Le Lot à Bouillac,2020-07-01,2.2,NFU,2.159848696,44.571956503
05116500,La Séoune à Belvèze,2020-07-01,1.7,NFU,1.099188463,44.323506316
05042050,L'Auvézère à Pervendoux,2020-07-01,9.0,NFU,1.173311429,45.34374469
05029750,Le Ruisseau de Gendarme à Petit-Palais-et-Cornemps,2020-07-01,30.0,NFU,-0.081362326,44.982645835
05150900,Le Tarn en amont de Pont de Monvert,2020-07-01,0.12,NFU,3.819247206,44.387380995
05097900,Le Chapouillet à St-Chély d'Apcher,2020-07-01,0.7,NFU,3.328019768,44.773897631
05117000,La Garonne à Lamagistère,2020-07-01,7.9,NFU,0.817934051,44.123429432
05043300,La Loue au Moulin des Jalladas,2020-07-01,6.4,NFU,1.177744946,45.493152347
02116500,L'ENNEMANE A HARAUCOURT,2020-07-01,0.5,NFU,4.960952794,49.622178115
05219900,Le Luy au lieu-dit Chérrou,2020-07-01,6.5,NFU,-0.785040987,43.640819645
01000274,LA SENSÉE À ETAING (62),2020-07-01,2.5,NFU,2.996606261,50.278689779
04166950,QUILOURY à PLENEE-JUGON,2020-07-01,6.2,NFU,-2.383120115,48.371048827
04166885,RAU DE LA RIEULE à DOLO,2020-07-01,14.0,NFU,-2.316979176,48.386643082
02116600,LA GIVONNE A DAIGNY,2020-07-01,1.1,NFU,4.987839523,49.687924918
02114250,LE RUISSEAU DE BEAUMONT A BEAUMONT-EN-ARGONNE,2020-07-01,4.0,NFU,5.057975919,49.537014742
02044000,LA ZORN A BIETLENHEIM,2020-07-01,30.5,NFU,7.774395668,48.711761892
06048800,VIEUX JONC A ST-ANDRE-SUR-VIEUX-JONC 3,2020-07-01,8.6,NFU,5.138646877,46.146291728
06210850,TINEE A TOURNEFORT 1,2020-07-01,3.8,NFU,7.174448872,43.933017451
03234650,L'ORNE A SERANS 1,2020-07-01,12.0,NFU,-0.173816283,48.741200108
03231000,LA DIVES A SAINT-SAMSON 1,2020-07-01,8.7,NFU,-0.164218832,49.18427075
03006000,LA SEINE A MERY-SUR-SEINE 1,2020-07-01,5.6,NFU,3.88982603,48.50738038
03231490,L'ANCRE A CRICQUEVILLE-EN-AUGE 1,2020-07-01,7.7,NFU,-0.072055433,49.237177609
04123750,MAYENNE à AMBRIERES-LES-VALLEES,2020-07-01,5.5,NFU,-0.586028818,48.445347915
03013660,L'AUXENCE A VIMPELLES 2,2020-07-01,11.0,NFU,3.173379985,48.44091953
03149081,L'AISNE A ATTIGNY 1,2020-07-01,12.0,NFU,4.579073297,49.480110153
03018951,L'AUBE A VINETS 1,2020-07-01,4.4,NFU,4.234375218,48.530373588
03162430,LE RU DE LA GARDE A CLERMONT 1,2020-07-01,52.0,NTU,2.42453437,49.384245963
BS000001,ANCENIS ILE DELAGE,2020-07-01,6.8,NFU,-1.186715117,47.385744597
CN000250,PRISE DU NEEZ (R. LE NEEZ),2020-07-01,2.93,NFU,0.000135918,43.050546387
DO000005,PRISE D'EAU DE SURESNES,2020-07-01,1.9,NFU,2.221965676,48.872450889
BX000795,MONPLAISIR (LA LOIRE),2020-07-01,6.6,NFU,-0.508279999,47.430158894
05053090,Le Saulières à Malemort sur Corrèze,2020-07-01,9.4,NFU,1.563343542,45.17093388
05029000,La Saye au moulin de Grimard,2020-07-01,8.1,NFU,-0.291889312,45.014190747
05125290,Le Lieux de Naucelle en aval de l'Etang de Bonnefon,2020-07-01,3.0,NFU,2.324689418,44.169889743
05122400,Le Cérou en amont de Cordes,2020-07-01,4.7,NFU,1.970917242,44.069387749
05027010,Le Gestas à St Germain du Puch,2020-07-01,13.0,NFU,-0.337426687,44.866575207
05219600,Le Grand Arrigan à Estibeaux,2020-07-01,7.6,NFU,-0.934961849,43.607024492
05023000,La Charente au Pont de Barro,2020-07-01,1.1,NFU,0.222720137,46.001680908
05161000,La Garonne en aval de Toulouse,2020-07-01,4.3,NFU,1.368139354,43.700396138
05093600,Le Riou Viou en amont de Viviez,2020-07-01,0.5,NFU,2.209941141,44.551979712
05112000,La Garonne en aval d'Agen,2020-07-01,12.0,NFU,0.605601639,44.208143778
05023050,Le Lien à Condac,2020-07-01,0.8,NFU,0.217601682,46.023631038
05111650,Le Bourbon à Laugnac,2020-07-01,6.3,NFU,0.643023413,44.28711827
05053100,La Corrèze à Malemort,2020-07-01,8.1,NFU,1.570076433,45.173001572
05006000,La Boutonne à Chérigné,2020-07-01,3.8,NFU,-0.16658405,46.122320398
05236100,L'Adour en amont de Bagnères-de-Bigorre,2020-07-01,0.95,NFU,0.157561873,43.054009315
05125600,Le ruisseau de Congorbes à Quins,2020-07-01,5.0,NFU,2.427998735,44.228174219
05019940,La Bonnieure à Saint-Ciers-sur-Bonnieure,2020-07-01,4.6,NFU,0.248564629,45.870399511
05005950,La Boutonne au Pont de Brioux,2020-07-01,3.8,NFU,-0.217514801,46.144139813
05234035,L'Estéous à Pouyastruc,2020-07-01,8.0,NFU,0.185453794,43.284253567
04163500,GUYOULT à MONT-DOL,2020-07-01,1.9,NFU,-1.781342146,48.579439803
05117530,La Petite Barguelonne à Montbarla,2020-07-01,23.0,NFU,1.06132184,44.209846347
05025835,Le Moron au niveau de Pugnac,2020-07-01,4.7,NFU,-0.47693088,45.096434353
05044300,L'Isle au Chalard,2020-07-01,13.0,NFU,1.154671072,45.558167366
05018950,Le Bief à Luxé,2020-07-01,2.7,NFU,0.111483536,45.896083489
05096810,Le Bès à Saint-Juéry,2020-07-01,0.5,NFU,3.084549944,44.827469557
01046000,LA SENSÉE CANALISÉE À FÉRIN (59),2020-07-01,6.3,NFU,3.072259108,50.32241873
05039200,La Manoire en aval de Boulazac,2020-07-01,5.9,NFU,0.760895853,45.182399623
05234014,L'Arros au niveau de Bonnemazon,2020-07-01,1.7,NFU,0.258125783,43.10980523
04212800,VILAINE à PLECHATEL,2020-07-01,5.5,NFU,-1.777663669,47.873480003
04211950,SEMNON à EANCE,2020-07-01,15.0,NFU,-1.259484151,47.82342592
04213000,VILAINE à GUIPRY,2020-07-01,4.3,NFU,-1.84228789,47.798739267
02117575,LA BAR A SAUVILLE,2020-07-01,6.1,NFU,4.823129486,49.554794785
02115950,LA MARCHE A SAPOGNE-SUR-MARCHE,2020-07-01,3.4,NFU,5.319155201,49.614466776
06192000,VIDOURLE A ST-LAURENT-D'AIGOUZE ,2020-07-01,3.1,NFU,4.190816711,43.639126355
06190650,CADOULE A MAUGUIO 3,2020-07-01,5.6,NFU,4.046478879,43.610664195
06215900,GRAVONE A BOCOGNANO 1,2020-07-01,0.32,NFU,9.102891577,42.092623654
03178000,L'EPTE A FOURGES 1,2020-07-01,3.9,NFU,1.64512256,49.119980322
03233980,L'URE A SILLY-EN-GOUFFERN 2,2020-07-01,18.0,NFU,0.100385111,48.753659815
03032000,L'YONNE A MONTEREAU-FAULT-YONNE 1,2020-07-01,3.2,NFU,2.959478246,48.387420034
03162700,LA BERONNELLE A BREUIL-LE-SEC 3,2020-07-01,13.6,NTU,2.445801387,49.364273167
DD000345,RIVIERE LE TARN RABASTENS,2020-07-01,2.3,NFU,1.732699968,43.84688257
BD000058,KERLEGUER_,2020-07-01,2.2,NFU,-4.498176773,48.390499154
BG000079,"RIV GIMONE MAUVEZIN ""L'ESTANQUE""",2020-07-01,236.0,NFU,0.865724356,43.740030937
05158700,L'Aussonnelle à Seilh,2020-07-01,12.0,NFU,1.358402052,43.696469609
05121000,L'Aveyron à Féneyrols,2020-07-01,7.0,NFU,1.819439991,44.129249137
05150000,Le Tarn à Montbrun,2020-07-01,0.34,NFU,3.496319567,44.333138955
05234034,La Chella à Mun,2020-07-01,11.0,NFU,0.278831007,43.289255993
05154400,Le Lambon à St-Sardos,2020-07-01,58.0,NFU,1.145636111,43.879196926
05230000,Le Gabas au niveau de Montaut,2020-07-01,5.3,NFU,-0.626523746,43.745851462
05111602,Le Petit Auvignon au niveau de Montagnac sur Auvignon,2020-07-01,47.0,NFU,0.444833107,44.145892472
05211500,Le Luzoué à Lagor,2020-07-01,2.42,NFU,-0.644365009,43.391279746
05019930,La Bonnieure à Puygelier,2020-07-01,0.82,NFU,0.207215283,45.873890309
05053975,La Corrèze en aval de l'agglomération de Tulle,2020-07-01,6.1,NFU,1.729021297,45.233279291
05153000,La Gimone à Lafitte,2020-07-01,78.0,NFU,1.120824999,43.972484074
05236000,L'Adour à Pouzac,2020-07-01,0.84,NFU,0.139109377,43.087180026
05232210,Le Lées de Garlin au niveau de Monassut Audiracq,2020-07-01,5.39,NFU,-0.187742669,43.42595169
05093000,Le Lot à Capdenac (Pont de Capdenac),2020-07-01,0.8,NFU,2.07274878,44.577651868
05120150,La Bonnette à St-Antonin,2020-07-01,1.5,NFU,1.754602052,44.161208031
01000827,LA SCARPE RIVIÈRE À MONT SAINT ELOI (62),2020-07-01,18.0,NFU,2.690599094,50.337165227
04167010,ARGUENON à JUGON-LES-LACS,2020-07-01,4.0,NFU,-2.3260886,48.414425732
04311023,ARGUENON A PLANCOET,2020-07-01,3.2,NFU,-2.233274782,48.521916805
02045200,LA SAUER A GUNSTETT,2020-07-01,9.6,NFU,7.753987222,48.913416967
06048540,IRANCE A MEZERIAT ,2020-07-01,16.0,NFU,5.071381881,46.229663773
03228690,LA DIVES A OMMOY 1,2020-07-01,3.3,NFU,-0.016945447,48.85673293
03234215,L'HOUAY A MOULINS-SUR-ORNE 1,2020-07-01,6.5,NFU,-0.061340768,48.748363353
AM000624,LES GIRAUDETS GARDANNE,2020-07-01,2.4,NFU,5.309376921,43.404247077
05117500,La Barguelonne à Fourquet,2020-07-01,23.0,NFU,0.996797487,44.169251315
05234016,Le Laca à Gourgue,2020-07-01,0.58,NFU,0.262108558,43.132315981
05158000,Le Girou à Cépet,2020-07-01,8.7,NFU,1.433921776,43.752663689
05117580,Le Lendou au niveau de Montlauzun,2020-07-01,9.9,NFU,1.205198321,44.283870538
05148200,La Dourbie en amont de Dourbies,2020-07-01,0.21,NFU,3.491413062,44.07537024
05116050,La Petite Séoune à Saint-Martin-de-Beauville,2020-07-01,12.0,NFU,0.807815675,44.243884828
05005610,La Légère à St-Faziol,2020-07-01,3.1,NFU,-0.147199539,46.202615918
05041000,L'Isle à Charrièras,2020-07-01,2.6,NFU,0.803201838,45.201976178
05118893,Le Camezon au lieu dit Lamarion,2020-07-01,34.0,NFU,0.853446689,43.977373862
05022400,L'Argent-Or à Poursac,2020-07-01,5.2,NFU,0.25553416,45.960492483
05053960,Le ruisseau du Mazet au niveau de Cornil,2020-07-01,11.0,NFU,1.725573715,45.226305846
05029800,L'Isle à Guitres,2020-07-01,4.1,NFU,-0.192069079,45.037104122
05154500,La Garonne à Verdun-sur-Garonne,2020-07-01,9.6,NFU,1.242985923,43.853893154
05054600,La Solane en aval de Naves,2020-07-01,19.0,NFU,1.756096956,45.29536125
05111530,La Masse de Prayssas,2020-07-01,23.0,NFU,0.48464717,44.266135904
05005000,La Boutonne au Pont des Loges à Séligné,2020-07-01,5.0,NFU,-0.302987282,46.145650981
05105000,La Gélise à Cauderoue,2020-07-01,11.0,NFU,0.293223198,44.136489841
05154280,Le Canal de Montech à Montech,2020-07-01,15.0,NFU,1.244658371,43.970311643
05094810,Le Lot à Livinhac,2020-07-01,2.7,NFU,2.229703705,44.585519887
05018000,La Charente à Roffit,2020-07-01,0.76,NFU,0.153785593,45.678465734
05223170,Le Louts à Samadet,2020-07-01,1.9,NFU,-0.487989705,43.624911875
05125650,La Nauze à Calmont,2020-07-01,1.3,NFU,2.513941048,44.248120921
05149000,La Jonte au Maynial,2020-07-01,0.73,NFU,3.277388002,44.200330339
05154800,La Garonne à Mauvers,2020-07-01,4.3,NFU,1.256816802,43.811539323
04376007,COUYERE A THOURIE,2020-07-01,8.0,NFU,-1.502345283,47.841944494
04375008,CANUT A GUICHEN,2020-07-01,10.0,NFU,-1.767743008,47.92984629
04376005,SEMNON A THOURIE,2020-07-01,4.3,NFU,-1.473649537,47.833515393
02043750,LE ROHRBACH A HOCHFELDEN,2020-07-01,59.0,NFU,7.574484594,48.749008577
02115825,LA CHIERS A MONTMEDY,2020-07-01,10.3,NFU,5.336180903,49.509209872
02043775,LE BACHGRABEN A HOCHFELDEN,2020-07-01,5.0,NFU,7.582889214,48.756127541
02115900,LE LOISON A HAN-LES-JUVIGNY,2020-07-01,8.6,NFU,5.329912252,49.480576113
03055000,LE LOING A MORET-SUR-LOING 1,2020-07-01,1.5,NFU,2.825622633,48.366633088
03232450,LA VIE A COUPESARTE 1,2020-07-01,2.1,NFU,0.114931442,49.057335033
04163000,COUESNON à SOUGEAL (ANTRAIN),2020-07-01,2.6,NFU,-1.485306732,48.487306729
AU000836,CAVALAJO,2020-07-01,0.15,NFU,9.444752448,42.418487029
BD002307,PENHOAT,2020-07-01,2.6,NFU,-3.902130434,48.604438138
DD000355,LIEURAC RIVIERES (PR.TARN),2020-07-01,6.2,NFU,1.975166805,43.915165904
05111600,L'Auvignon au niveau de Calignac,2020-07-01,52.0,NFU,0.438320947,44.149973017
05230020,Le ruisseau de Laudon au niveau d'Audignon,2020-07-01,13.0,NFU,-0.604907187,43.715942972
05024180,Le Transon au niveau de Chatain,2020-07-01,6.4,NFU,0.4369725,46.085025568
05103990,La Gaubège à Saint-Léger,2020-07-01,41.0,NFU,0.320085957,44.302503087
05234015,L'Arros à Ozon,2020-07-01,0.94,NFU,0.249087069,43.159344434
05035300,La Dronne au niveau de Dournazac,2020-07-01,4.1,NFU,0.922132382,45.605993566
05042060,Les Belles-Dames au niveau de Payzac,2020-07-01,24.0,NFU,1.249784089,45.391080639
05125450,Le Giffou au niveau de Lissart,2020-07-01,1.9,NFU,2.498610738,44.07406496
05151050,Le Baumale en amont de Vebron,2020-07-01,0.21,NFU,3.592968577,44.226892837
05121320,Le Fonpeyrouse au droit de Caylus,2020-07-01,3.9,NFU,1.839907687,44.231727719
05125460,Le Giffou au Moulin de Marc,2020-07-01,1.8,NFU,2.611254634,44.063362242
05054030,La Saint-Bonnette au niveau de Laguenne,2020-07-01,7.0,NFU,1.786004763,45.249672232
05220950,Le Luy de France à Amou,2020-07-01,5.1,NFU,-0.714281292,43.615427633
05045000,La Dordogne à Branne,2020-07-01,43.0,NFU,-0.186898887,44.832524399
05018400,La Charente à Montignac sur Charente,2020-07-01,1.5,NFU,0.107834213,45.783893871
02117000,LA MEUSE A DONCHERY,2020-07-01,1.0,NFU,4.874390457,49.693275539
02115840,LA THONNE A AVIOTH,2020-07-01,1.8,NFU,5.3922395,49.564653042
02117400,LA VRIGNE A VRIGNE-MEUSE,2020-07-01,1.4,NFU,4.850579718,49.701504304
06196850,TOULOUBRE A ST-CHAMAS 1,2020-07-01,36.0,NFU,5.042832533,43.541352849
06048640,VEYLE A POLLIAT 1,2020-07-01,6.7,NFU,5.126497707,46.243131754
06215640,FIUMORBO A GHISONI ,2020-07-01,0.57,NFU,9.244364796,42.102881706
06213000,VAR A NICE ,2020-07-01,28.0,NFU,7.195087339,43.674072371
06710110,VAR A UTELLE 2,2020-07-01,11.0,NFU,7.194331199,43.872559149
06216600,VALDU MALU A PERI ,2020-07-01,0.31,NFU,8.895963687,42.011902277
06195500,ARC (13) A BERRE-L'ETANG ,2020-07-01,9.4,NFU,5.132242834,43.504846268
06215000,BEVINCO A RUTALI ,2020-07-01,0.6,NFU,9.363625252,42.592507617
03012100,LA SEINE A COURCEROY 1,2020-07-01,2.6,NFU,3.416207672,48.468501936
03174695,LA RIVIÈRE DE MÉSANGUEVILLE A DAMPIERRE-EN-BRAY 2,2020-07-01,8.9,NFU,1.686726922,49.533033958
03011300,LA SEINE A CONFLANS-SUR-SEINE 1,2020-07-01,2.3,NFU,3.680825221,48.548937959
03109000,LA MARNE A LA FERTE-SOUS-JOUARRE 1,2020-07-01,1.9,NFU,3.124601326,48.944716518
03175000,L'EPTE A BOUCHEVILLIERS 1,2020-07-01,2.5,NFU,1.710863384,49.402144486
DP000077,PRISE NEUILLY SUR MARNE,2020-07-01,5.1,NFU,2.563229883,48.835942797
BF000326,MARQUISAT  PRISE CANAL,2020-07-01,1.6,NFU,1.32825987,43.577005313
DJ001901,LA VIENNE - LIMOGES,2020-07-01,2.5,NFU,1.325245973,45.847752547
05003900,La Guillotière à Loiré-sur-Nie,2020-07-01,2.7,NFU,-0.281870745,45.952220112
05023100,La Lizonne en aval de Bioussac,2020-07-01,4.9,NFU,0.262168252,46.044269088
05103000,Le Lot à Chadenet,2020-07-01,0.2,NFU,3.633783733,44.519047478
05096805,La Bédaule au niveau d'Arzenc d'Apcher,2020-07-01,1.0,NFU,3.107704916,44.828890022
05116100,La Séoune à Montjoi,2020-07-01,5.8,NFU,0.916412984,44.193144779
05118900,L'Ayroux à St Michel,2020-07-01,17.0,NFU,0.969638155,44.044684816
05160000,Le Canal Latéral au droit de Lespinasse,2020-07-01,7.2,NFU,1.386478721,43.709489755
05234012,L'Arrêt-Darré à Gonez,2020-07-01,2.7,NFU,0.220548468,43.237637011
05125540,Le Lagast à Auriac Lagast,2020-07-01,2.4,NFU,2.610091273,44.163984656
05125615,Le ruisseau de la Nauze à Camboulazet,2020-07-01,0.7,NFU,2.456298711,44.206355103
05028110,La Barbanne à Libourne,2020-07-01,16.0,NFU,-0.240042818,44.945064221
05118950,La Garonne à St-Nicolas de la Grave,2020-07-01,6.9,NFU,1.028263252,44.091942362
05122000,Le Cérou à Milhars,2020-07-01,3.1,NFU,1.878448201,44.129508673
05019000,La Charente à Luxé,2020-07-01,2.0,NFU,0.111631059,45.889329044
05125420,La Cône en amont de la Selve,2020-07-01,2.4,NFU,2.539694001,44.1083573
05025830,Le Colinet (Soptier) en aval de Cézac,2020-07-01,21.0,NFU,-0.466825703,45.091071282
01001785,LA SOUCHEZ À SOUCHEZ (62),2020-07-01,32.0,NFU,2.744982259,50.392880314
05029730,Le Palais au niveau de Sablons,2020-07-01,10.0,NFU,-0.193584108,45.017776732
05102100,Le Lot en aval de l'agglomération de Mende,2020-07-01,0.6,NFU,3.460194651,44.503883625
05232200,Le Lees de Garlin à Castetpugon,2020-07-01,7.21,NFU,-0.247606976,43.567705902
04376000,RAU DE CHOISEL à POLIGNE,2020-07-01,6.4,NFU,-1.710524252,47.892470169
04377010,RAU DES RIAIS A GUIPRY-MESSAC,2020-07-01,13.0,NFU,-1.832164571,47.789398975
02045150,LA SAUER A LEMBACH,2020-07-01,8.6,NFU,7.757042996,49.044333724
02114000,LA MEUSE A INOR,2020-07-01,3.3,NFU,5.158974095,49.541354648
06044200,BIEF DU BOIS THARLET A SAINT ETIENNE DU BOIS,2020-07-01,12.0,NFU,5.281923488,46.286775855
06196950,CADIERE A MARIGNANE 1,2020-07-01,2.4,NFU,5.201676112,43.411341641
06212600,ESTERON A GILETTE - LA CLAVE ,2020-07-01,4.2,NFU,7.146495259,43.846849076
03014000,LA SEINE A MONTEREAU-FAULT-YONNE 1,2020-07-01,4.9,NFU,2.959679779,48.388823587
03231065,LA MUANCE A MOULT 1,2020-07-01,1.9,NFU,-0.152864178,49.11120147
03039000,L'ARMANÇON A CHENY 1,2020-07-01,3.1,NFU,3.531826156,47.956008425
DJ000478,LA BRIANCE,2020-07-01,15.0,NFU,1.273612967,45.725893567
05031850,La Rizonne à Ponteyraud,2020-07-02,8.0,NFU,0.2454466,45.19312171
05197200,Le ruisseau de Magescq à Azur,2020-07-02,2.9,NFU,-1.274173888,43.775417067
05024300,La Charente à Suris,2020-07-02,3.7,NFU,0.637330166,45.84730468
05192320,L'Onesse en amont du R. d'Hossegor,2020-07-02,3.1,NFU,-1.042439953,44.055597011
05009000,La Seugne à La Vallade,2020-07-02,6.2,NFU,-0.392694578,45.420511242
05033400,Le Ruisseau de Beaussac à Beaussac,2020-07-02,28.0,NFU,0.501650458,45.492570917
05033530,Le Jalley au niveau de Saint-Méard-de-Drône,2020-07-02,5.7,NFU,0.425782526,45.258507
05011720,La Maury au Pont des Ecures,2020-07-02,8.7,NFU,-0.067826331,45.487277613
02120750,LE RUISSEAU DE LA FALIGEE A MONTHERME,2020-07-02,1.3,NFU,4.734953932,49.911646245
05222980,Le Ruisseau de Cabanes à St-Paul-les-Dax,2020-07-02,3.0,NFU,-1.042588271,43.739029433
01002226,LA TROUILLE À VILLERS SIRE NICOLE (59),2020-07-02,8.9,NFU,4.017895333,50.334875705
01002224,LA TARSY À SAINT REMY CHAUSSEE (59),2020-07-02,5.8,NFU,3.875030498,50.171020368
05223210,Le Luzou à Bégaar,2020-07-02,3.5,NFU,-0.860694662,43.828431915
02118450,LE THIN A SAINT-MARCEL,2020-07-02,9.1,NFU,4.583381961,49.784095376
04070450,CHER à SAINT-GEORGES-SUR-CHER,2020-07-02,0.79,NFU,1.130956908,47.331266525
04215520,CANUT SUD à SIXT-SUR-AFF,2020-07-02,5.3,NFU,-1.998611459,47.735168304
06047200,REYSSOUZE A PONT-DE-VAUX 1,2020-07-02,8.4,NFU,4.95847787,46.424036521
03085730,LA MARNE A MARNAY-SUR-MARNE 1,2020-07-02,4.5,NFU,5.248669677,48.012067761
06049010,PETITE VEYLE A GRIEGES 3,2020-07-02,4.3,NFU,4.857628637,46.266853183
03063000,LA SEINE A ABLON-SUR-SEINE 2,2020-07-02,5.1,NFU,2.41559629,48.71866825
05031380,Le Ruisseau du Moulin d'Aignes au niveau de St Cybard,2020-07-02,16.0,NFU,0.146669481,45.429863255
05197000,La Palue en aval de Castets,2020-07-02,2.9,NFU,-1.181715741,43.885705357
05226000,La Midouze à Campagne,2020-07-02,9.6,NFU,-0.659318817,43.907720162
05015250,Le Charreau à Torsac,2020-07-02,1.1,NFU,0.215817202,45.564593515
05022300,La Sonnette au Moulin de Mouchedune,2020-07-02,8.8,NFU,0.432450511,45.917793714
05024200,La Charente à Alloué,2020-07-02,3.8,NFU,0.510305119,46.025394878
05031050,L'argentonne à Medillac,2020-07-02,14.0,NFU,0.029281576,45.232811047
05229200,L'Adour à Onard,2020-07-02,7.8,NFU,-0.837279293,43.789256614
01001503,LA HANTE À BOUSIGNIES SUR ROC (59),2020-07-02,8.2,NFU,4.18401279,50.268742296
04313000,GOUESSANT A LAMBALLE,2020-07-02,14.0,NFU,-2.524417978,48.474532774
04208590,SEREIN à TALENSAC,2020-07-02,14.0,NFU,-1.910794315,48.084776215
04462002,CANAL DE BERRY À SELLES-SUR-CHER,2020-07-02,9.6,NFU,1.595456407,47.280323883
04199401,AFF à GUER,2020-07-02,8.8,NFU,-2.101805365,47.89484525
04168250,URNE à PLEDRAN,2020-07-02,5.7,NFU,-2.752571986,48.466535733
02046870,L'ENGELBACH (EICHELGRABEN) A HATTEN,2020-07-02,15.4,NFU,7.98051689,48.912085421
02118300,LA SORMONNE A GIRONDELLE,2020-07-02,3.4,NFU,4.398542743,49.848804694
02119000,LA MEUSE A NOUZONVILLE,2020-07-02,7.2,NFU,4.741147393,49.816353864
06175320,BERRE A PORTEL-DES-CORBIERES 1,2020-07-02,2.5,NFU,2.899611997,43.049843593
06188900,PALLAS A LOUPIAN 2,2020-07-02,60.0,NFU,3.607635283,43.434775327
06216800,PRUNELLI A BASTELICA 1,2020-07-02,0.68,NFU,9.01670183,41.980209855
02047000,LE SELTZBACH A NIEDERROEDERN,2020-07-02,18.0,NFU,8.048102072,48.903458455
02046600,LE HAUSAUERBACH A HUNSPACH,2020-07-02,25.8,NFU,7.955910717,48.963132289
03237800,L'ORNE A LOUVIGNY 1,2020-07-02,1.5,NFU,-0.382502013,49.152218434
06189675,MOSSON A LATTES ,2020-07-02,3.1,NFU,3.860128905,43.545056602
03112234,LE MORBRAS A ROISSY-EN-BRIE 2,2020-07-02,4.0,NFU,2.632930475,48.789212114
03085000,LA SEINE A CONFLANS-SAINTE-HONORINE 1,2020-07-02,3.7,NFU,2.082900235,48.988638724
03014130,L'AUBE A AUBERIVE 3,2020-07-02,11.0,NFU,5.080423025,47.777652066
03093900,LE ROGNON A BOURDONS-SUR-ROGNON 3,2020-07-02,1.8,NFU,5.316118523,48.209684558
05033500,La Dronne à Epeluche,2020-07-02,2.9,NFU,0.288931271,45.270317092
05197900,Le Boudigau à la ferme Darman,2020-07-02,31.0,NFU,-1.418833226,43.581826818
05011660,Le Condéon à Condéon,2020-07-02,14.0,NFU,-0.139458247,45.408245912
05025600,La Livenne à St Aubin de Blaye,2020-07-02,10.0,NFU,-0.578544911,45.242388177
05214100,Le Nez à Jurançon,2020-07-02,2.78,NFU,-0.404555722,43.291668527
05031900,La Dronne à Bonnes,2020-07-02,4.9,NFU,0.151790734,45.237803931
05031000,La Tude en aval de Chalais,2020-07-02,8.8,NFU,0.028338712,45.220351301
05224000,La Midouze au niveau de Bégaar,2020-07-02,9.3,NFU,-0.829866376,43.807806642
05222000,L'Adour en aval de Dax,2020-07-02,12.0,NFU,-1.133670655,43.675055909
05017060,L'Echelle en aval de Peusec,2020-07-02,2.6,NFU,0.267297973,45.643885346
05033505,Le Ruisseau du Boulanger au niveau de Ribérac,2020-07-02,20.0,NFU,0.314718469,45.252830387
05011730,Le Né au Moulin de Lussaud,2020-07-02,18.0,NFU,0.055176234,45.480210568
05031300,La Tude en aval de Montmoreau,2020-07-02,12.0,NFU,0.126025495,45.388338012
05020000,La Bonnieure au pont des Pins,2020-07-02,6.7,NFU,0.393623988,45.820320207
06195500,ARC (13) A BERRE-L'ETANG ,2020-07-02,9.6,NFU,5.132242834,43.504846268
06169100,FOSSELLA A ST-NAZAIRE 1,2020-07-02,7.6,NFU,2.963865733,42.667036455
04214500,VILAINE à LANGON,2020-07-02,14.0,NFU,-1.868257266,47.701064841
04208395,GARUN à BEDEE,2020-07-02,6.7,NFU,-1.965941347,48.151037649
04171050,IC à BINIC,2020-07-02,5.2,NFU,-2.852708621,48.600985096
04167700,RAU DE L'ISLET à ERQUY,2020-07-02,9.1,NFU,-2.431021325,48.618474004
02120790,LE RUISSEAU DE LA PILETTE A MONTHERME,2020-07-02,0.5,NFU,4.740498419,49.907766667
04200499,OUST à SAINT-JEAN-LA-POTERIE,2020-07-02,7.0,NFU,-2.103033226,47.63500069
06169050,AGULLA DE LA MAR A ALENYA ,2020-07-02,6.2,NFU,2.991939013,42.637795814
03086100,LA MARNE A RIAUCOURT 1,2020-07-02,8.7,NFU,5.149853632,48.17852854
03246000,LA SEULLES A TIERCEVILLE 1,2020-07-02,6.7,NFU,-0.530410807,49.291411084
03141490,L'OISE A CONFLANS-SAINTE-HONORINE 1,2020-07-02,4.4,NFU,2.072019717,48.988842829
03125000,LA SEINE A POISSY 1,2020-07-02,5.8,NFU,2.038835044,48.93678189
05033700,La Dronne à Valeuil,2020-07-02,3.3,NFU,0.616879957,45.334452331
05225100,La Midouze à Tartas,2020-07-02,8.1,NFU,-0.807178569,43.834188555
05032800,La Lizonne au Marchais,2020-07-02,9.4,NFU,0.268142976,45.299272845
05024250,La Charente à Roumazières,2020-07-02,3.6,NFU,0.541778351,45.941935235
05225080,Le Retjons en aval de Rion-des- Landes,2020-07-02,2.9,NFU,-0.910376501,43.925683763
05007900,Le Trèfle au niveau de St Georges d'Antignac,2020-07-02,2.2,NFU,-0.500198738,45.502742529
05022450,L'Argent à Vieux-Cérier,2020-07-02,1.7,NFU,0.467222494,45.960832629
04068010,CHER à MENNETOU-SUR-CHER,2020-07-02,1.2,NFU,1.867906798,47.267420096
05219000,Le Luy à Saint-Pandélon,2020-07-02,15.0,NFU,-1.042029865,43.676610233
01001131,L'HELPE MINEURE À GRAND FAYT (59),2020-07-02,5.9,NFU,3.806094563,50.113933832
04208735,VAUNOISE à MORDELLES,2020-07-02,28.0,NFU,-1.859603775,48.081814984
04070240,FOUZON à MEUSNES,2020-07-02,4.6,NFU,1.485287157,47.260372243
02118750,LA GOUTELLE A NOUZONVILLE,2020-07-02,5.9,NFU,4.772980283,49.817989279
03121028,LE RUISSEAU DE LA BEUVRONNE A FRESNES-SUR-MARNE 1,2020-07-02,25.0,NFU,2.732649698,48.934834113
03095000,LE ROGNON A DOULAINCOURT-SAUCOURT 2,2020-07-02,1.6,NFU,5.165197501,48.343716392
DQ000049,G.CHOISY RESSOURCE,2020-07-02,3.2,NFU,2.419103489,48.765114273
AT001640,RIZZANESE,2020-07-02,0.62,NFU,9.076531166,41.723887614
05020100,La Bonnieure au niveau de Suaux,2020-07-02,8.0,NFU,0.503479283,45.833614209
05029900,Le Lary en amont de St-Martin-d'Ary,2020-07-02,9.7,NFU,-0.210750243,45.235540899
05008000,La Seugne à St-Germain de Lusignan,2020-07-02,10.0,NFU,-0.458065669,45.450690136
05007955,Le Tort à St Sigismond de Clermont,2020-07-02,8.9,NFU,-0.5375756,45.452265592
05072148,L'Etier de Maubert à Saint Dizant du Gua,2020-07-02,3.1,NFU,-0.685180556,45.428760715
05223000,L'Adour à St-Vincent de Paul,2020-07-02,8.9,NFU,-0.999545871,43.73377237
05015320,Les Eaux-Claires à Puymerle,2020-07-02,0.78,NFU,0.216846249,45.588045912
05024305,La Moulde à Massignac,2020-07-02,12.0,NFU,0.658480433,45.776935402
01001452,LE CLIGNEUX À SAINT RÉMY DU NORD (59),2020-07-02,9.1,NFU,3.894163669,50.239089508
01002225,LA THURE À COUSOLRE (59),2020-07-02,15.0,NFU,4.146197401,50.229140612
05033380,La Belle au niveau de Ste Croix de Mareuil,2020-07-02,9.4,NFU,0.433368473,45.471659905
04070260,MODON à COUFFI,2020-07-02,8.4,NFU,1.458650025,47.244879222
04464001,R CROISNE À BILLY,2020-07-02,25.0,NFU,1.566932673,47.303997502
04070425,RAU D'AIGUEVIVES À FAVEROLLES-SUR-CHER,2020-07-02,5.0,NFU,1.188186546,47.32042244
02118550,LE RUISSEAU DE THIS A WARCQ,2020-07-02,12.2,NFU,4.652827617,49.763358471
06044845,SANE VIVE A CURCIAT-DONGALON 2,2020-07-02,9.3,NFU,5.157188579,46.493301551
06300400,SALAISON A MAUGUIO 2,2020-07-02,2.9,NFU,4.003845405,43.608159904
06215800,LIAMONE A ARBORI ,2020-07-02,0.34,NFU,8.814854966,42.115951015
06217500,TARAVO A CASALABRIVA ,2020-07-02,0.77,NFU,8.921196648,41.788463397
06043875,BIEF D'AVIGNON A CORMOZ ,2020-07-02,7.9,NFU,5.234741797,46.429330973
06217000,PRUNELLI A BASTELICACCIA ,2020-07-02,0.79,NFU,8.825599916,41.912503017
03014245,LE RUISSEAU DE VITRY A BAY-SUR-AUBE 1,2020-07-02,2.0,NFU,5.063000983,47.836152125
06189500,LEZ A LATTES 2,2020-07-02,7.9,NFU,3.897772699,43.570521935
03227296,LE PRÉ D'AUGE A MANERBE 1,2020-07-02,2.3,NFU,0.169416477,49.174766616
03021230,LE RUISSEAU DU GORGEOT A ROCHETAILLEE 1,2020-07-02,7.4,NFU,5.124056288,47.859261212
03112480,LA MARNE A CHARENTON-LE-PONT 2,2020-07-02,2.2,NFU,2.41962979,48.816895156
06188920,VENE A POUSSAN 1,2020-07-02,3.2,NFU,3.694341572,43.475820807
03088410,LA MARNE A VECQUEVILLE 1,2020-07-02,0.9,NFU,5.14029596,48.459430835
03014030,LE RUISSEAU DE VIVEY A AUBERIVE 1,2020-07-02,15.0,NFU,5.088004496,47.757019058
03226540,L'ORBIQUET A SAINT-PIERRE-DE-MAILLOC 1,2020-07-02,3.7,NFU,0.323829819,49.069440497
AZ001086,CHENECEY BUILLON,2020-07-02,1.5,NFU,5.978539629,47.135152752
05220195,L'Aubin au niveau de Lacadée,2020-07-02,3.16,NFU,-0.651654372,43.534956118
05031100,La Viveronne à Chalais,2020-07-02,9.5,NFU,0.035604027,45.273166496
05035000,La Dronne à St-Front La Rivière,2020-07-02,1.9,NFU,0.722421231,45.47141379
01004000,LA SAMBRE CANALISÉE À JEUMONT (59),2020-07-02,5.1,NFU,4.102224322,50.297894197
05033200,La Lizonne à Jaufrenie,2020-07-02,4.2,NFU,0.317582406,45.435885125
04466002,SENELLES À SAINT-GEORGES-SUR-CHER,2020-07-02,4.2,NFU,1.144970711,47.326079364
K091410,RETENUE DE VILLEREST à CORDELLE,2020-07-02,31.0,NFU,4.054226534,45.917020864
04070290,TRAINE-FEUILLES à SAINT-AIGNAN,2020-07-02,5.7,NFU,1.377744981,47.263869225
04070280,RAU DE SEIGY à SEIGY,2020-07-02,5.2,NFU,1.388009004,47.264462556
02118350,L'AUDRY A MURTIN-ET-BOGNY,2020-07-02,9.3,NFU,4.545427065,49.794305312
04170000,GOUET à LE FOEIL,2020-07-02,5.4,NFU,-2.862370437,48.413862408
06215790,LIAMONE A MURZO ,2020-07-02,0.54,NFU,8.819358196,42.169296979
06180500,CANAL DE LA ROBINE A GRUISSAN ,2020-07-02,24.0,NFU,3.030844093,43.122126674
03227100,LA PAQUINE A HERMIVAL-LES-VAUX 1,2020-07-02,4.1,NFU,0.273899241,49.16568545
03245100,LA LAIZE A LAIZE-LA-VILLE 2,2020-07-02,2.3,NFU,-0.379149814,49.08490923
03014299,LA GERMAINELLE A AULNOY-SUR-AUBE 1,2020-07-02,2.8,NFU,5.032501753,47.798030504
03085730,LA MARNE A MARNAY-SUR-MARNE 1,2020-07-02,4.5,NFU,5.248669677,48.012067761
05225095,Le Retjons dans Rion-des-Landes,2020-07-02,2.8,NFU,-0.916524695,43.928617063
05192300,L'Onesse à St-Julien en Born,2020-07-02,5.6,NFU,-1.229436624,44.068896245
05224100,Le Retjons à Tartas,2020-07-02,0.5,NFU,-0.828678243,43.827579238
05011750,L'Arce au niveau de Bessac,2020-07-02,23.0,NFU,-0.008815761,45.443278989
05225300,Le Bés à Saint-Yaguen,2020-07-02,7.5,NFU,-0.756261984,43.876767352
05022260,Le Son-Sonnette en amont immédiat de Cellefrouin,2020-07-02,3.4,NFU,0.397253189,45.894194301
05033350,La Lizonne au niveau de Ste Croix de Mareuil,2020-07-02,7.8,NFU,0.44414383,45.491276041
01002100,LA FLAMENNE À MAUBEUGE (59),2020-07-02,7.9,NFU,3.9347689,50.266649669
05033510,Le Boulon au niveau d'Allemans,2020-07-02,17.0,NFU,0.320273173,45.267829398
K091410,RETENUE DE VILLEREST à CORDELLE,2020-07-02,3.7,NFU,4.054226534,45.917020864
04170500,GOUET à SAINT-JULIEN,2020-07-02,6.4,NFU,-2.833282808,48.446582845
04473009,BEUGON à SAINT-JEAN-SAINT-GERMAIN,2020-07-02,7.6,NFU,1.071186547,47.082090867
04070200,CHER à CHATILLON-SUR-CHER,2020-07-02,0.89,NFU,1.487543444,47.270116206
K091410,RETENUE DE VILLEREST à CORDELLE,2020-07-02,4.2,NFU,4.054226534,45.917020864
02046850,LE SEEBACH A BUHL,2020-07-02,6.9,NFU,8.001701764,48.914878031
02120000,LA SEMOIS A HAULME,2020-07-02,5.8,NFU,4.786690187,49.86290878
06215850,CRUZINI A AZZANA ,2020-07-02,0.45,NFU,8.930237794,42.111532261
06043890,BIEF DE TURIN A DOMSURE 1,2020-07-02,117.0,NFU,5.282602278,46.429537161
06217470,TARAVO A FORCIOLO ,2020-07-02,1.2,NFU,9.033658289,41.845834423
06049000,VEYLE A GRIEGES ,2020-07-02,4.0,NFU,4.859016051,46.274054367
03228000,LA TOUQUES A SAINT-MARTIN-AUX-CHARTRAINS 1,2020-07-02,4.8,NFU,0.147636705,49.304033679
03014140,LE RUISSEAU D'ACQUENOVE A AUBERIVE 1,2020-07-02,33.0,NFU,5.092628611,47.779532872
03246300,LA MUE A REVIERS 1,2020-07-02,4.3,NFU,-0.465179903,49.295562494
AF000850,CANAL DE LA SIAGNE,2020-07-02,0.71,NFU,6.928573948,43.660534999
05033580,Le Ruisseau des Planches au niveau de Tocane St Apre,2020-07-02,7.2,NFU,0.508521079,45.259841478
05220840,L'Uzan au niveau de Uzan,2020-07-02,1.99,NFU,-0.497096638,43.478088813
05225000,Le Retjons en amont de Tartas,2020-07-02,2.1,NFU,-0.840092541,43.862045298
05031350,La Velonde au niveau de St Amant,2020-07-02,34.0,NFU,0.149522079,45.407680054
05039150,La Beauronne à Chancelade,2020-07-02,6.8,NFU,0.668810418,45.205466856
05192315,Le ruisseau de Harencin à Onesse et Laharie,2020-07-02,0.94,NFU,-1.084900046,44.060598696
05210020,La Geüle au niveau de Mont,2020-07-02,6.38,NFU,-0.650470032,43.438265738
05009845,La Seugne au niveau de Fontaines-d'Ozillac,2020-07-02,8.3,NFU,-0.359088593,45.37925413
05033525,Le Tournevalude au niveau de Villetoureix,2020-07-02,13.0,NFU,0.391427295,45.263476325
05031600,La Tude à Chavenat,2020-07-02,14.0,NFU,0.189324967,45.453827063
05010000,Le Pharaon à St-Pardon,2020-07-02,20.0,NFU,-0.309880913,45.388740494
01009300,LA SAMBRE RIVIÈRE À BERGUES SUR SAMBRE (02),2020-07-02,4.2,NFU,3.702815668,50.035187684
01009000,LA SOLRE À FERRIÈRE LA PETITE (59),2020-07-02,16.0,NFU,4.018047186,50.239725854
05024309,La Charente au niveau de Videix,2020-07-02,19.0,NFU,0.740681571,45.796178309
01002222,LA RIVIERETTE À LE FAVRIL (59),2020-07-02,6.4,NFU,3.71752014,50.101044422
01008000,L'HELPE MAJEURE À TAISNIÈRES-EN-THIÉRACHE (59),2020-07-02,5.6,NFU,3.816526383,50.1486991
05229250,Le Gaillou au niveau de Souprosse,2020-07-02,8.8,NFU,-0.743333619,43.802705942
05211605,La Baysère au niveau de Noguères,2020-07-02,5.41,NFU,-0.611248295,43.366543948
04171010,GOUET à PLOUFRAGAN,2020-07-02,3.1,NFU,-2.8274959,48.509687256
04215195,AFF à BAINS-SUR-OUST,2020-07-02,11.0,NFU,-2.116674115,47.727678492
02046500,LE WINTZENBACH A HOFFEN,2020-07-02,15.7,NFU,7.94262869,48.933425259
04466001,CHEZELLES À SAINT-GEORGES-SUR-CHER,2020-07-02,13.0,NFU,1.110523939,47.315528488
02118500,LA SORMONNE A BELVAL,2020-07-02,23.9,NFU,4.637902684,49.77990645
02118200,LA VENCE A LA FRANCHEVILLE,2020-07-02,9.6,NFU,4.714135136,49.727776907
02046800,LE SELTZBACH A HATTEN,2020-07-02,17.4,NFU,7.980477761,48.912961085
06189675,MOSSON A LATTES ,2020-07-02,7.7,NFU,3.860128905,43.545056602
06217465,FIUMICELLU A FORCIOLO,2020-07-02,2.3,NFU,9.006178145,41.854250725
06580619,VALLIERE A MONTAGNAT ,2020-07-02,39.0,NFU,5.282918988,46.174824362
06580640,BIEF D'ENFER A ST ETIENNE SUR REYSSOUZE 1,2020-07-02,3.7,NFU,5.012765201,46.411940958
03120900,LA RENEUSE A GRESSY 1,2020-07-02,9.9,NFU,2.665200616,48.957155058
03090470,LA BLAISE A WASSY 3,2020-07-02,1.7,NFU,4.93092796,48.514601866
03014330,LE RUISSEAU D'ÉRELLES A ARBOT 1,2020-07-02,6.3,NFU,5.01266723,47.850884062
03226300,LA TOUQUES A SAINT-MARTIN-DE-LA-LIEUE 1,2020-07-02,4.6,NFU,0.216533093,49.105316671
03014170,LE RUISSEAU DU VAL CLAVIN A AUBERIVE 1,2020-07-02,10.0,NFU,5.055531333,47.782257514
03121398,LE RU DES CERCEAUX A GRESSY 1,2020-07-02,29.0,NFU,2.653136607,48.956059654
03014320,LE RUISSEAU LONGEREAU A ROUVRES-SUR-AUBE 1,2020-07-02,5.5,NFU,4.995211172,47.840490199
03237800,L'ORNE A LOUVIGNY 1,2020-07-02,1.5,NFU,-0.382502013,49.152218434
AC000211,PRAT - LE CHER,2020-07-02,2.4,NFU,2.513606168,46.267838712
AF000778,PRISE D'EAU DE LA SIAGNE,2020-07-02,1.6,NFU,6.917230242,43.538398892
BE000482,PRISE DE FAVEYROLLES,2020-07-02,0.33,NFU,3.697015863,44.109366593
BE006169,PRISE BRL G5 SUR CANAL DE CAMPAGNE,2020-07-02,20.0,NFU,4.358828263,43.723380006
01012000,L'ESCAUT CANALISÉ À ESWARS (59),2020-07-03,1.0,NFU,3.274787148,50.216285209
01023000,L'ERCLIN À IWUY (59),2020-07-03,5.3,NFU,3.308216458,50.235112982
03088800,LA MARNE A BAYARD-SUR-MARNE 3,2020-07-03,1.7,NFU,5.074603847,48.548436362
03102000,L'ORNAIN A ALLIANCELLES 1,2020-07-03,1.4,NFU,4.88751158,48.799632946
03047445,L'ÉCOLE A ONCY-SUR-ECOLE 1,2020-07-03,1.8,NFU,2.479444498,48.386994816
03222000,LA RISLE A MANNEVILLE-SUR-RISLE 1,2020-07-03,5.3,NFU,0.565379045,49.347885831
03015000,L'AUBE A VILLE-SOUS-LA-FERTE 1,2020-07-03,0.57,NFU,4.795471206,48.144052112
02047750,LA LAUTER A LAUTERBOURG (B),2020-07-03,20.7,NFU,8.181964426,48.976624157
02106220,L'ELLBACH A BOULAY (AVAL),2020-07-03,3.7,NFU,6.473282224,49.183892752
02123300,LA HOUILLE A LANDRICHAMPS (LA PREE),2020-07-03,1.6,NFU,4.830273741,50.088571533
02106410,LA NIED A GUERSTLING,2020-07-03,2.6,NFU,6.5757813,49.329464727
02106435,L'IHNERBACH A HEINING-LES-BOUZONVILLE,2020-07-03,26.6,NFU,6.615408071,49.301612641
06178042,FRESQUEL A ALZONNE ,2020-07-03,50.0,NFU,2.157837559,43.251981471
03065380,LE RUISSEAU DE MARTINVAU A YEVRE LA VILLE 1,2020-07-03,3.6,NFU,2.315814481,48.132558391
03096650,LA CHEE A MERLAUT 1,2020-07-03,5.5,NFU,4.680473664,48.767567836
03065460,LA RIMARDE A YEVRE-LA-VILLE 1,2020-07-03,8.8,NFU,2.347411365,48.170117295
03014695,L'AUBETTE A LIGNEROLLES 1,2020-07-03,3.0,NFU,4.877896825,47.915823438
03096100,LA SAULX A ROBERT-ESPAGNE 1,2020-07-03,2.1,NFU,5.040208459,48.735827448
03014986,LA MAZE A JUVANCOURT 1,2020-07-03,0.34,NFU,4.797542524,48.120735852
03102000,L'ORNAIN A ALLIANCELLES 1,2020-07-03,1.4,NFU,4.88751158,48.799632946
03174000,LA SEINE A POSES 2,2020-07-03,2.4,NFU,1.23665644,49.310144107
03096255,LA SAULX A LE BUISSON 1,2020-07-03,1.9,NFU,4.746559981,48.765998941
BC000241,RIVIERE EURE AUX TROIS PONTS,2020-07-03,8.7,NFU,1.506545013,48.453692674
01029000,LA RHONELLE À MARESCHES (59),2020-07-03,2.1,NFU,3.565668461,50.292373758
03099490,L'ORNAIN A GIVRAUVAL 1,2020-07-03,1.4,NFU,5.33516978,48.665937785
01002215,LA SELLE À NEUVILLY (59),2020-07-03,8.5,NFU,3.507889539,50.141344917
02123500,LA HOUILLE A FROMELENNES,2020-07-03,9.2,NFU,4.854740849,50.118891293
02122200,L'ALYSE A FUMAY,2020-07-03,1.2,NFU,4.684556241,49.996662832
06580491,MOIGNANS A BANEINS 1,2020-07-03,56.0,NFU,4.899029301,46.119195619
03096650,LA CHEE A MERLAUT 1,2020-07-03,5.5,NFU,4.680473664,48.767567836
03271415,LA CANCE A ROMAGNY 1,2020-07-03,8.1,NFU,-0.941232585,48.621232751
03271565,L'ARGONCE A PARIGNY 1,2020-07-03,58.0,NFU,-1.043611997,48.600285036
03271590,LE RUISSEAU DE BAHAN A LAPENTY 1,2020-07-03,9.9,NFU,-1.042582938,48.578351762
02047300,LE RHIN A LAUTERBOURG-KARLSRUHE,2020-07-03,14.3,NFU,8.19784065,48.958949
06057760,MORBIER A STE-EUPHEMIE 1,2020-07-03,5.3,NFU,4.798423493,45.966494732
03174000,LA SEINE A POSES 2,2020-07-03,2.4,NFU,1.23665644,49.310144107
03051500,LE RU D'ANCOEUIL A MOISENAY 1,2020-07-03,4.2,NFU,2.740991008,48.558880551
03065250,LE PETITE RIMARDE A CHAMBON LA FORET 1 - lieu de suivi physi,2020-07-03,30.0,NFU,2.308025021,48.052124377
03193000,L'EURE A LERY 1,2020-07-03,4.9,NFU,1.209558025,49.287347104
03014940,LE RUISSEAU DE DINTEVILLE A DINTEVILLE 1,2020-07-03,0.55,NFU,4.800472276,48.031697132
AM005924,CAP PARC DES SPORTS,2020-07-03,0.67,NFU,5.491267052,43.59830984
01032000,L'HOGNEAU À THIVENCELLE (59),2020-07-03,1.0,NFU,3.634049187,50.439352785
01024000,LA SENSÉE RIVIÈRE À BOUCHAIN (59),2020-07-03,14.0,NFU,3.312433601,50.281050415
01002142,LA SELLE À DOUCHY LES MINES (59),2020-07-03,1.9,NFU,3.386228506,50.315852934
01018000,L'ESCAUT CANALISÉ À MORTAGNE DU NORD (59),2020-07-03,4.6,NFU,3.452163659,50.500665454
02106380,L'OHLIGBACH A BOUZONVILLE,2020-07-03,3.2,NFU,6.539286826,49.289192946
02103850,LA BISTEN A CREUTZWALD,2020-07-03,15.6,NFU,6.688874542,49.225718995
02103800,LA ROSSELLE A PETITE-ROSSELLE,2020-07-03,12.8,NFU,6.835948695,49.211233682
02123000,LA MEUSE A HAM-SUR-MEUSE,2020-07-03,3.7,NFU,4.784836701,50.114735133
02102000,LE MERLE A MERLEBACH,2020-07-03,27.1,NFU,6.813919167,49.14429117
06052410,VAUXONNE A ST-ETIENNE-DES-OULLIERES 2,2020-07-03,1.1,NFU,4.672283363,46.05879478
06177950,FRESQUEL A ST-MARTIN-LALANDE 1,2020-07-03,26.0,NFU,2.01658731,43.304774115
06052435,VAUXONNE A ST-GEORGES-DE-RENEINS 1,2020-07-03,0.13,NFU,4.713438854,46.06585442
06177949,MIGARONNE A VILLESPY,2020-07-03,0.82,NFU,2.099027589,43.31312142
03015005,LE COURS D'EAU NUMÉRO 01 CLAIRVAUX A VILLE-SOUS-LA-FERTE 1,2020-07-03,9.0,NFU,4.791782585,48.145619663
03099490,L'ORNAIN A GIVRAUVAL 1,2020-07-03,1.4,NFU,5.33516978,48.665937785
03065380,LE RUISSEAU DE MARTINVAU A YEVRE LA VILLE 1,2020-07-03,3.6,NFU,2.315814481,48.132558391
03271437,LA SÉLUNE A NOTRE-DAME-DU-TOUCHET 1,2020-07-03,15.0,NFU,-0.969717123,48.598516608
01028000,L'ÉCAILLON À VERCHAIN MAUGRE (59),2020-07-03,4.6,NFU,3.467607479,50.270501654
02106430,LE REMEL A NEUNKIRCHEN-LES-BOUZONVILLE,2020-07-03,3.3,NFU,6.567122583,49.341823414
02106230,LE RUISSEAU D'OTTONVILLE A EBLANGE,2020-07-03,14.8,NFU,6.48670042,49.2212467
02101050,LA ROSSELLE A MACHEREN,2020-07-03,7.2,NFU,6.762349353,49.117553013
06810010,SAONE A ST-SYMPHORIEN-D'ANCELLES ,2020-07-03,1.19,NFU,4.78020088,46.187873089
06177972,MEZERAN (RUISSEAU DE) A VILLEPINTE,2020-07-03,23.0,NFU,2.07878552,43.275337612
06177959,LAMPY A ALZONNE ,2020-07-03,2.2,NFU,2.179879315,43.255452529
03065960,LA VELVETTE A BOIGNEVILLE 2,2020-07-03,5.7,NFU,2.383451257,48.346281353
06580485,CHALARONNE A CHATILLON-SUR-CHALARONNE 2,2020-07-03,39.0,NFU,4.970263961,46.111424069
06178046,LIMBE A ST-PAPOUL ,2020-07-03,4.1,NFU,2.047880556,43.299296574
03047680,L'ECOLE A PRINGY 1,2020-07-03,8.0,NFU,2.553288035,48.519147114
03065050,L'ESSONNE A ESTOUY 1,2020-07-03,5.9,NFU,2.324841704,48.182507125
03066000,L'ESSONNE A BUNO-BONNEVAUX 2,2020-07-03,13.0,NFU,2.383236139,48.360700494
01001336,L'HOGNEAU À GUSSIGNIES (59),2020-07-03,4.6,NFU,3.737987505,50.336154971
06177907,ARGENTOUIRE A ST-PAPOUL ,2020-07-03,7.9,NFU,2.00472346,43.317683421
06050820,CHALARONNE A ST-DIDIER-SUR-CHALARONNE ,2020-07-03,25.0,NFU,4.839753348,46.158110492
06178056,REBENTY A ALZONNE ,2020-07-03,4.8,NFU,2.154588142,43.240243559
03271260,LE RUISSEAU DE LA FRANCIERE A LE TEILLEUL 2,2020-07-03,9.6,NFU,-0.872656287,48.575954411
03014470,L'AUBE A AUBEPIERRE-SUR-AUBE 2,2020-07-03,1.8,NFU,4.931299287,47.916617997
03098000,LA SAULX A VITRY-EN-PERTHOIS 1,2020-07-03,1.6,NFU,4.625819928,48.745672626
03091000,LA MARNE A FRIGNICOURT 1,2020-07-03,1.9,NFU,4.587424586,48.700651184
03271515,LA GUEUCHE A MILLY 1,2020-07-03,8.9,NFU,-1.007293279,48.600379254
DD000377,PONT D'AMBIALET RIVIERE TARN,2020-07-03,7.8,NFU,2.384033935,43.974378167
AK000703,PRISE SUR LE GAZEL,2020-07-03,0.2,NFU,2.5274143,43.376170261
01041000,LA SCARPE CANALISÉE À NIVELLE (59),2020-07-03,12.0,NFU,3.466091312,50.470165911
01016000,L'ESCAUT CANALISÉ À FRESNES SUR ESCAUT (59),2020-07-03,2.1,NFU,3.58111504,50.425967248
02046000,LA SAUER A BEINHEIM,2020-07-03,15.0,NFU,8.085855425,48.865722331
02047500,LA LAUTER A WEILER,2020-07-03,17.7,NFU,7.902768393,49.043169209
03271280,LE RUISSEAU DE CHENILLY A BARENTON 1,2020-07-03,9.7,NFU,-0.876123256,48.604738814
03048000,LA SEINE A SAINT-FARGEAU-PONTHIERRY 1,2020-07-03,3.4,NFU,2.547862123,48.53751414
03271415,LA CANCE A ROMAGNY 1,2020-07-03,8.1,NFU,-0.941232585,48.621232751
03088800,LA MARNE A BAYARD-SUR-MARNE 3,2020-07-03,1.7,NFU,5.074603847,48.548436362
DD000384,PUECH RODE JONCOUS,2020-07-03,3.4,NFU,2.457821553,43.753239963
05164700,L'Ariège à Goyrans (amont STEP),2020-07-06,3.7,NFU,1.419126237,43.474724843
04003300,LIGNON-DU-VELAY à GRAZAC,2020-07-06,0.97,NFU,4.176256499,45.222937646
02094950,L'ALZETTE A AUDUN-LE-TICHE,2020-07-06,2.0,NFU,5.966111182,49.485375444
05157607,Le ruisseau de Visenc à Labastide-beauvoir (aval STEP),2020-07-06,18.0,NFU,1.664584926,43.469207935
01071000,LA LAWE À DIVION (62),2020-07-06,10.0,NFU,2.528453873,50.464931997
05157620,L'Hers Mort à Baziège,2020-07-06,25.0,NFU,1.626100838,43.440743027
05157362,Le ruisseau d'Escalquens au niveau d'Escalquens,2020-07-06,7.0,NFU,1.533741923,43.521778225
N120510,RETENUE DU JAUNAY à LANDEVIEILLE,2020-07-06,7.9,NFU,-1.783316101,46.659801933
04638007,L'OUDON à SEGRÉ,2020-07-06,7.9,NFU,-0.887785289,47.698873931
04404020,LIOUSSEL A LES-VASTRES ,2020-07-06,1.1,NFU,4.297246216,45.018904592
04190750,BLAVET à SAINTE-TREPHINE,2020-07-06,3.5,NFU,-3.185989203,48.245903259
06020500,DESSOUBRE A ST-HIPPOLYTE 1,2020-07-06,0.96,NFU,6.810875287,47.31736817
03068560,LA CHALOUETTE A ETAMPES 1,2020-07-06,14.0,NFU,2.115412197,48.425549373
03021700,LE BRAUZÉ A VAUDREMONT 1,2020-07-06,5.1,NFU,4.902116247,48.12687792
06018150,DRUGEON A VUILLECIN ,2020-07-06,1.3,NFU,6.343355459,46.94341262
06180550,RIEU A ROQUEFORT-DES-CORBIERES 1,2020-07-06,2.4,NFU,2.964404786,43.00121986
06300073,BOULZANE A ST-PAUL-DE-FENOUILLET 1,2020-07-06,0.98,NFU,2.481939604,42.806163814
03068280,LE RUISSEAU LA MARETTE A SACLAS 1,2020-07-06,11.0,NFU,2.121647839,48.362003429
03272400,LE LAIR A HAMELIN 1,2020-07-06,22.0,NFU,-1.210685895,48.54923725
03271820,L'AIRON A LOUVIGNE-DU-DESERT 1,2020-07-06,20.0,NFU,-1.073767369,48.480916663
03068100,LA JUINE A AUTRUY-SUR-JUINE 1,2020-07-06,1.4,NFU,2.097269888,48.291836182
03016191,LE RUISSEAU DES CUVELOTS A ARRENTIERES 1,2020-07-06,3.9,NFU,4.750516997,48.25587272
R0015063,Barrage du Mas Chaban,2020-07-06,3.5,NFU,0.644931276,45.81691417
05157400,Le ruisseau des Rosiers au niveau de Deyme,2020-07-06,39.0,NFU,1.547652354,43.492000071
05157590,Le ruisseau des Mals au niveau de Baziège,2020-07-06,6.7,NFU,1.61585843,43.446101464
05157565,L'Amadou à Ayguesvives,2020-07-06,4.7,NFU,1.594239624,43.454461351
01104300,LE GRAND DRACK À GRAVELINES (59),2020-07-06,6.7,NFU,2.115790669,50.982346179
05157595,L'Hers Mort à Baziège (aval conf Rau Visenc),2020-07-06,27.0,NFU,1.62361137,43.442601011
05157561,Le Nostre Seigne à Montgiscard (Aval STEP),2020-07-06,8.3,NFU,1.590440963,43.456751532
03271965,L'AIRON A LES LOGES-MARCHIS 2,2020-07-06,14.0,NFU,-1.078132316,48.554117361
06168000,TECH A ELNE ,2020-07-06,1.4,NFU,2.985401004,42.585624693
06580653,SURAN A NEUVILLE-SUR-AIN 2,2020-07-06,0.76,NFU,5.340559236,46.081203043
05163860,Le Cossignol à Lacroix-Falgarde,2020-07-06,25.0,NFU,1.424421606,43.499728369
01074000,LA BOURRE CANALISÉE À MERVILLE (59),2020-07-06,5.3,NFU,2.614031831,50.659151759
04611022,L'EGVONNE A DROUE,2020-07-06,2.5,NFU,1.095728838,48.034331373
04106500,LOIR à SAINT-JEAN-FROIDMENTEL,2020-07-06,2.2,NFU,1.24451497,47.95484898
06049550,VEYLE A SERVAS ,2020-07-06,8.9,NFU,5.192111587,46.151884516
06017650,DOUBS A SOULCE-CERNAY 2,2020-07-06,5.1,NFU,6.851746943,47.322318619
03271840,LE RUISSEAU DU MOULIN DU PRÉ A BUAIS 1,2020-07-06,13.0,NFU,-1.008717444,48.491867045
03207220,LA BRESLE A LANNOY-CUILLERE 1,2020-07-06,4.5,NFU,1.753256403,49.721146676
03068310,LA JUINE A ORMOY-LA-RIVIERE 1,2020-07-06,15.0,NFU,2.145077744,48.402662458
BD000204,KERMARIA.,2020-07-06,1.7,NFU,-4.421026139,48.030081776
AZ001073,PRISE DE MATHAY,2020-07-06,1.8,NFU,6.764868079,47.442897788
05231150,Le Bahus à Miramont-Sensacq,2020-07-06,11.0,NFU,-0.305968129,43.601965582
05165775,Le ruisseau de Négretis à Montbrun-Lauragais,2020-07-06,7.8,NFU,1.524036224,43.440840501
04002980,LIGNON-DU-VELAY à LE CHAMBON-SUR-LIGNON,2020-07-06,2.5,NFU,4.311602823,45.025195774
01102000,LE CANAL DE L'AA À SAINT MOMELIN (59),2020-07-06,11.0,NFU,2.250572848,50.789775214
05229050,Le Ludon à Hontanx,2020-07-06,23.0,NFU,-0.25972408,43.823109705
04131470,RAU DES NYMPHES à NOELLET,2020-07-06,10.4,NFU,-1.09245724,47.695719827
01072000,LA LAWE À ESSARS (62),2020-07-06,5.6,NFU,2.654529705,50.55006281
01056000,LA LYS CANALISÉE À ERQUINGHEM/LYS (59),2020-07-06,3.5,NFU,2.835181802,50.67716549
N120510,RETENUE DU JAUNAY à LANDEVIEILLE,2020-07-06,7.2,NFU,-1.783316101,46.659801933
04122100,SARTHE à MORANNES,2020-07-06,4.8,NFU,-0.420636298,47.746129235
04090100,SEDELLE à SAINT-AGNANT-DE-VERSILLAT,2020-07-06,8.9,NFU,1.524265113,46.278846505
N120510,RETENUE DU JAUNAY à LANDEVIEILLE,2020-07-06,4.9,NFU,-1.783316101,46.659801933
N120510,RETENUE DU JAUNAY à LANDEVIEILLE,2020-07-06,8.2,NFU,-1.783316101,46.659801933
06080000,RHONE A ST-SORLIN-EN-BUGEY ,2020-07-06,6.0,NFU,5.347119774,45.882673488
06450600,THEVEROT A LES-GRAS 1,2020-07-06,1.5,NFU,6.520622543,46.983465055
03068100,LA JUINE A AUTRUY-SUR-JUINE 1,2020-07-06,1.4,NFU,2.097269888,48.291836182
06018200,DOUBS A ARCON ,2020-07-06,1.3,NFU,6.384704032,46.946431986
03271965,L'AIRON A LES LOGES-MARCHIS 2,2020-07-06,14.0,NFU,-1.078132316,48.554117361
03145609,LE RUISSEAU DE BORD A LA NEUVILLE-AUX-BOIS 1,2020-07-06,12.0,NFU,4.88998438,48.972513015
03209485,LE DOUET A GRANDCOURT 1,2020-07-06,2.2,NFU,1.490169193,49.913968685
03069325,LE RU MISERY A VERT-LE-PETIT 1,2020-07-06,18.0,NFU,2.379568449,48.563454718
03145865,LE RUISSEAU DE BRAUX-SAINTE-COHIERE A DOMMARTIN-DIAMPIERRE 1,2020-07-06,1.6,NFU,4.84545539,49.078437663
03272235,L'YVRANDE A ISIGNY-LE-BUAT 3,2020-07-06,19.0,NFU,-1.170645647,48.582413693
BI001064,HERAULT,2020-07-06,0.43,NFU,3.70011285,43.946862575
DB000140,LA CORBELIERE,2020-07-06,2.2,NFU,-0.268441157,46.408904943
05157540,L'Hers-Mort au niveau de Montgiscard,2020-07-06,20.0,NFU,1.581341738,43.465091122
05157570,L'Amadou à Ayguevives,2020-07-06,13.0,NFU,1.597644467,43.437409124
04087000,CREUSE à AUBUSSON,2020-07-06,4.1,NFU,2.156223001,45.973216148
R0005103,Plan d'eau de Lavaud amont,2020-07-06,8.7,NFU,0.708432885,45.802392707
01104000,LE CANAL DE L'AA À SAINT FOLQUIN (62),2020-07-06,10.0,NFU,2.145617958,50.944487076
04131600,SAZEE À LOUVAINES,2020-07-06,8.8,NFU,-0.805293954,47.689198428
04615005,RAU DE SUETTE à CORZE,2020-07-06,14.3,NFU,-0.361861057,47.572107555
06048560,VEYLE A DOMPIERRE-SUR-VEYLE ,2020-07-06,54.0,NFU,5.200512976,46.087303141
06175000,AGLY A ST-LAURENT-DE-LA-SALANQUE ,2020-07-06,2.7,NFU,2.987101297,42.763966316
06091610,TOISON A CHALAMONT 1,2020-07-06,36.0,NFU,5.177571983,45.978889005
06018500,DOUBS A MORTEAU 1,2020-07-06,1.7,NFU,6.640490339,47.04749284
06017097,BIEF ROUGE A LONGEVILLES-MONT-D'OR 2,2020-07-06,1.7,NFU,6.324857451,46.763351968
06017200,DOUBS A LABERGEMENT-STE-MARIE 1,2020-07-06,1.2,NFU,6.279948461,46.772582731
03207610,LA BRESLE A VIEUX-ROUEN-SUR-BRESLE 1,2020-07-06,6.9,NFU,1.725810844,49.833678159
03022000,L'AUJON A LONGCHAMP-SUR-AUJON 1,2020-07-06,0.81,NFU,4.804771329,48.153711826
AM000563,SAINT-EUTROPE,2020-07-06,0.57,NFU,5.373234705,43.500965374
AE000404,REALLON (SCE DE),2020-07-06,0.24,NFU,6.362581897,44.603104834
DD000156,LA JOMPE (CANTIGNOUS),2020-07-06,1.8,NFU,2.637245874,43.480981969
05163905,Le Cossignol au niveau de Corronsac,2020-07-06,4.6,NFU,1.483661529,43.473397051
05157568,Le ruisseau d'Amadou au niveau d'Ayguesvives,2020-07-06,3.8,NFU,1.599996657,43.441218713
R0015063,Barrage du Mas Chaban,2020-07-06,2.4,NFU,0.644931276,45.81691417
05221600,Le Luy de France à Barinque,2020-07-06,7.33,NFU,-0.284032824,43.404165132
04190660,BLAVET à PEUMERIT-QUINTIN,2020-07-06,6.3,NFU,-3.253125403,48.378736445
04093200,ARDOUR à MARSAC,2020-07-06,10.0,NFU,1.558101121,46.093367576
04190780,SULON à SAINTE-TREPHINE,2020-07-06,6.6,NFU,-3.152405289,48.25548074
04404002,LE LIGNON A LE CHAMBON SUR LIGNON,2020-07-06,1.7,NFU,4.293877718,45.018349465
04611006,RAU FONTAINE DE SASNIERES À SAINT-RIMAY,2020-07-06,4.8,NFU,0.910499088,47.764633481
02094930,LE RUISSEAU DES QUATRE MOULINS A VOLMERANGE,2020-07-06,2.5,NFU,6.07835261,49.454521214
06173500,MAURY A MAURY ,2020-07-06,4.7,NFU,2.641758916,42.800441484
03145985,L'AISNE A CHAUDEFONTAINE 1,2020-07-06,4.5,NFU,4.868924485,49.101741344
03207750,LE LIGER A SENARPONT 2,2020-07-06,5.4,NFU,1.71769201,49.890359122
03271661,LA HOGUE A SAINT-BERTHEVIN-LA-TANNIERE 1,2020-07-06,20.0,NFU,-0.967655314,48.412682256
03145490,LE COURS D'EAU 18 DE LA COMMUNE DE BEAULIEU A CHATRICES 1,2020-07-06,9.6,NFU,4.952889561,49.033962903
BF000003,CLAIRFONT,2020-07-06,6.4,NFU,1.401312906,43.530994507
AQ000203,COULONGE SUR CHARENTE,2020-07-06,34.0,NFU,-0.677338666,45.886498861
05157610,Le ruisseau de Visenc à Labastide Beauvoir,2020-07-06,12.0,NFU,1.667254364,43.470770461
05221400,Le Luy de France à Montagut,2020-07-06,3.6,NFU,-0.474585043,43.538971576
05223145,La Gouaougue à Saint Aubin,2020-07-06,20.0,NFU,-0.694012388,43.709350466
01069000,LA CLARENCE À CHOCQUES (62),2020-07-06,9.2,NFU,2.574213124,50.538412214
R0005023,Barrage de Lavaud,2020-07-06,6.3,NFU,0.685846252,45.825003329
01111500,L'EXUTOIRE DES WATERINGUES À DUNKERQUE (59),2020-07-06,5.9,NFU,2.385024739,51.045012019
05231070,Le Bahus au niveau de Montsoué,2020-07-06,5.0,NFU,-0.483013166,43.731352671
01066000,LE GUARBECQUE À SAINT VENANT (62),2020-07-06,14.0,NFU,2.542664468,50.624542833
R0005023,Barrage de Lavaud,2020-07-06,3.2,NFU,0.685846252,45.825003329
04146350,ERDRE à CANDE,2020-07-06,8.9,NFU,-1.047649301,47.559831443
04653000,ROMME A CHAMPTOCE-SUR-LOIRE,2020-07-06,17.1,NFU,-0.860605599,47.438569485
04611012,BOULON A DANZE,2020-07-06,4.2,NFU,1.033696227,47.892824627
04190700,BLAVET à TREMARGAT,2020-07-06,3.0,NFU,-3.251711537,48.345210408
06020100,DOUBS A GOUMOIS ,2020-07-06,1.5,NFU,6.951423583,47.261792853
06167000,TECH A REYNES 1,2020-07-06,0.67,NFU,2.718410153,42.494656733
03021588,LA DHUY A ORGES 1,2020-07-06,1.5,NFU,4.917303802,48.083276577
03145290,L'AISNE A LISLE-EN-BARROIS 1,2020-07-06,4.7,NFU,5.065919321,48.915019015
03272040,LA SÉLUNE A SAINT-HILAIRE-DU-HARCOUET 2,2020-07-06,14.0,NFU,-1.115929147,48.57363032
03068950,LA JUINE A SAINT-VRAIN 2,2020-07-06,7.8,NFU,2.341910128,48.538180879
03145675,L'ANTE A VILLERS-EN-ARGONNE 1,2020-07-06,7.5,NFU,4.908375448,49.02108298
DR000370,MERY SUR OISE PRISE D'EAU,2020-07-06,5.7,NFU,2.175484963,49.054379142
CZ001032,CHAMPAGNE SUR SEINE 1,2020-07-06,5.1,NFU,2.806427074,48.409526633
AM000369,L'OUVIERE,2020-07-06,0.49,NFU,5.553339295,43.460309629
05221500,Le Luy de France à Viven,2020-07-06,7.2,NFU,-0.363748359,43.469612885
05220850,Le Luy de Béarn à Mazerolles,2020-07-06,5.97,NFU,-0.46558331,43.449743468
05223148,La Gouaougue au niveau de Doazit,2020-07-06,37.0,NFU,-0.651642973,43.69087365
05230010,Le Laudon à Audignon,2020-07-06,12.0,NFU,-0.602334272,43.729719981
05220200,Le Luy de Béarn à Lacadée,2020-07-06,4.16,NFU,-0.649555949,43.540701075
01089000,L'YSER À BAMBECQUE (59),2020-07-06,23.0,NFU,2.622923407,50.920181569
01108000,LE CANAL DE BERGUES À CAPPELLE LA GRANDE (59),2020-07-06,14.0,NFU,2.383690009,51.002567033
01111900,LE CANAL DE MARDYCK À DUNKERQUE (59),2020-07-06,8.3,NFU,2.364257575,51.028024584
05164690,L'Ariège à Goyrans (aval STEP),2020-07-06,4.6,NFU,1.418548152,43.47552629
05163910,Le Cossignol à Corronsac,2020-07-06,5.4,NFU,1.49972711,43.470921033
05157361,Le ruisseau du Tricou au niveau de Labège,2020-07-06,4.2,NFU,1.527200635,43.53140827
04076400,TAURION à VIDAILLAT,2020-07-06,2.8,NFU,1.935148356,45.951988104
04003040,LIGNON-DU-VELAY à LE CHAMBON-SUR-LIGNON,2020-07-06,1.4,NFU,4.291432012,45.06529419
06172100,TET A STE-MARIE 2,2020-07-06,3.4,NFU,3.023408615,42.710816782
06091600,SEYMARD A ST-MAURICE-DE-REMENS ,2020-07-06,4.8,NFU,5.267766097,45.967380138
06820043,LONGEVENT A ST-ELOI 1,2020-07-06,29.0,NFU,5.161959435,45.943920671
03068560,LA CHALOUETTE A ETAMPES 1,2020-07-06,14.0,NFU,2.115412197,48.425549373
03069000,L'ESSONNE A BALLANCOURT-SUR-ESSONNE 3,2020-07-06,2.4,NFU,2.373279504,48.537414783
03271920,LE RUISSEAU D'ALENCE A MOULINES 1,2020-07-06,16.0,NFU,-1.045607428,48.538094262
03272550,LE RUISSEAU DE LIVET A SAINT-LAURENT-DE-TERREGATTE 1,2020-07-06,22.0,NFU,-1.242597862,48.580345386
R0015063,Barrage du Mas Chaban,2020-07-06,1.7,NFU,0.644931276,45.81691417
05163862,Le Cossignol au niveau de Lacroix-Falgarde,2020-07-06,30.0,NFU,1.435123729,43.493944135
05165774,Le ruisseau de Négretis à Montbrun-Lauragais (aval STEP),2020-07-06,15.0,NFU,1.519529691,43.44032911
05157562,Le Nostre Seigne à Montgiscard (Amont STEP),2020-07-06,11.0,NFU,1.589775497,43.4546733
04190850,BLAVET à PERRET,2020-07-06,7.6,NFU,-3.131431484,48.213460484
R0005023,Barrage de Lavaud,2020-07-06,4.8,NFU,0.685846252,45.825003329
R0005103,Plan d'eau de Lavaud amont,2020-07-06,8.6,NFU,0.708432885,45.802392707
01075000,LA BECQUE DE STEENWERCK À STEENWERCK (59),2020-07-06,7.2,NFU,2.772186601,50.667978846
04615003,LE LOIR À BRIOLLAY,2020-07-06,6.6,NFU,-0.474584879,47.571785436
04002860,LIGNON-DU-VELAY à CHAUDEYROLLES,2020-07-06,0.5,NFU,4.17437078,44.935264412
04404007,LIGNON DU VELAY A FAY SUR LIGNON,2020-07-06,1.3,NFU,4.2218614,44.98636761
06211700,VESUBIE A ROQUEBILLIERE 1,2020-07-06,2.8,NFU,7.294819372,44.034648732
03207220,LA BRESLE A LANNOY-CUILLERE 1,2020-07-06,4.5,NFU,1.753256403,49.721146676
06800000,PISSEUR A LA-TRANCLIERE ,2020-07-06,6.6,NFU,5.261585179,46.108740722
06048570,VEYLE A LENT 1,2020-07-06,24.0,NFU,5.198659634,46.119598089
03208000,LA BRESLE A MONCHAUX-SORENG 1,2020-07-06,5.6,NFU,1.587115873,49.955781066
03021917,LA RENNE A RENNEPONT 1,2020-07-06,1.3,NFU,4.881828554,48.167179109
03145880,L'AUVE A SAINTE-MENEHOULD 1,2020-07-06,6.3,NFU,4.886475985,49.079684254
03145275,LE COUBREUIL A BELVAL-EN-ARGONNE 1,2020-07-06,9.4,NFU,5.007041433,48.950040441
05204000,Le Gave d'Oloron à Sauveterre,2020-07-07,1.78,NFU,-0.943937469,43.394554808
05209000,Le Gave de Pau en aval d'Orthez,2020-07-07,3.39,NFU,-0.824145413,43.490188046
04133650,LYS à AUBIGNE-SUR-LAYON,2020-07-07,9.7,NFU,-0.480970066,47.223689511
04102990,LOIRE à SAUMUR,2020-07-07,7.6,NFU,-0.075056682,47.262139732
O0155023,Lac de Caillauas,2020-07-07,1.5,NFU,0.447494715,42.721609577
01059000,LA LYS CANALISÉE À WERVICQ (59),2020-07-07,13.0,NFU,3.043050248,50.776387099
04153900,GRAND LAY à CHANTONNAY,2020-07-07,2.6,NFU,-1.044145339,46.659462444
04002400,LOIRE à VOREY,2020-07-07,2.9,NFU,3.937594777,45.203642916
04053560,CISSE à ONZAIN,2020-07-07,3.3,NFU,1.152238158,47.491875895
04740008,Le Magnerolles à Soudan,2020-07-07,7.3,NFU,-0.111312645,46.429311503
04572010,ANDRABLE A BAS-EN-BASSET,2020-07-07,0.88,NFU,4.070917505,45.280203189
04615007,RAU VERDUN A BAZOUGES-SUR-LE-LOIR,2020-07-07,29.0,NFU,-0.176121146,47.657911794
06580184,OIGNIN A SAMOGNAT 2,2020-07-07,2.7,NFU,5.589197264,46.291068303
06067760,SEMINE A BELLEYDOUX ,2020-07-07,0.47,NFU,5.796411362,46.244224001
06458650,SAVOUREUSE A LEPUIX 3,2020-07-07,0.42,NFU,6.826211709,47.771210381
03146818,LE RUISSEAU DES BIEVRES A AUTRY 1,2020-07-07,15.0,NFU,4.857214582,49.265688898
03274000,LE BEUVRON A MONTJOIE-SAINT-MARTIN 1,2020-07-07,29.0,NFU,-1.284116843,48.50876677
03145931,LE RUISSEAU DU SOUGNIAT A CHAUDEFONTAINE 1,2020-07-07,10.0,NFU,4.892150934,49.110263829
AQ000290,CANAL DE L'UNIMA SUD-CHARENTE,2020-07-07,5.7,NFU,-0.901532228,45.919821039
03272685,LA SÉLUNE A SAINT-AUBIN-DE-TERREGATTE 1,2020-07-07,28.0,NFU,-1.292782406,48.596183376
01078000,LA DEULE CANAL À COURRIÈRES (62) AVAL CANAL LENS,2020-07-07,3.6,NFU,2.942050842,50.46868231
04184040,RAU DU CORROAC'H à PLOMELIN,2020-07-07,1.7,NFU,-4.17609476,47.907474466
06169880,TET A SAUTO ,2020-07-07,11.0,NFU,2.149167399,42.503781032
06086100,ANGE A BRION ,2020-07-07,3.5,NFU,5.5547764,46.172640778
03079622,LE RÉVEILLON A VILLECRESNES 2,2020-07-07,10.0,NFU,2.543070909,48.720465672
06457310,MARGRABANT A LARIVIERE 1,2020-07-07,20.0,NFU,6.995024124,47.672221785
03134665,L'AUTOMNE A ORROUY 1,2020-07-07,11.0,NFU,2.852556582,49.287419033
03146579,LA TOURBE A VILLE-SUR-TOURBE 1,2020-07-07,4.6,NFU,4.805277733,49.189928806
03134617,LE RU DE BONNEUIL A BONNEUIL-EN-VALOIS,2020-07-07,16.0,NFU,2.958234841,49.284575243
03016498,Ruisseau de l'arlette - aval Bourg,2020-07-07,4.1,NFU,4.647839935,48.267056421
AW000762,LEGUER A LESTREUZ EN LANNION,2020-07-07,2.4,NFU,-3.475552527,48.748909557
AM000573,SAINT-BARNABE,2020-07-07,2.6,NFU,5.426342358,43.309587405
AI000619,ARIEGE FAURE-JEAN,2020-07-07,1.7,NFU,1.626247731,43.133131116
04591000,R LATHAN À NOYANT,2020-07-07,11.9,NFU,0.091919877,47.466476246
05204850,Le Vert à Oloron Ste Marie (quartier St Pée d'en Haut),2020-07-07,0.77,NFU,-0.655175019,43.169928321
04750000,LE GATINEAU A LE RETAIL,2020-07-07,4.5,NFU,-0.435508598,46.574009079
04448005,BRENNE A SAINT-AMAND-LONGPRES,2020-07-07,40.0,NFU,0.990081327,47.679845193
04448027,LA PETITE CISSE A MONTEAUX,2020-07-07,1.6,NFU,1.116817024,47.493002392
06175645,REBENTY A CAILLA ,2020-07-07,1.3,NFU,2.200728027,42.8165583
06580498,BORREY A MAILLAT 2,2020-07-07,1.6,NFU,5.537252853,46.124643326
06455110,BATTE A DELLE 1,2020-07-07,1.4,NFU,6.979931738,47.496043642
03274420,LE BEUVRON A SAINT-AUBIN-DE-TERREGATTE 1,2020-07-07,23.0,NFU,-1.314250019,48.585333348
03079850,L'YERRES A CROSNE 2,2020-07-07,5.7,NFU,2.464530637,48.710829764
03273800,LE GUE HUSSON A VILLAMEE 1,2020-07-07,27.0,NFU,-1.222899971,48.470690014
CO000924,ROC DES ERMITES,2020-07-07,0.28,NFU,2.42644632,42.507932872
04651000,DOUET A DOUE EN ANJOU,2020-07-07,38.2,NFU,-0.37580781,47.216691664
04750002,LA TRECHONNIERE A LE RETAIL,2020-07-07,8.7,NFU,-0.430490315,46.568211124
04053350,CISSE à AVERDON,2020-07-07,7.0,NFU,1.28814554,47.70016455
03017000,L'AUBE A DOLANCOURT 1,2020-07-07,1.8,NFU,4.61933985,48.27172483
06166720,SEGRE A BOURG-MADAME 2,2020-07-07,4.2,NFU,1.940919571,42.429513894
03134795,LE RU DE DOUYE A BETHISY-SAINT-PIERRE,2020-07-07,10.0,NFU,2.79538478,49.29916737
03134595,LE RU DE MOISE A VAUMOISE,2020-07-07,3.8,NFU,2.988875497,49.245689712
03272685,LA SÉLUNE A SAINT-AUBIN-DE-TERREGATTE 1,2020-07-07,28.0,NFU,-1.292782406,48.596183376
03274440,L'ORGUEILLEUX A ST AUBIN DE TERREGATTE 1,2020-07-07,9.4,NFU,-1.291799016,48.560807019
03146498,L'AISNE A SERVON-MELZICOURT 1,2020-07-07,6.6,NFU,4.832367111,49.212558979
03146000,L'AISNE A LA NEUVILLE-AU-PONT 1,2020-07-07,3.9,NFU,4.854228327,49.122824861
05202150,Le Saleys à Salies de Béarn,2020-07-07,9.59,NFU,-0.968353244,43.472211245
05203050,Le Saison à Ossas-Suhare,2020-07-07,0.41,NFU,-0.889220652,43.143186418
O0155023,Lac de Caillauas,2020-07-07,0.5,NFU,0.447494715,42.721609577
01082000,LA DEULE CANAL À DEULÉMONT (59),2020-07-07,5.5,NFU,2.950776063,50.724550944
01079000,LA DEULE CANAL À DON (59),2020-07-07,7.7,NFU,2.920643402,50.5465061
01080000,LA DEULE CANAL À HAUBOURDIN (59),2020-07-07,12.0,NFU,2.981956856,50.606835319
04448006,RONDY A AUTHON,2020-07-07,8.4,NFU,0.901517881,47.616358578
04134200,JEU à CHAUDEFONDS-SUR-LAYON,2020-07-07,5.2,NFU,-0.758758503,47.319439169
04430010,LE JOLAN A MOLLES,2020-07-07,5.5,NFU,3.613355642,46.122333364
04448008,GAULT A SAINT-CYR-DU-GAULT,2020-07-07,5.0,NFU,1.007608865,47.618100102
04196600,HYVEL ou HYVET à MERDRIGNAC,2020-07-07,2.5,NFU,-2.399664856,48.178849218
04040000,ALLIER à HAUTERIVE,2020-07-07,2.9,NFU,3.442875004,46.095084568
04002010,LOIRE À CHASPINHAC - LE PUY-EN-VELAY,2020-07-07,2.2,NFU,3.911419688,45.07855956
04108900,RAU DES CARTES à THOREE-LES-PINS,2020-07-07,8.6,NFU,0.035511249,47.676693808
04040100,SICHON à LAVOINE,2020-07-07,6.5,NFU,3.686928293,45.968579281
06455590,SAVOUREUSE A BELFORT 4,2020-07-07,5.6,NFU,6.860972138,47.643323187
06457575,MADELEINE A ETUEFFONT 2,2020-07-07,0.54,NFU,6.910515014,47.745733039
03273345,L'OIR A DUCEY 2,2020-07-07,22.0,NFU,-1.293561577,48.629954175
06086000,BRAS DU LAC A BRION ,2020-07-07,1.3,NFU,5.553500014,46.168624176
03016840,LE LANDION A ARGANCON 2,2020-07-07,1.3,NFU,4.604803603,48.251215392
03209190,LA BRESLE A LE TREPORT 2,2020-07-07,8.4,NFU,1.384994041,50.061550342
03273345,L'OIR A DUCEY 2,2020-07-07,22.0,NFU,-1.293561577,48.629954175
03208520,LA BRESLE A LONGROY 1,2020-07-07,4.9,NFU,1.538693991,49.990402447
03070440,L'ESSONNE A CORBEIL-ESSONNES 4,2020-07-07,9.4,NFU,2.480764387,48.608188711
03078920,L'YERRES A COMBS-LA-VILLE 1,2020-07-07,3.0,NFU,2.583156653,48.671259061
03017556,L'AMANCE A AMANCE 1,2020-07-07,6.7,NFU,4.511851623,48.300639453
03016310,L'AUBE A AILLEVILLE 1,2020-07-07,0.91,NFU,4.678183611,48.250169459
AT000934,RETENUE COMPENSATION OCANA CEO,2020-07-07,5.02,NFU,8.904671782,41.942971944
BS000087,MAUVES/LOIRE   LA LOIRE,2020-07-07,4.6,NFU,-1.407555723,47.317714813
DD000006,GAOUGNE (PRISE TARN),2020-07-07,4.2,NFU,2.145999805,43.934068234
CB000389,PRISE D'EAU DE MIRWAULT,2020-07-07,6.7,NFU,-0.738982322,47.829181336
05203950,Le Saison à Osserain Rivareyte,2020-07-07,1.95,NFU,-0.949376311,43.381115342
01051000,L'ESPIERRE À WATTRELOS (59),2020-07-07,4.3,NFU,3.252554874,50.692174087
04448002,RAU PETITE CISSE A MONTEAUX,2020-07-07,31.0,NFU,1.120509307,47.495565186
04024250,ACOLIN à COSSAYE,2020-07-07,15.0,NFU,3.483635393,46.745108902
04003400,DUNIERES à SAINTE-SIGOLENE,2020-07-07,0.51,NFU,4.207890167,45.219606583
04022200,BARBENAN à BREUIL (LE),2020-07-07,1.2,NFU,3.672424239,46.196967122
04195700,OUST à HEMONSTOIR,2020-07-07,7.2,NFU,-2.817117011,48.158105175
04405053,AUBAIGUE A BAS-EN-BASSET ,2020-07-07,1.8,NFU,4.145321091,45.332822611
04448003,RAU DE LA SIXTRE A MAVES,2020-07-07,0.91,NFU,1.334147211,47.739116853
06455950,COEUVATTE A JONCHEREY 1,2020-07-07,13.0,NFU,7.001906999,47.522230522
06458450,AUTRUCHE A FONTENELLE 1,2020-07-07,11.0,NFU,6.955017527,47.621465436
03209000,LA BRESLE A PONTS-ET-MARAIS 1,2020-07-07,4.8,NFU,1.426880824,50.050076121
06580130,VALSERINE A MONTANGES ,2020-07-07,1.9,NFU,5.803992161,46.150310015
03209000,LA BRESLE A PONTS-ET-MARAIS 1,2020-07-07,4.8,NFU,1.426880824,50.050076121
03208483,LA VIMEUSE A GAMACHES 1,2020-07-07,5.6,NFU,1.562834012,49.989717881
03078110,L'YERRES A COURTOMER 1,2020-07-07,4.2,NFU,2.903425451,48.650945945
AM000601,LE RANQUET,2020-07-07,4.7,NFU,5.016700227,43.458862143
01050000,LE CANAL DE ROUBAIX À LEERS (59),2020-07-07,13.0,NFU,3.236199301,50.689490127
01086000,LA MARQUE À WASQUEHAL (59),2020-07-07,2.7,NFU,3.146190008,50.664939671
04023200,LOIRE à CRONAT,2020-07-07,5.3,NFU,3.637657699,46.731769957
04448024,LA CISSE A AVERDON,2020-07-07,8.5,NFU,1.293834837,47.678082699
04448026,LA CISSE A AVERDON,2020-07-07,1.7,NFU,1.272455853,47.653289551
04001990,LOIRE à MONTEIL,2020-07-07,2.1,NFU,3.911419697,45.064440474
04196100,LIE à PLOEUC-SUR-LIE,2020-07-07,6.1,NFU,-2.740720149,48.31096882
04448023,LE RUISSEAU D'AZIN A CONAN,2020-07-07,10.0,NFU,1.300821031,47.711935923
06175600,AUDE A AXAT 2,2020-07-07,2.5,NFU,2.225441886,42.795220967
06170000,TET A EUS,2020-07-07,3.2,NFU,2.483659289,42.644164764
06022000,ALLAINE A MORVILLARS 1,2020-07-07,5.8,NFU,6.934108451,47.547982082
03134728,LE RU DE BAYBELLE A ROCQUEMONT,2020-07-07,37.0,NFU,2.830746918,49.257596954
03146695,LE RUISSEAU DES VALLEES A CONDE-LES-AUTRY 1,2020-07-07,4.5,NFU,4.85635315,49.251507508
03146445,LA BIESME A SAINT-THOMAS-EN-ARGONNE 1,2020-07-07,3.4,NFU,4.868387869,49.179955493
03079622,LE RÉVEILLON A VILLECRESNES 2,2020-07-07,10.0,NFU,2.543070909,48.720465672
AF000057,CANAL DE LA VESUBIE,2020-07-07,1.8,NFU,7.235317439,43.907979427
BS000089,NANTES - LOIRE LA ROCHE (SEC),2020-07-07,18.0,NFU,-1.537071177,47.244639768
CE000251,COET ER VER (BLAVET),2020-07-07,2.6,NFU,-3.272162138,47.807474512
O0155023,Lac de Caillauas,2020-07-07,0.6,NFU,0.447494715,42.721609577
06999107,ALLONDON A THOIRY 1,2020-07-07,3.6,NFU,6.013556022,46.229486985
06456610,BOURBEUSE A FROIDEFONTAINE 1,2020-07-07,9.9,NFU,6.943143905,47.566332741
06580171,BIEF D'ANCONNANS A SAMOGNAT 2,2020-07-07,9.7,NFU,5.570856889,46.257553905
06175517,GALBE A FRONTRABIOUSE ,2020-07-07,1.1,NFU,2.056011406,42.634951414
03050000,LE RUISSEAU DES HAULDRES A ETIOLLES 1,2020-07-07,5.9,NFU,2.465777053,48.632777937
AW000050,LE LEGUER - MOULIN DE BUHULIEN,2020-07-07,3.3,NFU,-3.4548649,48.692185674
05157369,L'Hers-Mort à Labège (aval STEP),2020-07-08,25.0,NFU,1.524675303,43.522825154
04100970,DOLO à BRESSUIRE,2020-07-08,9.7,NFU,-0.491695317,46.876619475
04444007,TRONNE A MER,2020-07-08,4.3,NFU,1.512889562,47.686745869
04635002,R VICOIN À NUILLE-SUR-VICOIN,2020-07-08,8.6,NFU,-0.770051966,47.994949332
04040400,JOLAN à CUSSET,2020-07-08,1.2,NFU,3.4461844,46.135351279
04060000,CHER à SAINT-VICTOR,2020-07-08,2.2,NFU,2.603677483,46.39369826
04635005,R VICOIN À GENEST-SAINT-ISLE,2020-07-08,8.9,NFU,-0.881699434,48.094891404
04634002,R JOUANNE À BONCHAMP-LES-LAVAL,2020-07-08,7.7,NFU,-0.665906223,48.061249583
06071000,CHERAN A RUMILLY 1,2020-07-08,1.4,NFU,5.938179642,45.874834757
06069050,USSES A SEYSSEL ,2020-07-08,1.4,NFU,5.847871687,45.986366619
03236395,L'ORNE A CAUMONT-SUR-ORNE 1,2020-07-08,6.4,NFU,-0.503120686,48.954450096
06830199,FORNANT A MUSIEGES 1,2020-07-08,5.4,NFU,5.94396722,46.017520446
Y9715083,OSPEDALE,2020-07-08,3.1,NFU,9.206353652,41.667496991
06462450,RUPT A BART ,2020-07-08,3.8,NFU,6.770037967,47.491404165
03213000,LA VARENNE A MARTIGNY 1,2020-07-08,4.7,NFU,1.165552926,49.854589579
03250110,LA VIRE A CARVILLE 1,2020-07-08,6.0,NFU,-0.884732506,48.925316858
03212150,LA VARENNE A SAINT-MARTIN-OSMONVILLE 3,2020-07-08,2.8,NFU,1.292743589,49.652899293
03075000,LA RÉMARDE A SAINT-CYR-SOUS-DOURDAN 1,2020-07-08,14.0,NFU,2.033286379,48.569061256
03250260,LE COURBENCON A LE TOURNEUR 1,2020-07-08,34.0,NFU,-0.829050793,48.95839598
AM000007,LE PIN VERT,2020-07-08,1.3,NFU,5.569674393,43.299085132
BD000152,PRAT HIR.,2020-07-08,1.5,NFU,-4.074282852,48.185622493
05204960,L'Escou à Goes,2020-07-08,7.92,NFU,-0.59014322,43.200926907
05206200,Le Gave d'Aspe à Bedous,2020-07-08,0.47,NFU,-0.604651557,42.999842984
04192800,EVEL à BAUD,2020-07-08,4.9,NFU,-3.108523739,47.882274031
04062300,AUMANCE à MEAULNE,2020-07-08,3.7,NFU,2.606474732,46.596175592
04193500,TARUN à BAUD,2020-07-08,3.9,NFU,-2.978691213,47.860910039
03156352,LE RUISSEAU DE DEUX NOUDS A BEAUSITE 1,2020-07-08,0.9,NFU,5.218740653,48.962642185
04424013,VENGAGE A BEAUMONT,2020-07-08,0.97,NFU,3.349307641,45.319019646
04127000,JOUANNE à FORCE,2020-07-08,10.0,NFU,-0.705260031,48.033567645
04192100,BLAVET à LE SOURN,2020-07-08,2.5,NFU,-2.975399684,48.026547922
04051750,ARDOUX à SAINT-LAURENT-NOUAN,2020-07-08,3.6,NFU,1.587830248,47.708865534
04068880,SAULDRE à SALBRIS,2020-07-08,4.8,NFU,1.992480261,47.411653292
04424012,VENGAGE A COHADE,2020-07-08,13.0,NFU,3.366191938,45.353741201
06178051,FRESQUEL A LA-BASTIDE-D'ANJOU ,2020-07-08,3.1,NFU,1.872124954,43.351433298
06830800,MORGE A VALLIERES 2,2020-07-08,8.9,NFU,5.921779407,45.904221674
06471450,FESCHOTTE A FESCHES-LE-CHATEL ,2020-07-08,17.0,NFU,6.899335264,47.52386195
06999125,AIRE A ST-JULIEN-EN-GENEVOIS 2,2020-07-08,3.2,NFU,6.071390814,46.146825734
03249300,LA DATHÉE A SAINT-GERMAIN-DE-TALLEVENDE-LA-LANDE-VAUMONT 1,2020-07-08,3.8,NFU,-0.932083712,48.815491641
03213480,L'EAULNE A ENVERMEU 1,2020-07-08,7.2,NFU,1.277601062,49.886799588
03071394,LA RENARDE A BREUILLET 1,2020-07-08,11.0,NFU,2.180517121,48.564049236
05157359,"L'Hers-Mort à Toulouse, au Palays (amont STEP)",2020-07-08,22.0,NFU,1.495631746,43.554732351
04099950,THOUARET à FAYE-L'ABESSE,2020-07-08,11.0,NFU,-0.347848859,46.823680863
04051587,LIEN à LESTIOU,2020-07-08,2.0,NFU,1.600382441,47.74120791
04060800,BANDAIS à VIEURE,2020-07-08,9.3,NFU,2.88020467,46.505761182
04444008,TRONNE A SUEVRES,2020-07-08,1.9,NFU,1.462905099,47.662314815
04000580,LOIRE à SALETTES,2020-07-08,9.6,NFU,3.98339562,44.856026354
06027700,DOUBS A VAIRE-ARCIER ,2020-07-08,0.53,NFU,6.149123539,47.285513653
03017900,L'AUBE A EPAGNE 1,2020-07-08,3.1,NFU,4.461432733,48.391789159
06178050,SOUPEX A SOUILHE ,2020-07-08,30.0,NFU,1.900405761,43.368305782
06841180,TORRENT DES USSES A MUSIEGES,2020-07-08,4.7,NFU,5.941979948,46.015914016
06021000,DOUBS A MATHAY ,2020-07-08,1.8,NFU,6.791530819,47.451918024
06999119,ARVE A VEYRIER,2020-07-08,54.0,NFU,6.160021449,46.180982702
03211950,LA BÉTHUNE A DAMPIERRE-SAINT-NICOLAS 1,2020-07-08,5.8,NFU,1.200070556,49.857547448
03074214,LA RABETTE A ROCHEFORT-EN-YVELINES 1,2020-07-08,10.0,NFU,1.986939754,48.587964879
03249200,LA VIRÈNE A SAINT-GERMAIN-DE-TALLEVENDE-LA-LANDE-VAUMONT 1,2020-07-08,6.7,NFU,-0.91236135,48.817768968
AW000011,LE GUINDY A PONT SCOUL,2020-07-08,7.1,NFU,-3.236258806,48.810788123
05157365,L'Hers-Mort à Labège,2020-07-08,22.0,NFU,1.520269008,43.526814586
04583005,RUISSEAU DE LA MOINIE à NUEIL-LES-AUBIERS,2020-07-08,1.8,NFU,-0.681073742,46.910448374
04100960,DOLO à BRESSUIRE,2020-07-08,9.8,NFU,-0.500225865,46.853251263
04424015,RU DE COHADE A COHADE,2020-07-08,15.0,NFU,3.36738026,45.353251063
03250430,LA SOULEUVRE A CARVILLE 1,2020-07-08,27.0,NFU,-0.888959115,48.947045847
03156344,LE BUNET A BEAUSITE 1,2020-07-08,4.3,NFU,5.219676906,48.959666643
06024000,SAVOUREUSE A VIEUX-CHARMONT ,2020-07-08,8.0,NFU,6.843661603,47.521756015
Y9715083,OSPEDALE,2020-07-08,3.6,NFU,9.206353652,41.667496991
06178043,PREUILLE A BRAM ,2020-07-08,3.3,NFU,2.115293089,43.254322185
03249595,L'ALLIÈRE A VIRE 1,2020-07-08,10.0,NFU,-0.886500624,48.862882634
03018531,LE RUISSEAU SAUSSIER A PINEY 1,2020-07-08,48.0,NFU,4.363451325,48.354922622
03250055,LE RUISSEAU DE LA PLANCHE VITTARD A CARVILLE 1,2020-07-08,11.0,NFU,-0.863353911,48.916848816
03156352,LE RUISSEAU DE DEUX NOUDS A BEAUSITE 1,2020-07-08,0.9,NFU,5.218740653,48.962642185
03071017,LA GIRONDE A STE MESME 2,2020-07-08,11.0,NFU,1.963816223,48.530300709
AW000694,L'URNE A MAGENTA,2020-07-08,4.4,NFU,-2.738705265,48.483213287
04041300,ANDELOT À GANNAT,2020-07-08,3.6,NFU,3.177866273,46.09108167
04190550,SCORFF à PONT-SCORFF,2020-07-08,1.6,NFU,-3.390760864,47.844974139
04424016,RU DE COHADE A COHADE,2020-07-08,1.0,NFU,3.378993577,45.323875546
04052500,BIEVRE à FOUGERES-SUR-BIEVRE,2020-07-08,8.3,NFU,1.34456164,47.44870593
04058500,CHER à TEILLET-ARGENTY,2020-07-08,2.1,NFU,2.557353327,46.2571333
04139250,OUIN à MAULEON,2020-07-08,8.4,NFU,-0.776851825,46.940223444
03214000,L'ARQUES A DIEPPE 1,2020-07-08,4.6,NFU,1.09520701,49.915003597
03249300,LA DATHÉE A SAINT-GERMAIN-DE-TALLEVENDE-LA-LANDE-VAUMONT 1,2020-07-08,3.8,NFU,-0.932083712,48.815491641
03211000,LA BÉTHUNE A MESNIERES-EN-BRAY 1,2020-07-08,5.3,NFU,1.378797052,49.76006277
03249880,LA BRÉVOGNE A COULONCES 1,2020-07-08,11.0,NFU,-0.906142871,48.878868452
03241590,LA DRUANCE A SAINT-JEAN-LE-BLANC 1,2020-07-08,8.1,NFU,-0.671599277,48.937550002
03248401,LA VIRE A TRUTTEMER-LE-GRAND 1,2020-07-08,4.9,NFU,-0.828550064,48.784067122
BL000805,PRISE EAU SAINT SAUVEUR,2020-07-08,8.2,NFU,0.702504484,47.400129918
AM000072,FENESTRELLE (CARNOUX),2020-07-08,2.7,NFU,5.569674393,43.299085132
05211600,La Bayse à Abidos,2020-07-08,0.94,NFU,-0.628888881,43.397113332
05157350,"L'Hers-Mort à Toulouse, au Palays (aval STEP)",2020-07-08,0.6,NFU,1.495375521,43.55553871
04194200,TER à PLOEMEUR,2020-07-08,6.3,NFU,-3.415518586,47.744461189
04194600,RAU DE LA DEMI VILLE à LANDEVANT,2020-07-08,2.5,NFU,-3.109834404,47.754300691
06195500,ARC (13) A BERRE-L'ETANG ,2020-07-08,11.0,NFU,5.132242834,43.504846268
03075000,LA RÉMARDE A SAINT-CYR-SOUS-DOURDAN 1,2020-07-08,14.0,NFU,2.033286379,48.569061256
06180880,CANAL DU MIDI A LABASTIDE-D'ANJOU ,2020-07-08,7.4,NFU,1.834352532,43.341523165
06068900,USSES A CRUSEILLES 4,2020-07-08,3.5,NFU,6.146417677,46.020594426
06177910,TREBOUL A CASTELNAUDARY 2,2020-07-08,50.0,NFU,1.979312873,43.294244707
03240100,LA ROUVRE A FAVEROLLES 2,2020-07-08,5.0,NFU,-0.306889882,48.670312372
06018185,DOUBS A HYEVRE-PAROISSE ,2020-07-08,2.9,NFU,6.436979672,47.366952532
03071080,L'ORGE A SERMAISE 2,2020-07-08,15.0,NFU,2.079817138,48.538894375
03156150,L'AIRE A LONGCHAMPS-SUR-AIRE 2,2020-07-08,1.3,NFU,5.308345903,48.91132073
03212090,LA BÉTHUNE A ARQUES-LA-BATAILLE 1,2020-07-08,5.2,NFU,1.138854287,49.881619971
03156295,L'EZRULE A ERIZE-LA-PETITE 1,2020-07-08,1.6,NFU,5.247954447,48.923436045
05157370,L'Hers-Mort à Escalquens (amont STEP),2020-07-08,19.0,NFU,1.525600828,43.521937863
04000700,GAZEILLE à LE MONASTIER-SUR-GAZEILLE,2020-07-08,12.0,NFU,4.03926368,44.927938453
05207000,Le Gave d'Ossau à Maysonave,2020-07-08,0.52,NFU,-0.597097607,43.189079717
05204700,Le Joos à Geus d'Oloron,2020-07-08,1.51,NFU,-0.710390168,43.255570381
04182000,ODET à QUIMPER,2020-07-08,2.1,NFU,-4.063634571,48.005866408
04138000,SEVRE NANTAISE à MONTRAVERS,2020-07-08,13.0,NFU,-0.734170584,46.822625015
04127550,VICOIN à GENEST-SAINT-ISLE (LE),2020-07-08,12.0,NFU,-0.921357462,48.093589889
04424017,LEUGE A VERGONGHEON,2020-07-08,15.0,NFU,3.314522948,45.375806317
04041900,SIOULE à JENZAT,2020-07-08,3.1,NFU,3.189862653,46.164882277
06071900,FIER A MOTZ ,2020-07-08,4.7,NFU,5.848275936,45.933499167
06026000,ALLAN A BART ,2020-07-08,2.8,NFU,6.765345861,47.480660636
06462950,CUSANCIN A BAUME-LES-DAMES 1,2020-07-08,1.4,NFU,6.381962945,47.341247743
06300400,SALAISON A MAUGUIO 2,2020-07-08,4.4,NFU,4.003845405,43.608159904
03241957,LE NOIREAU A BERJOU 1,2020-07-08,7.1,NFU,-0.483082328,48.858999671
03210090,L'YÈRES A CRIEL-SUR-MER 3,2020-07-08,11.0,NFU,1.310609627,50.032599208
03156344,LE BUNET A BEAUSITE 1,2020-07-08,4.3,NFU,5.219676906,48.959666643
CO000630,RETENUE CAUNE ARAGO VINGRAU,2020-07-08,0.1,NFU,2.711627049,42.820650352
CH000409,DOMPIERRE/HELPE CARRIERE DOLOMIE,2020-07-08,0.51,NFU,3.85843281,50.145577682
04193800,RAU DU MOULIN DE TALLENE ou COET-ORGAN à QUISTINIC,2020-07-08,0.78,NFU,-3.201128526,47.905431966
04771004,LONGEVES A SERIGNE,2020-07-08,8.7,NFU,-0.857316356,46.489119623
04424014,VENGAGE A ST LAURENT DE CHABREUGES ,2020-07-08,0.82,NFU,3.336786167,45.279843596
04040300,SICHON à VICHY,2020-07-08,1.8,NFU,3.416173951,46.132942274
04137695,SEVRE NANTAISE à VERNOUX-EN-GATINE,2020-07-08,33.0,NFU,-0.512510568,46.629379245
04179530,AULNE à SAINT-SEGAL,2020-07-08,110.0,NFU,-4.107171245,48.207601713
06021500,GLAND A AUDINCOURT 1,2020-07-08,0.44,NFU,6.842364213,47.47224932
06027000,DOUBS A COLOMBIER-FONTAINE 1,2020-07-08,0.61,NFU,6.68215728,47.454205815
06178057,MAIREVIEILLE (RUISSEAU DE LA) A SAINT-MARTIN-LALA ,2020-07-08,4.3,NFU,2.01068558,43.279710519
03213000,LA VARENNE A MARTIGNY 1,2020-07-08,4.7,NFU,1.165552926,49.854589579
03210050,L'YÈRES A CRIEL-SUR-MER 1,2020-07-08,4.5,NFU,1.320512545,50.007351629
03018431,LE MORILLER A BREVONNES 1,2020-07-08,14.0,NFU,4.398407796,48.361151921
03156350,L'AIRE A RARECOURT 1,2020-07-08,1.5,NFU,5.120887883,49.074498614
03022140,LE RUISSEAU DE MARTIN-CHAMP A SOMMEVOIRE 1,2020-07-08,16.0,NFU,4.8266722,48.416673718
03018541,LE GRAND RU A PINEY 1,2020-07-08,68.0,NFU,4.340090227,48.350958228
03214000,L'ARQUES A DIEPPE 1,2020-07-08,4.6,NFU,1.09520701,49.915003597
03250430,LA SOULEUVRE A CARVILLE 1,2020-07-08,27.0,NFU,-0.888959115,48.947045847
03075400,BOËLLE DES CHEVALIERS A BRUYERES-LE-CHATEL 1,2020-07-08,9.3,NFU,2.206211381,48.583942335
CO000573,VERDOUBLE LES CANALS TAUTAVEL,2020-07-08,0.66,NFU,2.711627049,42.820650352
AT000929,RETENUE COMPENSATION OCANA OEHC,2020-07-08,2.89,NFU,8.904671782,41.942971944
AO002681,PR LE FAUGRAND,2020-07-08,3.17,NFU,2.301649626,44.848164343
O2345033,Barrage de Laragou,2020-07-09,4.0,NFU,1.651158976,43.694507455
04052460,CONON à COUR-CHEVERNY,2020-07-09,5.6,NFU,1.432929988,47.51718494
06177755,RIVALS (RUISSEAU DE) A MONTREAL ,2020-07-09,8.2,NFU,2.12152776,43.185133543
06000998,SAONE A MONTHUREUX-SUR-SAONE 2,2020-07-09,5.3,NFU,5.941492053,48.018251258
03187000,L'EURE A SAINT-LUPERCE 1,2020-07-09,5.2,NFU,1.291236374,48.448646499
06001250,AMANCE A RAINCOURT 1,2020-07-09,10.0,NFU,5.874957785,47.854331318
03071770,LA SALMOUILLE A LONGPONT-SUR-ORGE 1,2020-07-09,1.7,NFU,2.281768676,48.624812245
03156695,LA BUANTE A BAULNY 1,2020-07-09,1.9,NFU,5.014141837,49.258884756
03156510,LA VADELAINCOURT A RECICOURT 2,2020-07-09,1.8,NFU,5.15993868,49.140377446
03156547,LE RUISSEAU DES NEUVES FONTAINES A AUBREVILLE 1,2020-07-09,11.0,NFU,5.096910287,49.146879365
03189300,LE PERRAY A PRUNAY-EN-YVELINES 1,2020-07-09,5.8,NFU,1.787652814,48.52263812
03250797,LA RIVIÈRE DE JACRE A DOMJEAN 2,2020-07-09,38.0,NFU,-1.06270034,48.998239116
AM000026,BERRE,2020-07-09,3.2,NFU,5.254726136,43.561396747
AM000277,PUYLOUBIER SCP,2020-07-09,0.41,NFU,5.672565127,43.506018658
AM000185,BASTIDE BERTIN,2020-07-09,1.6,NFU,5.249360033,43.524586244
04374008,RUISSEAU DES BIGNONS à LAILLE,2020-07-09,4.4,NFU,-1.700181297,47.980731492
04431038,SERVAGNON A SAINT-REMY-EN-ROLLAT,2020-07-09,19.0,NFU,3.406372043,46.187909492
04405012,ANCE A SAINT-JULIEN-D'ANCE,2020-07-09,1.2,NFU,4.003310582,45.26271194
04405013,VAISSIERE A SAINT-ANTHEME,2020-07-09,3.0,NFU,3.921659524,45.531488844
04025060,NIEVRE à SAINT-AUBIN-LES-FORGES,2020-07-09,8.2,NFU,3.206184735,47.137703127
04405018,CHANDIEU A TIRANGES,2020-07-09,3.5,NFU,3.942090353,45.3420115
04052150,BEUVRON À PIERREFITTE-SUR-SAULDRE,2020-07-09,8.3,NFU,2.116214157,47.581681618
04735000,R GRAON À NESMY,2020-07-09,12.0,NFU,-1.398895241,46.557526508
04052190,BEUVRON à LAMOTTE-BEUVRON,2020-07-09,8.0,NFU,2.006040057,47.599854614
04419005,SAINT BONNOT A ST BONNOT,2020-07-09,12.0,NFU,3.293081286,47.258493821
04216050,RAU DE TREVELO à CADEN,2020-07-09,11.0,NFU,-2.298734234,47.600489107
03250952,LE COURS D'EAU NUMÃRO 01 DE LA BÃLINIÃRE A CONDE-SUR-VIRE,2020-07-09,18.0,NFU,-1.010317307,49.040734189
02001050,LE RHIN A RHINAU,2020-07-09,6.5,NFU,7.713469027,48.312501789
06063300,ARVE A AYSE 2,2020-07-09,54.0,NFU,6.428637793,46.075722571
06830152,MENOGE A ARTHAZ-PONT-NOTRE-DAME ,2020-07-09,3.1,NFU,6.246472226,46.169631932
03156438,LE RUISSEAU DU FAYS A IPPECOURT 1,2020-07-09,6.3,NFU,5.217377125,49.040587498
03073000,L'ORGE A SAVIGNY-SUR-ORGE 1,2020-07-09,8.1,NFU,2.355070504,48.67090001
03022114,LA VOIRE A THILLEUX 2,2020-07-09,2.5,NFU,4.813493819,48.443645613
05230500,Le Gabas à Arrien,2020-07-09,1.15,NFU,-0.170758066,43.309226292
04735002,LE FOSSE CHALON A SAINT-VINCENT-SUR-GRAON,2020-07-09,32.0,NFU,-1.407114789,46.526213517
04447002,COSSON A CANDE-SUR-BEUVRON,2020-07-09,4.8,NFU,1.253528175,47.498265631
05230300,Le Gabas à Poursiugues,2020-07-09,1.5,NFU,-0.351787021,43.554542342
04405017,LEMBRON A SAINT-GEORGES-LAGRICOL,2020-07-09,2.5,NFU,3.895690299,45.29904226
04052300,BEUVRON à MONTRIEUX-EN-SOLOGNE,2020-07-09,8.2,NFU,1.710852967,47.529061907
04419004,RENEVRE A NOLAY,2020-07-09,4.2,NFU,3.262273682,47.136129306
04405015,LIGONNE A VIVEROLS,2020-07-09,0.7,NFU,3.889569441,45.423720991
06061000,ARVE A MAGLAND ,2020-07-09,104.0,NFU,6.628686449,45.981948219
03071550,L'ORGE A SAINT-GERMAIN-LES-ARPAJON 1,2020-07-09,13.0,NFU,2.259655632,48.594748763
03022452,La Droyes à Droyes 1,2020-07-09,37.0,NFU,4.724848482,48.530674771
03251190,LA VIRE A BAUDRE 1,2020-07-09,7.1,NFU,-1.092212395,49.086176671
O2335073,Retenue de la Balerme,2020-07-09,4.6,NFU,1.693484376,43.642585007
04405009,ANCE A SAINT-ANTHEME,2020-07-09,1.1,NFU,3.870789433,45.59130252
04198010,CLAIE à SAINT-JEAN-BREVELAY,2020-07-09,3.5,NFU,-2.702657017,47.825776126
04422018,ACOTIN A SUILLY LA TOUR,2020-07-09,7.5,NFU,3.067874155,47.334302483
04419006,NIEVRE DE ST BENIN A ST BENIN DES BOIS,2020-07-09,15.0,NFU,3.404779656,47.143407189
06580583,NANT DE CALVI A MEYTHET 1,2020-07-09,6.3,NFU,6.086597498,45.908763356
06830079,EAU MORTE A DOUSSARD 2,2020-07-09,1.1,NFU,6.231161742,45.78876059
06063600,FORON DE LA ROCHE A ARANTHON 2,2020-07-09,1.1,NFU,6.355798699,46.087320252
06177500,LAUQUET A COUFFOULENS ,2020-07-09,2.7,NFU,2.30689855,43.157726126
Y7005003,CALACUCCIA,2020-07-09,0.95,NFU,9.020649966,42.327853928
03189210,L'AUNAY A AUNEAU 2,2020-07-09,11.0,NFU,1.756798458,48.475858701
03156580,L'AIRE A VARENNES-EN-ARGONNE 1,2020-07-09,1.7,NFU,5.034368743,49.227888673
BI000545,REALS,2020-07-09,1.5,NFU,3.042608675,43.45769382
O2345033,Barrage de Laragou,2020-07-09,14.0,NFU,1.651158976,43.694507455
O2335073,Retenue de la Balerme,2020-07-09,13.0,NFU,1.693484376,43.642585007
04197700,OUST à QUILY,2020-07-09,5.7,NFU,-2.458717747,47.899856213
04405010,ANCE A SAINT-ANTHEME,2020-07-09,1.9,NFU,3.917379521,45.505957832
04196000,OUST à ROHAN,2020-07-09,8.1,NFU,-2.763635379,48.082139627
04195190,SAL à PLUMERGAT,2020-07-09,13.0,NFU,-2.882080299,47.696641058
04405014,ANCETTE A SAINT-ANTHEME,2020-07-09,1.7,NFU,3.892550202,45.550220751
04445002,RAU MERDEREAU A VOUZON,2020-07-09,17.0,NFU,2.07100918,47.595960827
04304014,RAU DE PONT MELIN A BONNEMAIN,2020-07-09,19.0,NFU,-1.791505262,48.476596679
06063900,ARVE A ARTHAZ-PONT-NOTRE-DAME 1,2020-07-09,50.0,NFU,6.270250738,46.149852153
06000990,SAONE A BELRUPT ,2020-07-09,2.3,NFU,6.101940891,48.090273328
06850166,THIOU A CRAN-GEVRIER 2,2020-07-09,1.3,NFU,6.098636354,45.909578545
03251190,LA VIRE A BAUDRE 1,2020-07-09,7.1,NFU,-1.092212395,49.086176671
06059995,ARVE A CHAMONIX-MONT-BLANC 1,2020-07-09,84.0,NFU,6.833095047,45.905176918
03189395,LA VOISE A HOUX 1,2020-07-09,4.3,NFU,1.602326287,48.582799223
03187600,L'EURE A VER-LES-CHARTRES 1,2020-07-09,5.6,NFU,1.47682307,48.386188776
03022260,LA VOIRE A DROYES 1,2020-07-09,4.6,NFU,4.725899283,48.497978914
03022505,LA VOIRE A PUELLEMONTIER 2,2020-07-09,8.2,NFU,4.703299566,48.494957841
03250575,LA CUNES A LANDELLES-ET-COUPIGNY 1,2020-07-09,22.0,NFU,-1.012433645,48.903949726
03146300,LE RUISSEAU DE BEAUCHAMP A LES ISLETTES 3,2020-07-09,6.4,NFU,5.029786358,49.103434012
03156510,LA VADELAINCOURT A RECICOURT 2,2020-07-09,1.8,NFU,5.15993868,49.140377446
AU002553,BARRAGE PADULA,2020-07-09,1.68,NFU,9.330976615,42.636661023
BI001215,MEJANELLE,2020-07-09,18.0,NFU,4.014088881,43.597770622
05214200,L'Ousse à Bizanos,2020-07-09,1.33,NFU,-0.347395943,43.293724841
04374006,RUISSEAU DE LA BLANCHETAIS à ORGERES,2020-07-09,17.0,NFU,-1.668143845,47.992123729
04108450,LOIR à COUTURE-SUR-LOIR,2020-07-09,2.1,NFU,0.676832433,47.769564034
04422019,ASVINS A GARCHY,2020-07-09,17.0,NFU,3.061835594,47.253725172
04052770,COSSON à HUISSEAU-SUR-COSSON,2020-07-09,10.0,NFU,1.452619768,47.593952438
06177750,REBENTY A MONTREAL ,2020-07-09,37.0,NFU,2.120168574,43.201737089
02100150,LA SARRE A GROSBLIEDERSTROFF (AMONT),2020-07-09,6.9,NFU,7.041521339,49.146444956
06176670,SOU A MALVIES 2,2020-07-09,0.88,NFU,2.181826824,43.110274024
06176620,SOU A ALAIGNE ,2020-07-09,7.4,NFU,2.073176178,43.117157021
03073000,L'ORGE A SAVIGNY-SUR-ORGE 1,2020-07-09,8.1,NFU,2.355070504,48.67090001
06000997,CONEY A CORRE 1,2020-07-09,9.7,NFU,5.99619504,47.917059706
06001190,AMANCE A PISSELOUP ,2020-07-09,3.2,NFU,5.74292622,47.823318208
03188590,LA ROGUENETTE A SAINT-PREST 1,2020-07-09,8.4,NFU,1.536592431,48.490417477
03073350,L'ORGE A ATHIS-MONS 2,2020-07-09,7.5,NFU,2.400737481,48.711677721
03077000,L'YVETTE A EPINAY-SUR-ORGE 2,2020-07-09,9.8,NFU,2.337870507,48.675707977
03250690,LE BEAUCOUDRAY A TESSY-SUR-VIRE 1,2020-07-09,78.0,NFU,-1.066606308,48.955806819
03189000,L'EURE A JOUY 1,2020-07-09,2.3,NFU,1.548767969,48.51220567
03022445,LA HÉRONNE A DROYES 1,2020-07-09,27.0,NFU,4.748026719,48.523317796
03250820,LE MARQUERAN A MOYON 1,2020-07-09,56.0,NFU,-1.095110567,49.001089343
CB000904,PRISE D'EAU DE CHANGE,2020-07-09,5.6,NFU,-0.79495376,48.102862423
04405016,SAILLANTET A SAILLANT,2020-07-09,1.1,NFU,3.921840234,45.430601441
04405011,ANCE A SAINT-JULIEN-D'ANCE,2020-07-09,0.9,NFU,3.930159575,45.312250504
04446002,VALAIRE À MONTHOU-SUR-BIÈVRE,2020-07-09,3.8,NFU,1.273404372,47.475692244
04431037,SERVAGNON A SAINT-REMY-EN-ROLLAT,2020-07-09,4.7,NFU,3.37120001,46.179213928
04430022,GOURCET A SAINT-YORRE,2020-07-09,1.8,NFU,3.462651837,46.063605048
04304001,RAU DE PONT MELIN A BONNEMAIN,2020-07-09,25.0,NFU,-1.766045447,48.483119999
06001460,OUGEOTTE A GEVIGNEY-ET-MERCEY 1,2020-07-09,37.0,NFU,5.949168245,47.803962363
Y7005003,CALACUCCIA,2020-07-09,0.91,NFU,9.020649966,42.327853928
06060000,ARVE A LES-HOUCHES 1,2020-07-09,48.0,NFU,6.770565096,45.919495894
06177000,AUDE A POMAS ,2020-07-09,3.9,NFU,2.284255557,43.116921464
03250975,LE HAMEL A CONDE-SUR-VIRE 1,2020-07-09,15.0,NFU,-1.01918341,49.055399566
03022465,LA HÉRONNE A DROYES 2,2020-07-09,20.0,NFU,4.696751465,48.509745251
03250572,LA HERVENIERE A LANDELLES-ET-COUPIGNY 1,2020-07-09,28.0,NFU,-1.025209119,48.899025643
06830123,RUISSEAU DES TROIS FONTAINES A ANNECY 1,2020-07-09,1.8,NFU,6.117016361,45.896735944
03250475,LA VIRE A MALLOUE 1,2020-07-09,5.2,NFU,-0.964850652,48.936150176
O2915083,Barrage de Gensac-Lavit,2020-07-09,8.7,NFU,0.96317403,43.970668562
O2915083,Barrage de Gensac-Lavit,2020-07-09,9.8,NFU,0.96317403,43.970668562
05214320,L'Ousse à Barzun,2020-07-09,0.85,NFU,-0.127870721,43.213879682
04430021,AFFLUENT DU DAROT  A RIS,2020-07-09,49.0,NFU,3.488456627,46.01143846
04052420,BEUVRON à TOUR-EN-SOLOGNE,2020-07-09,8.9,NFU,1.498339579,47.539784157
04374007,RUISSEAU DE LA HAMONNAIS à PONT-PEAN,2020-07-09,2.3,NFU,-1.69173119,47.993185571
04154400,YON à DOMPIERRE-SUR-YON,2020-07-09,15.0,NFU,-1.384130105,46.735931207
02001700,LE RHIN A GAMBSHEIM,2020-07-09,1.9,NFU,7.91977795,48.681533877
02090000,LA MOSELLE A UCKANGE,2020-07-09,1.1,NFU,6.169285046,49.298678368
06176000,AUDE A LUC-SUR-AUDE 1,2020-07-09,2.2,NFU,2.259251959,42.968735369
06001470,SACQUELLE A MONTUREUX-LES-BAULAY 1,2020-07-09,7.1,NFU,5.984950952,47.818403275
03072200,L'ORGE A VILLEMOISSON-SUR-ORGE 1,2020-07-09,10.0,NFU,2.333001611,48.666631886
03187000,L'EURE A SAINT-LUPERCE 1,2020-07-09,5.2,NFU,1.291236374,48.448646499
03156540,LA COUSANCES A AUBREVILLE 3,2020-07-09,1.0,NFU,5.078645348,49.143007977
03186660,LA LOUPE A MEAUCE 1,2020-07-09,6.7,NFU,1.01899769,48.493845427
CM000281,PRISE D'EAU ELHUET ERREKA,2020-07-09,1.36,NFU,-1.28660616,43.251544952
AF000081,PRISE D'EAU VALLON CHASTILLON,2020-07-09,0.21,NFU,7.101774902,44.193418301
02124000,LA MEUSE A GIVET,2020-07-10,1.3,NFU,4.824971715,50.16912003
06830217,PAMPHIOT A THONON-LES-BAINS ,2020-07-10,15.0,NFU,6.446865383,46.355414577
06178000,AUDE A TREBES ,2020-07-10,4.7,NFU,2.42143105,43.213343327
06830246,VION A EXCENEVEX 1,2020-07-10,37.0,NFU,6.357345249,46.340989372
03122008,LA BIÈVRE A VERRIERES-LE-BUISSON 1,2020-07-10,10.0,NFU,2.229481058,48.745962695
03148650,LA MUETTE A VOUZIERS 1,2020-07-10,17.0,NFU,4.698566422,49.413604069
03156995,L'AIRE A GRANDPRE 3,2020-07-10,5.1,NFU,4.872091792,49.340364356
03113710,LE RU DE BELLOT A BELLOT 1,2020-07-10,5.1,NFU,3.319261525,48.85737661
03113816,LE RU D'AVALEAU A SABLONNIERES 1,2020-07-10,12.0,NFU,3.292786487,48.877921788
03251180,L'HAIN A GOURFALEUR 1,2020-07-10,17.0,NFU,-1.117283907,49.081436004
03193880,LA BLAISE A GARNAY 1,2020-07-10,2.6,NFU,1.344348959,48.703205245
03156961,LA BESOGNE A MARCQ 1,2020-07-10,22.0,NFU,4.900946429,49.311368576
03189490,LA DROUETTE A EMANCE 1,2020-07-10,16.0,NFU,1.731176879,48.59199775
06178865,RIEUTORD A LABASTIDE-ESPARBAIRENQUE ,2020-07-10,1.2,NFU,2.395539088,43.384096826
03189975,L'EURE A VILLEMEUX-SUR-EURE 1,2020-07-10,7.9,NFU,1.449108399,48.685055537
03252840,LA VIRE A LES VEYS 1,2020-07-10,58.0,NFU,-1.140528017,49.306713475
O2035003,Barrage de Poucharramet,2020-07-10,4.2,NFU,1.158251286,43.415964222
06830229,REDON A MARGENCEL 1,2020-07-10,26.0,NFU,6.401108991,46.348713513
06416450,VAUGINE A PUSEY 4,2020-07-10,28.0,NFU,6.106328321,47.647573879
06177988,TRAPEL A VILLEMOUSTAUSSOU ,2020-07-10,19.0,NFU,2.39158284,43.246021557
03247210,LA DRÔME A LA VACQUERIE 1,2020-07-10,18.0,NFU,-0.880906188,49.09051338
03189642,LA GUESLE A RAIZEUX 1,2020-07-10,15.0,NFU,1.678466493,48.619771857
03252555,LA JOUENNE A LA MEAUFFE 1,2020-07-10,10.0,NFU,-1.097267485,49.184066914
03022718,LE RUISSEAU DE CHAVANGES A LENTILLES 1,2020-07-10,31.0,NFU,4.606104485,48.483687778
03022589,LA LAINES A SOULAINES-DHUYS 1,2020-07-10,1.5,NFU,4.734953283,48.376685116
DF005895,PRISE SCP BASSE SUANE,2020-07-10,0.21,NFU,6.615014356,43.365580621
O2055013,Retenue de Sainte-Foy-de-Peyrolières I,2020-07-10,30.0,NFU,1.13033385,43.496704017
06003500,DURGEON A PONTCEY 1,2020-07-10,7.8,NFU,6.033235989,47.635551233
06179200,CLAMOUS A BOUILHONNAC ,2020-07-10,1.5,NFU,2.430838147,43.240919199
03189675,LA DROUETTE A SAINT-MARTIN-DE-NIGELLES 1,2020-07-10,5.9,NFU,1.625569321,48.61322645
03022896,LA BRÉVONNE A RANCES 1,2020-07-10,2.5,NFU,4.555714084,48.467685571
03193880,LA BLAISE A GARNAY 1,2020-07-10,2.6,NFU,1.344348959,48.703205245
Y4105023,BIMONT,2020-07-10,0.64,NFU,5.538079873,43.541539035
03076148,LE RHODON A MILON-LA-CHAPELLE 2,2020-07-10,38.0,NFU,2.048949287,48.725520132
03122008,LA BIÈVRE A VERRIERES-LE-BUISSON 1,2020-07-10,10.0,NFU,2.229481058,48.745962695
O2055013,Retenue de Sainte-Foy-de-Peyrolières I,2020-07-10,6.0,NFU,1.13033385,43.496704017
03193520,LA BLAISE A SAINT-ANGE-ET-TORCAY 1,2020-07-10,4.6,NFU,1.237363811,48.65040125
06178800,ORBIEL A LES-MARTYS,2020-07-10,1.8,NFU,2.305702561,43.437376607
03156838,LE RUISSEAU DU WASSIEUX A IMECOURT 1,2020-07-10,10.0,NFU,4.979266272,49.377239142
03251510,LA JOIGNE A SAINT-EBREMOND-DE-BONFOSSE 1,2020-07-10,23.0,NFU,-1.136860429,49.090668439
03146890,L'AISNE A MOURON 1,2020-07-10,17.0,NFU,4.78296851,49.307778872
03156151,LE RUISSEAU DE SAINT-GEORGES A LANDRES-ET-SAINT-GEORGES 1,2020-07-10,1.6,NFU,4.981171417,49.352139394
03022533,Le rû de Chevry à Rives Dervoises,2020-07-10,14.0,NFU,4.651727306,48.478850937
03116820,LE RU DU VAL A MEILLERAY 1 ,2020-07-10,1.3,NFU,3.423231661,48.78938616
03193520,LA BLAISE A SAINT-ANGE-ET-TORCAY 1,2020-07-10,4.6,NFU,1.237363811,48.65040125
06178940,RU SEC A CONQUES-SUR-ORBIEL ,2020-07-10,1.8,NFU,2.398658828,43.27433449
06413240,FOURCHES A AUXON 5,2020-07-10,3.7,NFU,6.153887742,47.695527987
06179000,ORBIEL A VILLALIER 1,2020-07-10,0.94,NFU,2.410648427,43.255221783
06412200,COLOMBINE A COLOMBOTTE 4,2020-07-10,11.0,NFU,6.28071608,47.6622098
03189675,LA DROUETTE A SAINT-MARTIN-DE-NIGELLES 1,2020-07-10,5.9,NFU,1.625569321,48.61322645
03076220,L'YVETTE A SAINT-REMY-LES-CHEVREUSE 1,2020-07-10,24.0,NFU,2.089013491,48.704586664
03156940,L'AGRON A CHAMPIGNEULLE 2,2020-07-10,3.5,NFU,4.931640043,49.350450685
03022667,LE RUISSEAU NOUE D'ARMANCE A EPOTHEMONT 1,2020-07-10,32.0,NFU,4.681925819,48.430421239
03022859,LA BRÉVONNE A JUZANVIGNY,2020-07-10,6.8,NFU,4.586714627,48.414050805
03076443,LA MERANTAISE A GIF-SUR-YVETTE 1,2020-07-10,4.5,NFU,2.131553991,48.702736149
03189900,LA MALTORNE A COULOMBS 1,2020-07-10,14.0,NFU,1.55749168,48.662783096
DN000095,PRISE D'EAU D'ITTEVILLE,2020-07-10,1.3,NFU,2.34532816,48.517221009
O2035003,Barrage de Poucharramet,2020-07-10,21.0,NFU,1.158251286,43.415964222
06003550,DURGEON A CHEMILLY 1,2020-07-10,5.5,NFU,6.024960332,47.649421386
03194180,LE BRAS DES CHÂTELETS A CHERISY 1,2020-07-10,6.2,NFU,1.410257924,48.760749775
03117302,LE RU DE COURU A SAINT-REMY-LA-VANNE 1,2020-07-10,1.2,NFU,3.242849357,48.806122531
03189545,LA GUÉVILLE A EPERNON 1,2020-07-10,31.0,NFU,1.688556373,48.61186768
03147888,LE RUISSEAU DE L'INDRE A SAVIGNY-SUR-AISNE 1,2020-07-10,14.0,NFU,4.709322054,49.370234939
03156838,LE RUISSEAU DU WASSIEUX A IMECOURT 1,2020-07-10,10.0,NFU,4.979266272,49.377239142
03252500,LA VIRE A PONT-HEBERT 3,2020-07-10,6.8,NFU,-1.115559955,49.177001356
06600028,MARAVANT A MARIN ,2020-07-10,2.5,NFU,6.520018264,46.362381535
06177980,FRESQUEL A VILLEMOUSTAUSSOU ,2020-07-10,11.0,NFU,2.361908941,43.23872586
06580926,DRANSE DE MORZINE A LA-BAUME 2,2020-07-10,0.52,NFU,6.61735492,46.286859802
06066000,DRANSE A THONON-LES-BAINS 1,2020-07-10,1.1,NFU,6.507626001,46.380466203
03252755,L'ELLE A MOON-SUR-ELLE 2,2020-07-10,12.0,NFU,-1.046512008,49.208518911
06416300,DURGEON A VESOUL 3,2020-07-10,6.4,NFU,6.166323575,47.624811389
03194180,LE BRAS DES CHÂTELETS A CHERISY 1,2020-07-10,6.2,NFU,1.410257924,48.760749775
03122999,LE RUISSEAU DE VAUHALAN A VERRIERES-LE-BUISSON 1,2020-07-10,1.4,NFU,2.239316135,48.736500541
03252763,LE RIEU A LISON 1,2020-07-10,60.0,NFU,-1.052341524,49.227145944
03246920,L'AURE A MONCEAUX-EN-BESSIN 1,2020-07-10,26.0,NFU,-0.694733564,49.241000037
03076000,L'YVETTE A CHEVREUSE 2,2020-07-10,42.0,NFU,2.03760784,48.705001583
03194080,LE BRAS DE L'ÉCLUSE A MONTREUIL 1,2020-07-10,6.8,NFU,1.401681496,48.763999725
03117440,LE VANNETIN A SAINT-SIMEON 1,2020-07-10,9.8,NFU,3.197171392,48.799650214
BP000073,BLOIS-PRISE D'EAU EN LOIRE,2020-07-10,2.3,NFU,1.307052532,47.585912313
02003350,LA LARGUE A SEPPOIS-LE-BAS,2020-07-13,6.1,NFU,7.175098786,47.539523831
02051600,LE NEUNE A LAVELINE-DEVANT-BRUYERE,2020-07-13,5.5,NFU,6.760979762,48.185082307
04631019,LE BURON A AMBRIÈRES LES VALLÉES,2020-07-13,18.0,NFU,-0.669393556,48.416229891
02072600,LE CANAL DE JONCTION - EMBRANCHEMENT DE NANCY A LUDRES,2020-07-13,5.8,NFU,6.191310995,48.61033201
02003860,LE KREBSBACH A SPECHBACH-LE-BAS,2020-07-13,20.8,NFU,7.224553614,47.678575875
02055500,L'EURON A FROVILLE,2020-07-13,22.9,NFU,6.365409749,48.470055317
06205480,NARTUBY A TRANS-EN-PROVENCE 3,2020-07-13,1.6,NFU,6.512029166,43.490727339
02003200,L'ILL A TAGOLSHEIM,2020-07-13,12.7,NFU,7.266417053,47.654501265
02003617,LE TRAUBACH A TRAUBACH-LE-BAS,2020-07-13,27.7,NFU,7.104586251,47.654867334
02004000,L'ILL A BRUNSTATT,2020-07-13,7.2,NFU,7.307015534,47.717579055
02049500,LA MOSELOTTE A SAULXURES-SUR-MOSELOTTE,2020-07-13,1.5,NFU,6.734059524,47.96246643
06204000,CARAMY A VINS-SUR-CARAMY ,2020-07-13,2.5,NFU,6.170140142,43.436957912
05005600,La Béronne en aval de Melle,2020-07-13,0.93,NFU,-0.149149654,46.212835578
02054633,LE PORTIEUX A PORTIEUX (COUVENT),2020-07-13,6.8,NFU,6.348202191,48.347214466
02003610,L'ELBAECHEL A WOLFERSDORF,2020-07-13,22.0,NFU,7.110582346,47.637134829
02003800,LA LARGUE A SPECHBACH-LE-BAS,2020-07-13,20.4,NFU,7.223280657,47.662180887
02050000,LA MOSELOTTE A AUTRIVE,2020-07-13,1.3,NFU,6.626517509,48.01452706
02003400,LA LARGUE A FRIESEN,2020-07-13,13.0,NFU,7.152206389,47.566455027
02002000,L'ILL A CARSPACH,2020-07-13,15.3,NFU,7.218093436,47.615523487
02054500,LA MOSELLE A CHATEL-NOMEXY,2020-07-13,1.8,NFU,6.390897472,48.312310072
02001750,L'ILL A OLTINGUE,2020-07-13,6.8,NFU,7.39298038,47.48813713
02054100,LA MOSELLE A CHAVELOT,2020-07-13,1.7,NFU,6.440464781,48.234327897
02051820,LE BARBA A DOCELLES,2020-07-13,1.4,NFU,6.638643771,48.138997484
02003100,LE THALBACH A WITTERSDORF,2020-07-13,7.3,NFU,7.275201329,47.622305772
02049640,LA MOSELOTTE AU SYNDICAT (NOL),2020-07-13,0.6,NFU,6.709753264,48.010750586
02053000,LA MOSELLE A EPINAL,2020-07-13,3.2,NFU,6.451684871,48.155526475
AM000155,LES MOLX,2020-07-13,0.57,NFU,5.435462984,43.403077255
04123710,RAU DES VALLEES OU DES LOUVRIERES À LA CHAPELLE-D'ANDAINE,2020-07-13,22.0,NFU,-0.476498576,48.518017504
02049900,LA CLEURIE A CLEURIE,2020-07-13,1.0,NFU,6.703357475,48.057897126
AS003083,DORDOGNE - PEYRIGET,2020-07-13,0.98,NFU,1.83553054,45.02206554
02049000,LA MOSELLE A SAULX,2020-07-13,0.6,NFU,6.686089771,47.909403126
02054265,LE DURBION A DOMPIERRE,2020-07-13,27.1,NFU,6.564356332,48.25145087
02048960,LE RUISSEAU DE LA COLLINE DE FRESSE A FRESSE-SUR-MOSELLE,2020-07-13,0.7,NFU,6.819192942,47.888838307
02051000,LA MOSELLE A ELOYES,2020-07-13,1.4,NFU,6.608993818,48.093077161
06205060,BRESQUE A SALERNES ,2020-07-13,2.5,NFU,6.251814972,43.537062048
05005605,La Berlande à Paizay-le-Tort,2020-07-13,5.0,NFU,-0.178987069,46.178029355
04123800,VARENNE à SOUCE,2020-07-13,12.0,NFU,-0.657411643,48.471617654
02054150,LE SAINT-OGER A DOGNEVILLE,2020-07-13,13.4,NFU,6.451720734,48.22608294
02055000,LA MOSELLE A BAINVILLE-AUX-MIROIRS,2020-07-13,1.8,NFU,6.281965927,48.438762292
02057000,LA MOSELLE A MEREVILLE,2020-07-13,2.5,NFU,6.151654254,48.601054126
05006200,La Boutonne dans Chef-Boutonne,2020-07-13,0.26,NFU,-0.07004441,46.111184871
02049610,LA MOSELOTTE A VAGNEY (ZAINVILLERS),2020-07-13,0.8,NFU,6.720143491,47.987989654
02054550,L'AVIERE A FRIZON,2020-07-13,17.1,NFU,6.367603189,48.276971472
02003397,LE RUISSEAU DE LARGITZEN A FRIESEN,2020-07-13,11.2,NFU,7.163157989,47.560187361
02054000,LA MOSELLE A GOLBEY,2020-07-13,2.0,NFU,6.442262839,48.208391295
02052000,LA VOLOGNE A JARMENIL,2020-07-13,2.4,NFU,6.571279685,48.115196633
02054650,LA MOSELLE A CHARMES (AMONT),2020-07-13,4.5,NFU,6.301421835,48.367033036
06300121,ARGENS A LE-THORONET 4,2020-07-13,1.6,NFU,6.266313613,43.478608807
06206000,ARGENS A ROQUEBRUNE-SUR-ARGENS 2,2020-07-13,5.1,NFU,6.640949503,43.44991609
04189200,LAITA à QUIMPERLE,2020-07-15,2.5,NFU,-3.53015692,47.842970628
05022076,La Doue à l'aval de St Estèphe,2020-07-15,14.0,NFU,0.669253772,45.591487922
R1145043,Étang de Saint Estèphe,2020-07-15,11.0,NFU,0.672902324,45.591077026
02060000,LA MOSELLE A TOUL,2020-07-15,24.0,NFU,5.896983952,48.671442024
02005688,LE BAERENBACH A REININGUE (ABBAYE D'OELENBERG),2020-07-15,3.8,NFU,7.205366685,47.744588361
02060650,LE RUISSEAU DE LA NAUE A FRANCHEVILLE,2020-07-15,16.9,NFU,5.926329984,48.744853628
02008000,LA THUR A FELLERING,2020-07-15,0.7,NFU,6.984743685,47.891603396
02008320,LA THUR A SAINT-AMARIN,2020-07-15,0.4,NFU,7.024843778,47.872157347
05178850,L'Arbas à Arbas,2020-07-15,2.7,NFU,0.898623017,42.980786939
02004800,LA DOLLER A GUEWENHEIM,2020-07-15,1.0,NFU,7.090490671,47.756439924
02057525,LE RUISSEAU DE LA VERMILLERE A CEINTREY,2020-07-15,2.9,NFU,6.155943873,48.518214823
04134800,EVRE à TREMENTINES,2020-07-15,5.8,NFU,-0.820746148,47.114966563
04158990,SEVRE NIORTAISE à SAINT-MAIXENT-L'ECOLE,2020-07-15,2.6,NFU,-0.20626835,46.399703936
03269640,L'YEURSEUL A BEAUFICEL 1,2020-07-15,1.7,NFU,-0.954291451,48.724526619
05183939,La Goute de Courbe en amont de Gouaux de Larboust,2020-07-15,2.6,NFU,0.48283606,42.785166755
04159210,CHAMBON ou RAU DE LA TOUCHE à SAINT-LIN,2020-07-15,11.0,NFU,-0.233858913,46.505391802
06141000,ISERE A PONTCHARRA 1,2020-07-15,9.6,NFU,6.004161134,45.435320836
06007000,OGNON A LES-AYNANS 2,2020-07-15,3.8,NFU,6.455263912,47.613804678
06426000,OGNON A BEAUMOTTE-AUBERTANS 1 ,2020-07-15,5.7,NFU,6.180641881,47.415931202
03116720,LE GRAND MORIN A VILLENEUVE-LA-LIONNE 1,2020-07-15,17.0,NFU,3.444805842,48.782994077
03149013,LA LOIRE A CHUFFILLY-ROCHE 1,2020-07-15,9.5,NFU,4.630742996,49.45918637
03149029,LE RUISSEAU DE LONGWE A MONTGON 1,2020-07-15,1.0,NFU,4.719035659,49.522544232
03018675,L'AUZON A COCLOIS 1,2020-07-15,4.7,NFU,4.342853423,48.465947121
03149043,LE RUISSEAU DE LAMETZ A SEMUY 2,2020-07-15,3.3,NFU,4.65835059,49.486116895
BD000091,DOURDUFF_,2020-07-15,3.7,NFU,-3.814147262,48.636640575
BS000090,NANTES - ERDRE CANAL ST FELIX (SEC),2020-07-15,10.0,NFU,-1.537071177,47.244639768
AM000572,VALLON D'OL,2020-07-15,5.5,NFU,5.407574825,43.360187584
BF000027,CANAL LATERAL LACOURTENSOURT,2020-07-15,12.0,NFU,1.419491118,43.60934733
CO000753,RAVIN LA LOUERIE,2020-07-15,0.53,NFU,2.44812219,42.586358191
BF000062,LA NAVERRE PRISE GARONNE,2020-07-15,2.9,NFU,1.311642857,43.446710717
O5645033,Retenue de la Roucarie,2020-07-15,2.4,NFU,2.131565432,44.08300264
05022078,La Doue à Chevalarias,2020-07-15,26.0,NFU,0.683259712,45.601146376
06592020,MERLET A ST-ALBAN-DES-VILLARDS 3,2020-07-15,0.62,NFU,6.250464521,45.316211905
06440250,CHAZELLE A RIGNEY ,2020-07-15,100.0,NFU,6.175173877,47.391755601
04660001,EVRE À BEAUPREAU,2020-07-15,5.5,NFU,-0.968602807,47.192645028
04672001,LA MOINE à CHOLET,2020-07-15,22.0,NFU,-0.853536405,47.025397353
04158860,PAMPROUX à SAINTE-EANNE,2020-07-15,2.2,NFU,-0.14160292,46.37980132
04139300,RAU BLANC À LA VERRIE,2020-07-15,3.4,NFU,-0.929946742,46.957581476
02005000,LA DOLLER A BURNHAUPT-HAUT,2020-07-15,1.4,NFU,7.147645951,47.743648142
04712004,LE JAUNAY AMONT A VENANSAULT,2020-07-15,8.5,NFU,-1.573391871,46.682498881
02057168,LA GITTE A DOMPAIRE (PROCHIMPRE),2020-07-15,16.9,NFU,6.201846739,48.241504676
02057453,LE RUISSEAU DU XOUILLON A GIRCOURT-LES-VIEVILLE,2020-07-15,7.6,NFU,6.181807662,48.347039929
06137200,ISERE A GRESY-SUR-ISERE 1,2020-07-15,2.0,NFU,6.27015363,45.584034109
04178110,MOULIN KERHUON à GUIPAVAS,2020-07-15,2.6,NFU,-4.387411085,48.414894521
02010000,LA THUR A STAFFELFELDEN,2020-07-15,1.6,NFU,7.264898893,47.826924307
02009500,LE CANAL DE THANN-CERNAY A CERNAY,2020-07-15,5.5,NFU,7.194217766,47.809972514
03109000,LA MARNE A LA FERTE-SOUS-JOUARRE 1,2020-07-15,2.2,NFU,3.124601326,48.944716518
06011000,SAONE A AUXONNE 1,2020-07-15,3.6,NFU,5.382571964,47.19451928
03270000,LA SÉE A CHERENCE-LE-ROUSSEL 1,2020-07-15,3.5,NFU,-1.01990205,48.709175083
03194880,LA MEUVETTE A DAMPIERRE-SUR-AVRE 1,2020-07-15,0.38,NFU,1.13306854,48.759967512
03149077,LE RUISSEAU DE SAINT-LAMBERT A CHARBOGNE 1,2020-07-15,2.4,NFU,4.601768653,49.496937023
03270390,LE GLANON A CUVES 2,2020-07-15,5.6,NFU,-1.103258547,48.731057612
AS000364,AGUDOUR DE VOUTEZAC,2020-07-15,3.2,NFU,1.441263658,45.294893594
AM000069,LA GARE (R-L-B),2020-07-15,7.7,NFU,5.550879682,43.22216567
AW000067,LE LIE AU PONT QUERRA,2020-07-15,5.1,NFU,-2.585232804,48.193166855
05176225,L'Aygossau à Cazères,2020-07-15,6.8,NFU,1.116743708,43.225223063
05162624,Le Touch au niveau de Fabas,2020-07-15,56.0,NFU,0.88276049,43.315463635
O5645033,Retenue de la Roucarie,2020-07-15,7.9,NFU,2.131565432,44.08300264
O5645033,Retenue de la Roucarie,2020-07-15,3.1,NFU,2.131565432,44.08300264
04126295,QUARTIER à LOUVERNE,2020-07-15,6.3,NFU,-0.712120163,48.105114363
04741001,FL SEVRE NIORTAISE A ECHIRE,2020-07-15,1.9,NFU,-0.4259405,46.406059426
04427000,RAU DES ASSATS À MEZEL,2020-07-15,23.0,NFU,3.2310997,45.752813748
04082720,VONNE à MENIGOUTE,2020-07-15,4.2,NFU,-0.065851667,46.4924387
K091410,RETENUE DE VILLEREST à CORDELLE,2020-07-15,2.1,NFU,4.054226534,45.917020864
02057130,L'EAU DE LA VILLE A BAINVILLE-AUX-SAULES,2020-07-15,2.1,NFU,6.130768375,48.205958404
02005700,LA DOLLER A REININGUE,2020-07-15,2.1,NFU,7.232749853,47.745619565
06425800,OGNON A CHASSEY-LES-MONTBOZON 1,2020-07-15,3.3,NFU,6.354308908,47.507825663
03190080,L'EURE A MONTREUIL 1,2020-07-15,1.9,NFU,1.379921663,48.776759415
03270530,LA CAUSTARDIERE A BRECEY 1,2020-07-15,6.8,NFU,-1.157570936,48.708269557
03270840,LE RUISSEAU DU MOULIN DU BOIS A TIREPIED 1,2020-07-15,7.0,NFU,-1.249526232,48.729152958
DN000134,PRISE D'EAU DE VIRY,2020-07-15,3.9,NFU,2.372480892,48.668663229
05162580,La Bure à Rieumes (aval STPU),2020-07-15,30.0,NFU,1.135329338,43.418559647
04134920,TREZENNE à SAINT-REMY-EN-MAUGES,2020-07-15,5.6,NFU,-1.080313614,47.293276312
05022077,Affluent de la Doue Ã  St EstÃ¨phe (ruisseau de Chevalarias ,2020-07-15,63.0,NFU,0.675739926,45.595315743
04171750,TRIEUX à SAINT-PEVER,2020-07-15,3.3,NFU,-3.113959654,48.482748658
04134900,EVRE à BEAUPREAU,2020-07-15,6.6,NFU,-1.025598473,47.217224227
04426022,LA MONNE À LE VERNET SAINTE MARGUERITE,2020-07-15,2.2,NFU,2.910486891,45.624128581
02057400,LE MADON A AMBACOURT,2020-07-15,5.9,NFU,6.142424023,48.346669154
02007000,L'ILL A RUELISHEIM,2020-07-15,2.5,NFU,7.359351259,47.819859761
06428800,REIGNE A MAGNY-VERNOIS 2,2020-07-15,3.6,NFU,6.47198852,47.669952094
03196080,LA COUDANNE A SAINT-GEORGES-MOTEL 1,2020-07-15,2.9,NFU,1.362785283,48.783773568
03183000,LA SEINE A OISSEL 2,2020-07-15,2.4,NFU,1.096833459,49.338593064
03148220,LA FOURNELLE A QUATRE-CHAMPS 1,2020-07-15,5.4,NFU,4.76519883,49.440394684
06139815,GELON A VILLARD-SALLET 2,2020-07-15,1.8,NFU,6.15104804,45.489702462
06433920,OGNON A MOIMAY 1,2020-07-15,2.8,NFU,6.414535206,47.553260312
06141520,RUISSEAU DE CROP A LAVAL ,2020-07-15,8.2,NFU,5.977904915,45.233655913
03109000,LA MARNE A LA FERTE-SOUS-JOUARRE 1,2020-07-15,2.2,NFU,3.124601326,48.944716518
03194350,L'AVRE A SAINT-CHRISTOPHE-SUR-AVRE 1,2020-07-15,9.1,NFU,0.829382503,48.698642677
DN000111,PRISE D'EAU DE MORSANG,2020-07-15,1.5,NFU,2.500451859,48.57861458
04426023,LA VEYRE À AYDAT,2020-07-15,9.2,NFU,2.976589046,45.661126494
K091410,RETENUE DE VILLEREST à CORDELLE,2020-07-15,1.7,NFU,4.054226534,45.917020864
04126800,JOUANNE à BREE,2020-07-15,16.0,NFU,-0.531479586,48.144445171
04030600,LA VEYRE OU LA MONNE à LES MARTRES-DE-VEYRE,2020-07-15,4.6,NFU,3.200207873,45.688709526
04178127,DOUFFINE à SAINT-SEGAL,2020-07-15,3.8,NFU,-4.06072711,48.260143285
04182990,STEIR à GUENGAT,2020-07-15,2.3,NFU,-4.146745063,48.027097979
04113200,ORTHE à SAINT-PIERRE-SUR-ORTHE,2020-07-15,19.0,NFU,-0.150041935,48.229804189
02059760,LA BOUVADE A BIQUELEY,2020-07-15,1.9,NFU,5.900539492,48.643920987
02057245,LA SAULE A HYMONT,2020-07-15,1.3,NFU,6.148193961,48.270410872
02004470,LA DOLLER A NIEDERBRUCK,2020-07-15,1.8,NFU,6.973080777,47.78271778
02060500,LA MOSELLE A GONDREVILLE,2020-07-15,13.6,NFU,5.970152067,48.7092267
02057503,LE REVAU A VAUDEVILLE,2020-07-15,13.1,NFU,6.187390339,48.46213985
06031200,DOUBS A GEVRY 1,2020-07-15,1.32,NFU,5.453509011,47.035516918
06005500,SAONE A APREMONT 1,2020-07-15,5.1,NFU,5.544088677,47.395715666
03184000,LA SEINE A LA BOUILLE 1,2020-07-15,100.0,NFU,0.934013574,49.351943837
06137560,DORON DE TERMIGNON A TERMIGNON ,2020-07-15,1.7,NFU,6.812587182,45.28408097
03269987,LE COURS D'EAU NUMÃRO 04 DE LA COMMUNE DE MESNIL TOVE A LE ,2020-07-15,4.3,NFU,-1.018243131,48.707069564
03023000,LA VOIRE A LASSICOURT 1,2020-07-15,1.6,NFU,4.491321431,48.44858172
03190080,L'EURE A MONTREUIL 1,2020-07-15,1.9,NFU,1.379921663,48.776759415
03023025,Le Fossé Napoléon à St Léger sous Brienne,2020-07-15,9.1,NFU,4.532435698,48.408142328
CB000091,PRISE D'EAU DE L'ERNEE,2020-07-15,9.5,NFU,-0.937388968,48.300252718
04159300,SEVRE NIORTAISE à CHAURAY,2020-07-15,2.2,NFU,-0.352087352,46.376627596
04186100,BELON à RIEC-SUR-BELON,2020-07-15,1.8,NFU,-3.634994528,47.838091346
04426024,LA MONNE À TALLENDE,2020-07-15,1.6,NFU,3.130583285,45.663601584
04030500,VEYRE à TALLENDE,2020-07-15,1.0,NFU,3.13075466,45.666235031
04606013,ERVE A VOUTRE,2020-07-15,12.0,NFU,-0.319659673,48.14054751
04711001,LE LIGNERON A  SOULLANS,2020-07-15,69.0,NFU,-1.907618067,46.749603439
04426021,LA NARSE À SAULZET LE FROID,2020-07-15,12.0,NFU,2.895973816,45.643818628
04179645,R DU FAOU à LE FAOU,2020-07-15,3.0,NFU,-4.180841632,48.296166017
04674005,RUISSEAU DE LONGUENAIS A LES HERBIERS,2020-07-15,8.5,NFU,-1.106543826,46.868873835
K091410,RETENUE DE VILLEREST à CORDELLE,2020-07-15,25.0,NFU,4.054226534,45.917020864
06435450,LINOTTE A LOULANS-VERCHAMP 1,2020-07-15,7.4,NFU,6.20919681,47.43549867
02006450,LE GROSS RUNZGRABEN A BURNHAUPT-LE-BAS (NIEDERHOLZ),2020-07-15,12.3,NFU,7.179052208,47.721754876
02059500,LA MOSELLE A PIERRE-LA-TREICHE,2020-07-15,14.6,NFU,5.934112018,48.645060878
02057650,LE MADON A PIERREVILLE,2020-07-15,4.3,NFU,6.125175007,48.549250383
02004380,LE SEEBACH A RIMBACH-PRES-MASEVAUX,2020-07-15,1.1,NFU,6.945567525,47.818621717
06429845,RAHIN A LA COTE 1,2020-07-15,3.4,NFU,6.571358244,47.687607447
06008000,RAHIN A AYNANS 1,2020-07-15,2.2,NFU,6.473804486,47.621885635
03194620,L'AVRE A MONTIGNY-SUR-AVRE 1,2020-07-15,2.0,NFU,1.010639369,48.728570488
06017050,SAONE A CHARREY-SUR-SAONE ,2020-07-15,3.1,NFU,5.165636186,47.073698608
06140010,BREDA A ALLEVARD 1,2020-07-15,0.89,NFU,6.079787852,45.389977772
03149035,LE RUISSEAU DES CRAQUINETTES A VONCQ 1,2020-07-15,29.0,NFU,4.722995894,49.490548766
03018140,LE RAVET A BRAUX 1,2020-07-15,14.0,NFU,4.461650786,48.484689677
03149122,LE RUISSEAU DE SAULCES-CHAMPENOISES A AMBLY-FLEURY 2,2020-07-15,11.0,NFU,4.493692861,49.486809123
03194620,L'AVRE A MONTIGNY-SUR-AVRE 1,2020-07-15,2.0,NFU,1.010639369,48.728570488
03196000,L'AVRE A SAINT-GEORGES-MOTEL 1,2020-07-15,2.5,NFU,1.363629533,48.783266171
03185000,LA SEINE A CAUDEBEC-EN-CAUX 1,2020-07-15,14.0,NFU,0.676982203,49.51430907
05175350,La Louge à Franquevielle,2020-07-15,8.0,NFU,0.532144768,43.130468343
05022071,Le ruisseau des Forges à Bourdeix,2020-07-15,7.0,NFU,0.623844671,45.584861866
04671002,RAU DES AMOURETTES à LA VERRIE,2020-07-15,7.4,NFU,-0.984081922,46.984092492
02057250,LE MADON A MATTAINCOURT,2020-07-15,10.3,NFU,6.135465782,48.277511562
02057100,L'ILLON A ADOMPT,2020-07-15,21.1,NFU,6.168176115,48.200529984
02057065,LE COLON A AVRAINVILLE,2020-07-15,20.8,NFU,6.210469919,48.36870496
04143800,PETITE MAINE à SAINT-GEORGES-DE-MONTAIGU,2020-07-15,5.0,NFU,-1.273421086,46.922756755
04159250,CHAMBON à SAIVRES,2020-07-15,2.2,NFU,-0.215486965,46.440888497
04427019,RAU DES ASSATS A CHAURIAT,2020-07-15,49.0,NFU,3.269437101,45.734754847
04143400,GRANDE MAINE à LES HERBIERS,2020-07-15,4.9,NFU,-1.056696275,46.877192817
02009000,LA THUR A WILLER-SUR-THUR,2020-07-15,1.2,NFU,7.069468417,47.843284139
02057060,LE MADON A BAINVILLE-AUX-SAULES,2020-07-15,9.5,NFU,6.145956411,48.202213812
02059800,LE RUISSEAU DE LA QUEUE A TOUL,2020-07-15,35.5,NFU,5.875736529,48.644639444
02057150,LE MADON A MARONCOURT,2020-07-15,8.4,NFU,6.151370579,48.248201657
03190300,L'EURE A CROTH 2,2020-07-15,2.6,NFU,1.380537311,48.843316282
03118300,LE GRAND MORIN A TIGEAUX 1,2020-07-15,9.2,NFU,2.903299343,48.829335534
03114000,LE PETIT MORIN A SAINT-CYR-SUR-MORIN 2,2020-07-15,8.4,NFU,3.151645698,48.930612001
03174211,LA SEINE A PONT-DE-L'ARCHE 1,2020-07-15,2.8,NFU,1.158427479,49.307636569
AM000055,LA CIOTAT,2020-07-15,9.1,NFU,5.618405068,43.192576834
BX000260,L'ARCHE (LA SARTHE),2020-07-15,3.7,NFU,-0.496346938,47.684424875
BS000087,MAUVES/LOIRE   LA LOIRE,2020-07-15,5.8,NFU,-1.407555723,47.317714813
DD000208,PRISE AGOUT (CASTRES),2020-07-15,3.3,NFU,2.360831146,43.66285417
R1145043,Étang de Saint Estèphe,2020-07-15,11.0,NFU,0.672902324,45.591077026
04171870,TRIEUX à GUINGAMP,2020-07-15,2.6,NFU,-3.151194883,48.547169216
04113050,VAUDELLE à SAINT-GERMAIN-DE-COULAMER,2020-07-15,21.0,NFU,-0.20279019,48.273275614
04711004,LA JAUNAY AVAL A GIVRAND,2020-07-15,36.0,NFU,-1.907905575,46.671166925
04136300,RAU DES ROBINETS À DRAIN,2020-07-15,2.5,NFU,-1.180940363,47.328275815
02057210,LE RUISSEAU DE VROVILLE A VROVILLE,2020-07-15,22.9,NFU,6.149420777,48.276042095
04660000,RAU D'ABRIARD à LE FIEF-SAUVIN,2020-07-15,3.7,NFU,-1.03954085,47.231765789
04171400,LEFF à GOMMENEC'H,2020-07-15,3.9,NFU,-3.035300702,48.650046839
02057600,LE BRENON A AUTREY,2020-07-15,6.3,NFU,6.139675619,48.528747106
02004300,LA DOLLER A SEWEN (LERCHENMATT),2020-07-15,0.8,NFU,6.895346403,47.801892805
02057300,LE VAL D'AROL A POUSSAY,2020-07-15,11.2,NFU,6.121481111,48.309225757
03269438,LA SÉE ROUSSE A SOURDEVAL 2,2020-07-15,50.0,NFU,-0.901617517,48.701055698
03190300,L'EURE A CROTH 2,2020-07-15,2.6,NFU,1.380537311,48.843316282
03149081,L'AISNE A ATTIGNY 1,2020-07-15,3.8,NFU,4.579073297,49.480110153
03276970,LE CANAL DES ARDENNES A NEUVELLE-DAY 1,2020-07-15,0.9,NFU,4.691297738,49.49354541
03018652,LE LONGSOLS A LONGSOLS 1,2020-07-15,1.6,NFU,4.317446262,48.439332848
K207510,RETENUE DE NAUSSAC à LANGOGNE,2020-07-16,12.0,NFU,3.804032115,44.74431238
02067600,LA VERDURETTE A RECLONVILLE,2020-07-16,8.5,NFU,6.729071876,48.53980457
O0115163,Lac de l'Oule,2020-07-16,0.4,NFU,0.204525801,42.826386353
04136100,LOIRE à SAINT-GEREON,2020-07-16,3.3,NFU,-1.207889414,47.353714965
04339000,KERLOC'H A CROZON,2020-07-16,6.2,NFU,-4.491690814,48.259248366
04721004,GUE CHATENAY A TALMONT-SAINT-HILAIRE,2020-07-16,28.0,NFU,-1.599874099,46.469179122
04430014,LE SARMON A BELLERIVE SUR ALLIER,2020-07-16,3.5,NFU,3.413868189,46.117400409
06002000,LANTERNE A FLEUREY-LES-FAVERNEY 1,2020-07-16,1.9,NFU,6.075844151,47.745833159
06179550,ARGENT DOUBLE A AZILLE 1,2020-07-16,0.48,NFU,2.629637629,43.263822655
06133600,ISERE A MONTGIROD ,2020-07-16,4.9,NFU,6.599401123,45.532406421
02013000,L'ILL A OBERHERGHEIM,2020-07-16,2.1,NFU,7.398568568,47.967641937
06035500,DOUBS A SAUNIERES ,2020-07-16,2.3,NFU,5.085005967,46.90345354
06179615,ORBIEU A VIGNEVIEILLE ,2020-07-16,0.31,NFU,2.521181,43.004459142
03271000,LA SÉE A TIREPIED,2020-07-16,66.0,NFU,-1.261783681,48.709066551
03190735,LA VESGRE A SAINT-LUBIN-DE-LA-HAYE 1,2020-07-16,14.0,NFU,1.562909369,48.816520778
06137000,ARLY A CESARCHES ,2020-07-16,1.3,NFU,6.402651883,45.694135196
03268250,L'OISELIERE A SAINT-PLANCHERS 1,2020-07-16,90.0,NFU,-1.53931742,48.822324775
03149385,LE RUISSEAU DE VIEL SAINT-REMY A WAGNON 1,2020-07-16,5.4,NFU,4.432374306,49.631183979
03191700,L'EURE A CAILLY-SUR-EURE 1,2020-07-16,4.4,NFU,1.208875148,49.114401024
03033280,le rû de porcmignon,2020-07-16,8.3,NFU,3.894867025,47.282304069
03149176,L'AISNE A RETHEL 1,2020-07-16,8.1,NFU,4.34460481,49.511262161
03033270,Vanerioux à Brassy,2020-07-16,8.9,NFU,3.946622337,47.232654867
03063000,LA SEINE A ABLON-SUR-SEINE 2,2020-07-16,4.5,NFU,2.41559629,48.71866825
AT000383,RIVIERE RIZZANESE,2020-07-16,0.63,NFU,8.909725799,41.544872415
CO000949,RIU FERRER,2020-07-16,0.18,NFU,2.622352231,42.438187383
04174550,HORN à SAINT-POL-DE-LEON,2020-07-16,4.1,NFU,-4.019344723,48.676444913
03082000,LA SEINE A SURESNES 2,2020-07-16,2.4,NFU,2.229494609,48.866707755
04123980,COLMONT à LA HAIE-TRAVERSAINE,2020-07-16,17.0,NFU,-0.622522614,48.377208757
04174670,GUILLEC à PLOUGOULM,2020-07-16,2.4,NFU,-4.054419004,48.668268969
04137000,LOIRE à SAINTE-LUCE-SUR-LOIRE,2020-07-16,4.0,NFU,-1.473215774,47.231615237
04339001,RAU DE STALAS à DOUARNENEZ,2020-07-16,1.5,NFU,-4.324456327,48.073499672
04422004,R VIRLANGE À CHANALEILLES,2020-07-16,0.85,NFU,3.480643725,44.827370093
04431020,LE REDAN A CRECHY,2020-07-16,24.0,NFU,3.415637567,46.264940262
04710001,LA JARANNE A POIRE-SUR-VIE,2020-07-16,7.0,NFU,-1.512821231,46.790329426
04430015,LE SARMON A BRUGHEAS,2020-07-16,16.0,NFU,3.351156008,46.057323295
02066000,LA MEURTHE A THIAVILLE,2020-07-16,5.1,NFU,6.808034069,48.420061998
04026970,RAU DU MAS D'ARMAND OU DE LA GAZELLE à LANGOGNE,2020-07-16,3.0,NFU,3.836054376,44.722369405
02067800,LA VEZOUZE A THIEBAUMENIL,2020-07-16,17.5,NFU,6.628375786,48.579500223
03112480,LA MARNE A CHARENTON-LE-PONT 2,2020-07-16,6.3,NFU,2.41962979,48.816895156
02064770,LE RABODEAU A MOYENMOUTIER (AMONT),2020-07-16,5.4,NFU,6.945653612,48.384573638
02011000,LA THUR A ENSISHEIM,2020-07-16,1.6,NFU,7.33686652,47.868051668
06163900,CALAVON A CERESTE 2,2020-07-16,1.1,NFU,5.573008104,43.862619506
06162000,DURANCE A ST-PAUL-LES-DURANCE ,2020-07-16,6.7,NFU,5.719218382,43.696820312
03149172,LE RUISSEAU DE BIERMES A BIERMES 1,2020-07-16,1.4,NFU,4.388885213,49.48781463
03270900,LE RUISSEAU DE SAULTBESNON A TIREPIED 1,2020-07-16,12.0,NFU,-1.29290425,48.714036965
DD000376,BARRAGE BANCALIE,2020-07-16,3.4,NFU,2.300478978,43.787871274
04179678,KER HA RO à PLOEVEN,2020-07-16,2.6,NFU,-4.21438788,48.169811738
05157200,La Saune à Quint-Fonsegrives,2020-07-16,110.0,NFU,1.509455521,43.577510602
06045800,SAONE A FLEURVILLE ,2020-07-16,4.6,NFU,4.8966126,46.447797176
04174770,QUILLIMADEC à GUISSENY,2020-07-16,4.7,NFU,-4.356014777,48.621863449
04123825,COLMONT à FOUGEROLLES-DU-PLESSIS,2020-07-16,20.0,NFU,-0.920512249,48.509971546
04026980,RAU DE REAL à CHASTANIER,2020-07-16,2.1,NFU,3.76365768,44.744793214
02017500,L'OHMBACH A ROUFFACH (BADENMUEHLE),2020-07-16,1.9,NFU,7.27619836,47.948502511
02061970,LA PETITE MEURTHE A BAN-SUR-MEURTHE-CLEFCY (CLEFCY),2020-07-16,1.4,NFU,6.980070977,48.162776429
06810010,SAONE A ST-SYMPHORIEN-D'ANCELLES ,2020-07-16,5.6,NFU,4.78020088,46.187873089
03006271,LA GROÈME A TERREFONDREE 1,2020-07-16,4.5,NFU,4.864757501,47.728986262
06039500,SAONE A OUROUX-SUR-SAONE ,2020-07-16,4.4,NFU,4.932135859,46.710964428
03081016,La Bièvre à Fresnes 3,2020-07-16,11.0,NFU,2.317104901,48.765361299
03033395,LE RUISSEAU DE L'ÉTANG A SAINT-ANDRE-EN-MORVAN 1,2020-07-16,3.7,NFU,3.865674146,47.380404188
03033456,LE RUISSEAU DE L'ÉTANG DES MERLES A EMPURY 1,2020-07-16,8.9,NFU,3.810339808,47.351616581
03149420,LE PLUMION A NOVION-PORCIEN 2,2020-07-16,3.8,NFU,4.411889899,49.583725614
03190719,L'OPTON A HOUDAN 1,2020-07-16,14.0,NFU,1.597362293,48.794001593
CM000123,GALERIE DE SAGETTE FENETRE 22,2020-07-16,0.13,NFU,-0.403229105,42.89387164
CM000315,LA NIVE,2020-07-16,3.4,NFU,-1.47068208,43.407170641
O0115163,Lac de l'Oule,2020-07-16,0.5,NFU,0.204525801,42.826386353
04127550,VICOIN à GENEST-SAINT-ISLE (LE),2020-07-16,13.0,NFU,-0.921357462,48.093589889
O0115163,Lac de l'Oule,2020-07-16,0.3,NFU,0.204525801,42.826386353
04341009,RAU DE PLOZEVET A PLOZEVET,2020-07-16,2.0,NFU,-4.392611129,47.963596463
04632044,LE FONTAINE DANIEL A CONTEST,2020-07-16,5.7,NFU,-0.668013973,48.263869766
02067070,LE MAZUROT A GLONVILLE,2020-07-16,13.4,NFU,6.682125164,48.467863393
04710002,LE RUTH A POIRE-SUR-VIE,2020-07-16,11.0,NFU,-1.530495524,46.778711764
04150850,VIE à LA CHAPELLE-PALLUAU,2020-07-16,9.7,NFU,-1.618133055,46.77720673
02016050,LA LAUCH A BUHL (AVAL),2020-07-16,0.8,NFU,7.196836992,47.923436993
06132900,ISERE A VAL-D'ISERE 1,2020-07-16,3.8,NFU,7.013408309,45.449798388
06133350,DORON DE PRALOGNAN A PLANAY ,2020-07-16,1.6,NFU,6.708503426,45.411837301
02019000,LA FECHT A WALBACH,2020-07-16,1.9,NFU,7.23979786,48.070502645
02065090,LA PLAINE A RAON-SUR-PLAINE,2020-07-16,1.1,NFU,7.10176496,48.512306652
06134000,DORON DE BOZEL A MOUTIERS ,2020-07-16,13.0,NFU,6.525846782,45.481749031
06037400,SAONE A GERGY ,2020-07-16,3.6,NFU,4.955457586,46.878985499
03191001,LE RU GIRONDE A AUTHEUIL-AUTHOUILLET 1,2020-07-16,1.7,NFU,1.2801369,49.09692915
06179500,AUDE A LA REDORTE 1,2020-07-16,7.4,NFU,2.664517111,43.243364064
06001890,SUPERBE A BAULAY 1,2020-07-16,15.0,NFU,6.057799609,47.794376924
03190725,LA VESGRE A HOUDAN 1,2020-07-16,9.5,NFU,1.589635452,48.800818901
03000344,LA COQUILLE A AIGNAY-LE-DUC 1,2020-07-16,1.8,NFU,4.738000827,47.665054536
AW000729,TRAOU LEGUER,2020-07-16,1.6,NFU,-3.447545407,48.553343354
05162505,L'Ayguebelle au niveau de Saint Lys,2020-07-16,50.0,NFU,1.228045511,43.516676164
05162450,L'Ousseau au niveau de Plaisance du Touch,2020-07-16,14.0,NFU,1.300776,43.539887942
04027000,ALLIER à NAUSSAC,2020-07-16,2.6,NFU,3.831161967,44.75660134
04175500,ABER BENOIT à PLOUVIEN,2020-07-16,3.6,NFU,-4.450088062,48.544518627
K207510,RETENUE DE NAUSSAC à LANGOGNE,2020-07-16,4.5,NFU,3.804032115,44.74431238
04430018,LE BRIANDET A BELLERIVE SUR ALLIER,2020-07-16,5.9,NFU,3.400929797,46.12592954
02022650,LE RIEDBRUNNEN A COLMAR (LINDEN MATTEN),2020-07-16,0.6,NFU,7.448526671,48.16154155
02018000,LA LAUCH A HERRLISHEIM-PRES-COLMAR,2020-07-16,5.7,NFU,7.330821994,48.015925784
02063000,LA MEURTHE A GRATIN,2020-07-16,3.9,NFU,6.9737929,48.282584969
06181150,OGNON A OLONZAC 3,2020-07-16,2.5,NFU,2.734201057,43.274754162
06406400,BEULETIN A ESMOULIERES 1,2020-07-16,0.61,NFU,6.595126735,47.843485203
03190790,LA VESGRE A OULINS 1,2020-07-16,5.5,NFU,1.466283902,48.866978696
03269250,LA LERRE A SARTILLY 1,2020-07-16,30.0,NFU,-1.441864293,48.735562729
03267850,LE RUISSEAU DU BOSCQ A COUDEVILLE-SUR-MER 1,2020-07-16,11.0,NFU,-1.51895066,48.850617335
03081001,LE RUISSEAU DE RUNGIS A FRESNES 1,2020-07-16,12.0,NFU,2.318907541,48.749915193
04150940,RAU DE LA FONTAINE DE LA FLACHAUSSIERE à MACHE,2020-07-16,18.0,NFU,-1.676085206,46.773568611
04124200,MAYENNE à SAINT-FRAIMBAULT-DE-PRIERES,2020-07-16,21.0,NFU,-0.59067304,48.364271044
04431023,LE MOURGON LE VIF A BOST,2020-07-16,7.1,NFU,3.497422148,46.191996065
04173000,LEGUER à LE VIEUX-MARCHE,2020-07-16,2.1,NFU,-3.414503892,48.635839666
04420007,LE DONOZAU A LANGOGNE,2020-07-16,3.3,NFU,3.828634312,44.753476771
04174730,KERALLE à PLOUESCAT,2020-07-16,4.0,NFU,-4.186345983,48.650413777
04430012,LE DAROT A MARIOL,2020-07-16,8.6,NFU,3.478535825,46.014371419
06134500,ISERE A FEISSONS-SUR-ISERE ,2020-07-16,2.5,NFU,6.467460007,45.562607361
02064000,LA MEURTHE A LA VOIVRE,2020-07-16,5.1,NFU,6.904865343,48.326301909
02067000,LA MEURTHE A AZERAILLES,2020-07-16,13.7,NFU,6.700310641,48.481464066
02018780,LA PETITE FECHT A STOSSWIHR (B),2020-07-16,0.8,NFU,7.061532567,48.054063574
02018500,L'ILL A COLMAR (MAISON ROUGE),2020-07-16,1.5,NFU,7.422844863,48.150854822
02067500,LA BLETTE A MIGNEVILLE,2020-07-16,13.1,NFU,6.782178875,48.532461179
02067400,LE VACON A BARBAS,2020-07-16,16.1,NFU,6.856521697,48.574715162
06408800,AUGRONNE A PLOMBIERES-LES-BAINS ,2020-07-16,1.2,NFU,6.42192362,47.943245658
06001995,LANTERNE A FAVERNEY 1,2020-07-16,1.4,NFU,6.099472553,47.756450872
06001960,COMBEAUTE A FOUGEROLLES 2,2020-07-16,2.6,NFU,6.384334613,47.883432669
06053800,SAONE A ST-BERNARD ,2020-07-16,5.5,NFU,4.728940626,45.944113681
03269120,LE LUDE A CAROLLES 1,2020-07-16,74.0,NFU,-1.56001547,48.743681218
03149440,LA DYONNE A NOVY-CHEVRIERES 1,2020-07-16,9.3,NFU,4.441192832,49.563391701
03190636,LE SAUSSERON A MAULETTE 1,2020-07-16,21.0,NFU,1.626669617,48.798387513
03082000,LA SEINE A SURESNES 2,2020-07-16,2.4,NFU,2.229494609,48.866707755
03033273,LE RUISSEAU DE L'ÉTANG DE LAVAULT A BRASSY 3,2020-07-16,16.0,NFU,3.931259483,47.254594127
03000890,LE BREVON A BUSSEAUT 1,2020-07-16,0.55,NFU,4.651512733,47.737996715
03269000,LE THAR A SAINT-PAIR-SUR-MER 1,2020-07-16,17.0,NFU,-1.533430088,48.783566137
05158090,Le ruisseau de Laragou à Bonrepos-Riquet,2020-07-16,45.0,NFU,1.608357511,43.682674019
04431021,L 'AGASSE A MARCENAT,2020-07-16,15.0,NFU,3.394332601,46.244394818
04178750,HYERE à CALLAC,2020-07-16,19.0,NFU,-3.445338577,48.387828626
04431018,LE BERON A CHARMEIL,2020-07-16,6.8,NFU,3.402979856,46.15891656
04174000,JARLOT à PLOURIN-LES-MORLAIX,2020-07-16,3.3,NFU,-3.799194954,48.561769724
04174760,FLECHE à PLOUIDER,2020-07-16,3.1,NFU,-4.271555725,48.585357109
04148500,LOIRE à CORDEMAIS,2020-07-16,82.0,NFU,-1.870993933,47.270303491
04422007,VIRLANGE à SAINT-PREJET-D'ALLIER,2020-07-16,0.88,NFU,3.621881835,44.933227205
02063550,LE TAINTROUE A SAINT-DIE-DES-VOSGES,2020-07-16,3.4,NFU,6.920541875,48.292677893
02065280,LA PLAINE A CELLES-SUR-PLAINE (LA SOYE),2020-07-16,2.1,NFU,6.957757551,48.465563862
02067200,LA VEZOUZE A BLAMONT,2020-07-16,5.6,NFU,6.852998451,48.59083312
06405950,BREUCHIN A ORMOICHE 1,2020-07-16,4.6,NFU,6.308658208,47.801520913
02017000,LA LAUCH A MERXHEIM,2020-07-16,3.6,NFU,7.291291824,47.913892494
06162350,REAL DE JOUQUES A JOUQUES ,2020-07-16,0.96,NFU,5.618047763,43.640899453
03190636,LE SAUSSERON A MAULETTE 1,2020-07-16,21.0,NFU,1.626669617,48.798387513
06017070,SAONE A SEURRE ,2020-07-16,3.5,NFU,5.143535238,46.9969241
06137048,DORON DE BEAUFORT A VENTHON ,2020-07-16,1.7,NFU,6.444898552,45.714302644
06059500,SAONE A LYON 1,2020-07-16,39.0,NFU,4.831905651,45.796538771
03006271,LA GROÈME A TERREFONDREE 1,2020-07-16,4.5,NFU,4.864757501,47.728986262
06162600,DURANCE A LA-ROQUE-D'ANTHERON ,2020-07-16,3.3,NFU,5.364557167,43.71019251
03149158,LE RUISSEAU DE SAULCES A ALLAND'HUY-ET-SAUSSEUIL 1,2020-07-16,8.4,NFU,4.535037092,49.519499942
03001000,LA SEINE A NOD-SUR-SEINE 1,2020-07-16,0.73,NFU,4.570985849,47.764194461
03149166,LE RUISSEAU DE SAULCES A RETHEL 1,2020-07-16,18.0,NFU,4.412979191,49.50175656
03002310,LA LAIGNES A CHAUME-LES-BAIGNEUX 1,2020-07-16,20.0,NFU,4.584283206,47.631813527
03006354,LE RUISSEAU DE VILLARNON A MONTMOYEN 1,2020-07-16,1.7,NFU,4.791015028,47.724547673
03033277,Etang des vernois à Brassy,2020-07-16,6.1,NFU,3.913800712,47.268372769
AW000729,TRAOU LEGUER,2020-07-16,2.8,NFU,-3.447545407,48.553343354
CO000488,RAVIN DE FALGOS,2020-07-16,1.1,NFU,2.634595966,42.352849273
K207510,RETENUE DE NAUSSAC à LANGOGNE,2020-07-16,2.3,NFU,3.804032115,44.74431238
04431019,LE BERON A SERBANNES,2020-07-16,8.0,NFU,3.318276175,46.095763508
04431022,LE MOURGON LE MORT A BOST,2020-07-16,6.8,NFU,3.498198577,46.191110174
04026960,RAU DE DONOZAU à LANGOGNE,2020-07-16,3.8,NFU,3.809755713,44.716351015
04123950,RAU DU PARC ou  DES MESSENDIERES à BRECE,2020-07-16,19.0,NFU,-0.789819197,48.388572004
02065500,LA PLAINE A RAON-L'ETAPE,2020-07-16,3.4,NFU,6.845228162,48.40891731
04172580,LEGUER à BELLE-ISLE-EN-TERRE,2020-07-16,2.0,NFU,-3.387490837,48.541023937
02067450,LA BLETTE A BADONVILLER,2020-07-16,8.7,NFU,6.862865314,48.508015011
02020000,LA WEISS A SIGOLSHEIM,2020-07-16,5.1,NFU,7.314865709,48.129794991
02067515,LA VEZOUZE A SAINT-MARTIN,2020-07-16,10.4,NFU,6.729989105,48.563928775
02019500,LE MUHLBACH DE TURCKHEIM A WINTZENHEIM,2020-07-16,5.5,NFU,7.310236439,48.085941282
06133000,ISERE A SEEZ 1,2020-07-16,3.5,NFU,6.825246631,45.6125308
03033286,Etang Poitreau à Brassy,2020-07-16,7.7,NFU,3.921999469,47.287538501
03006268,L'OURCE A MENESBLE 1,2020-07-16,0.92,NFU,4.901259284,47.766904952
02023750,LA LIEPVRETTE A LIEPVRE,2020-07-17,12.3,NFU,7.269758694,48.269496821
02069100,LA VEZOUZE A LUNEVILLE (B),2020-07-17,10.8,NFU,6.474504153,48.585697852
02025500,L'ILL A HUTTENHEIM,2020-07-17,3.7,NFU,7.580241699,48.355282227
06078500,THIERS A BELMONT-TRAMONET 1,2020-07-17,3.1,NFU,5.675984521,45.559545726
02022670,LE FORSTLACH A SELESTAT (ILLWALD),2020-07-17,4.4,NFU,7.453779678,48.222825114
06830055,FURE A TULLINS - HURTIERES ,2020-07-17,2.2,NFU,5.487356855,45.313833098
03138800,L'OISE A MERIEL 1,2020-07-17,4.9,NFU,2.20405712,49.084370917
06198100,HUVEAUNE A MARSEILLE 2,2020-07-17,6.1,NFU,5.409427627,43.275084049
06150755,AIGUE AGNELLE A CHATEAU-VILLE-VIEILLE ,2020-07-17,1.1,NFU,6.820065062,44.760823929
06195000,ARC (13) A AIX-EN-PROVENCE 1,2020-07-17,4.2,NFU,5.347920012,43.505728895
03197000,L'ITON A CHAISE-DIEU-DU-THEIL 1,2020-07-17,7.5,NFU,0.761750555,48.764813129
03140400,LA VIOSNE A ABLEIGES 1,2020-07-17,9.1,NFU,1.985400521,49.087490019
03003790,L'ARCE A MERREY-SUR-ARCE 1,2020-07-17,0.47,NFU,4.389225051,48.097948666
BV000012,PRISE D'EAU DE LA CAPELETTE,2020-07-17,6.5,NFU,0.624408371,44.203887904
BQ000301,RUISSEAU LE PROLANGES,2020-07-17,6.9,NFU,3.980646847,45.532457306
06179700,ORBIEU A NEVIAN ,2020-07-17,5.2,NFU,2.892552675,43.225949145
02026200,LA ZEMBS A HILSENHEIM,2020-07-17,3.9,NFU,7.584451342,48.319980598
02070300,LE RUISSEAU DE DAMELEVIERES A DAMELEVIERES,2020-07-17,22.5,NFU,6.389267335,48.553681981
03141490,L'OISE A CONFLANS-SAINTE-HONORINE 1,2020-07-17,6.1,NFU,2.072019717,48.988842829
02022465,LE HORGIESSEN A SELESTAT (AVAL),2020-07-17,1.6,NFU,7.441385986,48.247317927
06180900,AUDE A SALLES-D'AUDE ,2020-07-17,11.0,NFU,3.111043313,43.247300168
06101145,COULE A BREZINS ,2020-07-17,38.0,NFU,5.318645736,45.349490242
03149630,L'AISNE A BALHAM 1,2020-07-17,13.0,NFU,4.157039256,49.491813669
03085000,LA SEINE A CONFLANS-SAINTE-HONORINE 1,2020-07-17,1.4,NFU,2.082900235,48.988638724
03006590,L'OURCE A AUTRICOURT 1,2020-07-17,0.7,NFU,4.614805484,47.998739168
03149570,LE RUISSEAU DE SAINT-FERGEUX A SAINT-FERGEUX 1,2020-07-17,3.6,NFU,4.203537866,49.573430023
DD000246,RUISSEAU RIEUSSOULE,2020-07-17,0.46,NFU,2.376588232,43.458572574
02026250,LA ZEMBS A HERBSHEIM,2020-07-17,2.7,NFU,7.630930701,48.347244109
06003805,ROMAINE A VELLEXON-QUEUTREY-ET-VAUDEY 2,2020-07-17,8.7,NFU,5.809374908,47.563746532
02070500,LE SANON A LAGARDE,2020-07-17,31.4,NFU,6.717505246,48.688525422
02072400,LA MEURTHE A ART-SUR-MEURTHE,2020-07-17,6.3,NFU,6.257517141,48.658898776
02068800,LA MORTAGNE A SAINT-MAURICE-SUR-MORTAGNE,2020-07-17,9.3,NFU,6.584580376,48.397292028
02070850,LE RUISSEAU DE L'ETANG DE SERRE A MAIXE,2020-07-17,39.3,NFU,6.438419878,48.660116416
03084470,LA SEINE A MAISONS-LAFFITTE 1,2020-07-17,9.4,NFU,2.157759113,48.944448349
03267530,LA VANLÉE A HUDIMESNIL 1,2020-07-17,22.0,NFU,-1.500566659,48.879032672
03004280,LA SARCE A JULLY-SUR-SARCE 3,2020-07-17,0.78,NFU,4.309863256,48.10773108
03198000,L'ITON A CONDE-SUR-ITON 1,2020-07-17,8.2,NFU,0.983489769,48.841392438
02021000,LA FECHT A GUEMAR,2020-07-17,4.3,NFU,7.40087686,48.187013463
02022000,L'ILL A ILLHAEUSERN,2020-07-17,3.0,NFU,7.432361042,48.18478922
02022800,LA BLIND A BALDENHEIM,2020-07-17,9.4,NFU,7.512984758,48.255877873
02022700,L'ILL A BALDENHEIM (RATHSAMHAUSEN LE HAUT),2020-07-17,4.8,NFU,7.499385432,48.261930166
02070775,LE RUISSEAU DU SOUCHE A EINVILLE-AU-JARD,2020-07-17,16.0,NFU,6.494607952,48.648586264
02068500,LA MEURTHE A REHAINVILLER,2020-07-17,9.9,NFU,6.472033954,48.56891438
06101150,RIVAL A BREZINS ,2020-07-17,6.6,NFU,5.292257922,45.348096871
06195820,TOULOUBRE A AIX-EN-PROVENCE 3,2020-07-17,24.0,NFU,5.367290648,43.583295348
03167000,LE SAUSSERON A NESLES-LA-VALLEE 1,2020-07-17,14.0,NFU,2.171535869,49.126061049
03125000,LA SEINE A POISSY 1,2020-07-17,4.6,NFU,2.038835044,48.93678189
AF000226,PRISE D'EAU RUISSEAU IROUGNE,2020-07-17,0.37,NFU,7.094497568,44.036276305
04177050,ABER ILDUT à PLOUARZEL,2020-07-17,4.0,NFU,-4.68088697,48.455490319
02070370,LE RUISSEAU DE LA VOIVRE A ROSIERES-AUX-SALINES,2020-07-17,20.2,NFU,6.371778647,48.584134404
02023000,LE GIESSEN A THANVILLE,2020-07-17,3.5,NFU,7.348715582,48.319007042
02072150,LA ROANNE A LENONCOURT,2020-07-17,10.7,NFU,6.306258975,48.652847503
02068900,LA BELVITTE A SAINT-PIERREMONT,2020-07-17,32.2,NFU,6.577091726,48.435684645
06005695,VINGEANNE A BAISSEY 2,2020-07-17,4.2,NFU,5.262778523,47.751544384
06078200,GUIERS MORT A ST-LAURENT-DU-PONT ,2020-07-17,0.33,NFU,5.754148025,45.363588485
06416550,SALON A CHALINDREY ,2020-07-17,16.0,NFU,5.459626634,47.806184752
03149353,LA VAUX A HAUTEVILLE 1,2020-07-17,8.8,NFU,4.307492368,49.583735087
03266350,LA CHAUSSEE A CERENCES 1,2020-07-17,5.5,NFU,-1.458347092,48.909895355
03007000,L'OURCE A CELLES-SUR-OURCE 1,2020-07-17,5.2,NFU,4.409249753,48.07749687
03198530,LE ROULOIR A CONCHES-EN-OUCHE 2,2020-07-17,5.1,NFU,0.954013871,48.963460354
03007383,L'HOZAIN A RUMILLY-LES-VAUDES 1,2020-07-17,8.9,NFU,4.220280147,48.125413447
03002900,LA LAIGNES A BALNOT-SUR-LAIGNES 1,2020-07-17,3.0,NFU,4.374971105,48.032352115
03200070,L'ITON A ACQUIGNY 1,2020-07-17,3.1,NFU,1.177217416,49.155591071
AM000033,LES BARJAQUETS,2020-07-17,30.0,NFU,5.225228563,43.502600222
02070000,LA MORTAGNE A MOYEN,2020-07-17,11.7,NFU,6.567708337,48.48142657
02068747,LE RUISSEAU DE LA PRAIRIE A ROVILLE-AUX-CHENES,2020-07-17,3.3,NFU,6.600954189,48.377900846
06580863,BRASSIERE DU REBASSAT A MOIRANS ,2020-07-17,21.0,NFU,5.567846169,45.303239653
02025700,LA LUTTER A BENFELD,2020-07-17,1.7,NFU,7.594798411,48.349950489
02068743,LE PADOZEL A VOMECOURT (FERME DE BOUZILLON),2020-07-17,19.4,NFU,6.627297059,48.323941003
06416910,RESAIGNE A COUBLANC ,2020-07-17,1.7,NFU,5.456223203,47.692849743
06580559,GUIERS VIF A LES-ECHELLES ,2020-07-17,0.75,NFU,5.756803953,45.435251953
06179995,CESSE A ST-MARCEL-SUR-AUDE ,2020-07-17,1.2,NFU,2.938539349,43.25466195
03265385,LA GIÈZE A PERCY 1,2020-07-17,5.9,NFU,-1.224750011,48.901383211
03149487,LA VAUX A ECLY 1,2020-07-17,7.9,NFU,4.29549336,49.537719263
03149315,LA DRAIZE A WASIGNY 1,2020-07-17,12.0,NFU,4.34105258,49.628342689
03199200,L'ITON A NORMANVILLE 1,2020-07-17,5.4,NFU,1.151869305,49.080181101
03265710,LA BERENCE A GAVRAY,2020-07-17,13.0,NFU,-1.348583042,48.90460146
03265240,LA SENENE A COURSON 1,2020-07-17,5.4,NFU,-1.116420526,48.849829689
03149289,LA DRAIZE A MONTMEILLANT 1,2020-07-17,21.0,NFU,4.348132746,49.694212061
03265480,LE RUISSEAU LA DOQUETTE A PERCY 1,2020-07-17,50.0,NFU,-1.246417351,48.92302747
DD000059,BARRAGE LACAPELLE SIVAT,2020-07-17,1.2,NFU,2.424938785,43.497185512
02024000,LA LIEPVRETTE A HURST,2020-07-17,7.8,NFU,7.344515549,48.278287861
06004000,SALON A AUTET 1,2020-07-17,1.8,NFU,5.693106857,47.54228876
02070750,LE SANON A HENAMENIL,2020-07-17,16.3,NFU,6.559461298,48.673289973
06730455,RUISSEAU DE BAUME BARAGNE A CABRIES,2020-07-17,6.5,NFU,5.333329573,43.446692636
03265240,LA SENENE A COURSON 1,2020-07-17,5.4,NFU,-1.116420526,48.849829689
06194000,RUISSEAU DE LUYNES A AIX-EN-PROVENCE ,2020-07-17,8.6,NFU,5.422741517,43.479167907
06147140,FURE A TULLINS - LE VERNEY ,2020-07-17,3.0,NFU,5.521914588,45.293392824
03266200,LA SIENNE A CERENCES 1,2020-07-17,8.7,NFU,-1.433868421,48.925596595
03265600,LA SIENNE A LA BALEINE 1,2020-07-17,7.3,NFU,-1.296099825,48.934782746
03265950,LE DOUCOEUR A MESNIL-ROGUES 1,2020-07-17,18.0,NFU,-1.392012789,48.862825982
DN000130,PRISE D'EAU DE VIGNEUX,2020-07-17,6.4,NFU,2.420031378,48.704865195
DD000368,L'ESTREPE RAYNAUDS,2020-07-17,0.16,NFU,2.466818348,43.463138572
06180750,AUSSOU A ORNAISONS 3,2020-07-17,5.1,NFU,2.838230645,43.165093637
06180000,AUDE A MOUSSAN 1,2020-07-17,11.0,NFU,2.960525402,43.245991743
02071050,LE SANON A DOMBASLE,2020-07-17,8.2,NFU,6.350966013,48.629360677
06003850,GOURGEONNE A TINCEY-ET-PONTREBEAU 1,2020-07-17,11.0,NFU,5.795127242,47.605799696
03197000,L'ITON A CHAISE-DIEU-DU-THEIL 1,2020-07-17,7.5,NFU,0.761750555,48.764813129
03002100,LA SEINE A CHARREY-SUR-SEINE 1,2020-07-17,0.85,NFU,4.507566066,47.9428806
05129000,Le Tarn à Montauban,2020-07-20,2.4,NFU,1.290171446,44.053672094
05200140,La Nive de Béherobie en amont d'Esterencuby,2020-07-20,0.64,NFU,-1.196451038,43.092476134
05015250,Le Charreau à Torsac,2020-07-20,1.6,NFU,0.215817202,45.564593515
05064750,Le Mamou dans sa partie aval,2020-07-20,4.94,NFU,2.453043094,44.904484976
05069225,Le Gabacut au niveau de Saint-Genès-Champespe,2020-07-20,4.9,NFU,2.743962864,45.393018887
05144300,Le Ruisseau de Coudols à Ayssenes,2020-07-20,1.2,NFU,2.782549718,44.074636711
05172600,L'Arget en amont de Serres-sur-Arget,2020-07-20,0.85,NFU,1.505709803,42.96314231
05218700,Le Gave de Pau en amont de Gavarnie,2020-07-20,1.55,NFU,-0.007806789,42.729686655
05033380,La Belle au niveau de Ste Croix de Mareuil,2020-07-20,11.0,NFU,0.433368473,45.471659905
05235850,L'Oussouet en amont de Trébons,2020-07-20,0.58,NFU,0.093385302,43.087575594
05148020,Le Trèvezel à Trèves,2020-07-20,0.21,NFU,3.3850858,44.077775768
05111350,La Baïsole à Sadournin,2020-07-20,11.0,NFU,0.441782546,43.322488123
05192060,Le Ruisseau des Forges en aval d'Ychoux,2020-07-20,4.7,NFU,-0.995761628,44.328674709
05234025,Le Ruisseau de Larcis au niveau de Ségalas,2020-07-20,3.1,NFU,0.126130392,43.413490196
05075900,L'Euille à Laroque,2020-07-20,4.3,NFU,-0.309577777,44.655200718
05218450,Le Gave de Cauterets en amont de Cauterets,2020-07-20,0.5,NFU,-0.143208259,42.852320954
05033850,Le Trincou au niveau de Condat sur Trincou,2020-07-20,3.8,NFU,0.704570384,45.376371956
05069000,La Dordogne à Bort les Orgues,2020-07-20,1.98,NFU,2.494678459,45.393612868
05076000,La Garonne à Cadillac,2020-07-20,95.0,NFU,-0.325392596,44.635263121
05218500,Le Gave de Pau en aval de Luz-Saint-Sauveur,2020-07-20,1.18,NFU,-0.034999867,42.906372372
O1025023,Etang de Naguilhes,2020-07-20,0.7,NFU,1.915827577,42.654634886
05068700,La Diège en amont de la confluence avec la Dordogne,2020-07-20,4.7,NFU,2.395709619,45.436796312
05085050,La Mascarde à Sauvetat-sur-Lede,2020-07-20,57.4,NFU,0.702257211,44.482981771
05074580,La Jacotte au niveau de Floirac,2020-07-20,6.4,NFU,-0.518963703,44.819600189
05148180,La Dourbie à Dourbies,2020-07-20,0.25,NFU,3.444525216,44.061529951
05013150,Le Tourtrat au niveau de Reparsac,2020-07-20,4.7,NFU,-0.241974252,45.721478645
05060500,La Germaine à Grolejac,2020-07-20,0.8,NFU,1.285269308,44.822984903
05157850,L'Hers Mort à Salle sur l'Hers,2020-07-20,4.2,NFU,1.792623484,43.295172598
05042085,Le Ruisseau d'Arnac à Arnac Pompadour,2020-07-20,11.0,NFU,1.3490465,45.417174908
05034700,La Côle au niveau de St Jean de Côle,2020-07-20,3.6,NFU,0.846824306,45.427298956
05142500,Le Tarn à Ambialet,2020-07-20,0.92,NFU,2.377311287,43.945189158
05060950,La Borrèze à Souillac,2020-07-20,2.1,NFU,1.457585287,44.897014937
05011730,Le Né au Moulin de Lussaud,2020-07-20,6.6,NFU,0.055176234,45.480210568
05093750,Le Riou Mort à Decazeville (Entre la Buscalie et Tramons),2020-07-20,1.1,NFU,2.283838934,44.553564026
05085524,La Leyze à Savignac-sur-Leyze,2020-07-20,8.5,NFU,0.804306926,44.491274873
05167003,La Vixiège en aval de Ribouisse,2020-07-20,5.9,NFU,1.881031563,43.184211896
05042095,L'Auvézère en amont de Lubersac (Les Quatre Moulins),2020-07-20,9.4,NFU,1.393525668,45.460511731
05033685,Le Belaygue au niveau de St Julien de Bourdeilles,2020-07-20,6.3,NFU,0.570549667,45.368500168
05075700,L'Artolie au niveau de Paillet,2020-07-20,1.8,NFU,-0.360065332,44.68827983
05218000,Le Gave de Pau à Préchac,2020-07-20,0.63,NFU,-0.079292776,42.995650178
05145600,Le Tarn à St-Rome du Tarn,2020-07-20,0.75,NFU,2.902239594,44.05806847
05069230,La Tarentaine au niveau de Champs sur Tarentaine,2020-07-20,0.53,NFU,2.558607667,45.411171877
05111600,L'Auvignon au niveau de Calignac,2020-07-20,20.0,NFU,0.438320947,44.149973017
05075650,La Barboue à Landiras,2020-07-20,4.1,NFU,-0.455316584,44.605234972
05130000,Le Tarn à Villemur,2020-07-20,1.9,NFU,1.499660287,43.867985532
05167000,La Vixiège à Belpech,2020-07-20,9.1,NFU,1.750511707,43.198522384
05058105,La Vallée à Siorac-en-Périgord,2020-07-20,7.6,NFU,1.002743327,44.812673897
05022020,Le Ruisseau de Varaignes à Varaignes,2020-07-20,1.2,NFU,0.540654287,45.600730633
05035000,La Dronne à St-Front La Rivière,2020-07-20,1.5,NFU,0.722421231,45.47141379
02076580,LE RUISSEAU DE GRAND RUPT A MAIDIERES,2020-07-20,5.4,NFU,6.036432871,48.90070345
04131100,RAU DE L'UZURE À NIAFLES,2020-07-20,7.0,NFU,-1.00101976,47.842522966
04453020,L' AUMANCE A COSNE D ALLIER,2020-07-20,4.8,NFU,2.841557313,46.487085791
05234970,L'Adour au barrage d'Ugnouas,2020-07-20,1.1,NFU,0.092811776,43.344093144
05068905,Le Ruisseau de Gabacut au niveau de Trémouille,2020-07-20,0.77,NFU,2.68324359,45.357205606
05172220,Le ruisseau de Roques à Serres-sur-Arget,2020-07-20,3.3,NFU,1.520222187,42.960284844
05087400,La Lémance en amont de Monsempron-Libos,2020-07-20,2.2,NFU,0.944284425,44.508471188
04172180,BIZIEN A POULDOURAN,2020-07-20,9.3,NFU,-3.198909973,48.763810667
04453022,LE RU DES CARRIERES A HAUT-BOCAGE,2020-07-20,2.1,NFU,2.713533329,46.465027542
02072700,LA MEURTHE A TOMBLAINE,2020-07-20,4.0,NFU,6.206745262,48.688956868
02098235,LE GRENTZBACH A SAINT-LOUIS-LES-BITCHE,2020-07-20,14.0,NFU,7.33511746,48.986725332
03171085,LE RU DE GALLY A CRESPIERES 1,2020-07-20,3.7,NFU,1.889514978,48.87046182
U4525003,ANSE,2020-07-20,1.2,NFU,4.726995209,45.954951883
06202860,EAU SALEE A CHATEAUVERT ,2020-07-20,1.1,NFU,6.017019307,43.511135024
03168337,LE RU D'ÉLANCOURT A JOUARS-PONTCHARTRAIN 2,2020-07-20,2.8,NFU,1.899633108,48.796852203
03205000,LA RANÇON A SAINT-WANDRILLE-RANCON 2,2020-07-20,2.3,NFU,0.75106503,49.523824609
06183000,LERGUE A BRIGNAC ,2020-07-20,2.1,NFU,3.477313236,43.628187438
06439460,OGNON A CHENEVREY-ET-MOROGNE 1,2020-07-20,3.7,NFU,5.743328362,47.264625692
03033249,LE RUISSEAU D'ARGOULAIS A OUROUX-EN-MORVAN 1,2020-07-20,22.0,NFU,3.986587014,47.210101449
03004349,LA SEINE A CLEREY 1,2020-07-20,1.5,NFU,4.186679313,48.20402193
03008505,LA BARSE A MONTREUIL-SUR-BARSE 1,2020-07-20,9.7,NFU,4.29717781,48.227130457
03149859,LE RUISSEAU DES PANS A JUNIVILLE 1,2020-07-20,1.8,NFU,4.372969455,49.399970071
03174000,LA SEINE A POSES 2,2020-07-20,1.2,NFU,1.23665644,49.310144107
BX000796,FOSSE DE SORGES,2020-07-20,34.0,NFU,-0.508279999,47.430158894
BQ001346,RUISSEAU L'ANZON,2020-07-20,0.82,NFU,3.753092217,45.81318627
05149520,La Jonte en aval de Gatuzières,2020-07-20,0.24,NFU,3.475077863,44.197402451
05085950,La Lède à Lacapelle-Biron,2020-07-20,11.9,NFU,0.898060807,44.598466127
05011750,L'Arce au niveau de Bessac,2020-07-20,19.0,NFU,-0.008815761,45.443278989
05033650,L'Euche au niveau de Creyssac,2020-07-20,1.7,NFU,0.534911766,45.311506226
05033350,La Lizonne au niveau de Ste Croix de Mareuil,2020-07-20,5.5,NFU,0.44414383,45.491276041
05112150,La Masse d'Agen au confluent avec la Garonne,2020-07-20,6.0,NFU,0.611271798,44.207276788
05175100,La Louge à l'aval du Fousseret,2020-07-20,13.0,NFU,1.133384155,43.303074173
05230600,Le Gabas au niveau de Ger,2020-07-20,6.6,NFU,-0.092482269,43.251718267
05151100,Le Tarnon en amont de Rousses,2020-07-20,0.12,NFU,3.610921936,44.159646037
05042073,La Roubardie à Meuzac,2020-07-20,2.6,NFU,1.435620218,45.548649202
05221600,Le Luy de France à Barinque,2020-07-20,3.9,NFU,-0.284032824,43.404165132
05055555,La Dadalouze au niveau de St Yrieix de Jalat,2020-07-20,0.5,NFU,1.975275631,45.476248239
05083588,Le Tolzac de Monclar au niveau de Grateloup,2020-07-20,52.0,NFU,0.416119902,44.441340623
05199250,Le Bastan à Bidarray,2020-07-20,1.06,NFU,-1.34869925,43.269213862
05145687,Le Cernon à St-Georges-de-Luzençon,2020-07-20,2.4,NFU,2.985591866,44.07998179
05013100,La Soloire à la prairie de Varaize,2020-07-20,2.7,NFU,-0.270708766,45.709562669
05145280,Le Nuéjouls à Fayet,2020-07-20,0.47,NFU,2.986271356,43.79928485
05093550,Le Riou Mort en aval de Viviez,2020-07-20,1.6,NFU,2.211491123,44.565405003
05150000,Le Tarn à Montbrun,2020-07-20,0.48,NFU,3.496319567,44.333138955
05022080,Le Bandiat aux Jommelières,2020-07-20,3.4,NFU,0.569617344,45.554873781
05145440,L'Annou à St Jean et St Paul,2020-07-20,0.35,NFU,3.074217247,43.929928672
05234023,Le Louet au niveau de Bentayou Seree,2020-07-20,3.8,NFU,-0.052885374,43.396435926
05230500,Le Gabas à Arrien,2020-07-20,2.0,NFU,-0.170758066,43.309226292
05162620,Le Ruisseau de la Saverette au niveau de Savères,2020-07-20,160.0,NFU,1.116857563,43.368476345
05169050,Le Grand Hers au niveau de l'Aiguillon,2020-07-20,0.66,NFU,1.905213532,42.916867643
05068907,Le Taurons au niveau de Trémouille,2020-07-20,8.0,NFU,2.678515653,45.390779198
05157650,Le Marès à Villefranche de Lauragais,2020-07-20,17.0,NFU,1.711000782,43.399767063
05115600,Le Gers en aval d'Aries-Espénan,2020-07-20,7.6,NFU,0.542102913,43.283505043
05172350,Le Ruisseau de Roques à Brassac,2020-07-20,1.5,NFU,1.500323854,42.9189937
05144000,Le Tarn à Brousse le Chateau,2020-07-20,1.3,NFU,2.621988744,43.9976086
05176050,Le Ruisseau de Lazaou au niveau de Goutevernisse,2020-07-20,8.3,NFU,1.196394342,43.221454539
05068145,La Doire au niveau de St Cirgues de Malbert,2020-07-20,2.89,NFU,2.370348525,45.072962149
05236400,L'Adour de Gripp en amont de Sainte-Marie-de-Campan,2020-07-20,0.98,NFU,0.228689424,42.982521202
05155655,La Save au niveau de Montgaillard sur Save,2020-07-20,4.4,NFU,0.711917004,43.258616735
05068120,L'Etze au niveau de St Illide,2020-07-20,4.03,NFU,2.271050648,45.05065652
05058922,Le Ruisseau de l'Ourajoux au niveau de Salviac,2020-07-20,0.88,NFU,1.292394823,44.705937369
05085350,Le Cluzelou au niveau de Monflanquin,2020-07-20,17.8,NFU,0.733756585,44.52596131
05109900,La Sole à Larroque,2020-07-20,4.0,NFU,0.475270048,43.31589498
05145200,Le Dourdou à Vabres l'Abbaye,2020-07-20,2.9,NFU,2.840236148,43.951256158
05111370,Le ruisseau le Leoup à Libaros,2020-07-20,2.2,NFU,0.411492759,43.266774361
05231555,Le Bahus au niveau de Lauret,2020-07-20,5.8,NFU,-0.301258159,43.570950101
05192063,Le Ruisseau du Basque en aval d'Ychoux,2020-07-20,2.3,NFU,-0.977821096,44.330136621
05217350,Le Bergons en amont de Sère en Lavedan,2020-07-20,0.5,NFU,-0.159842052,43.015274695
05093700,Le Riou Viou à Aubin,2020-07-20,0.6,NFU,2.23582168,44.515160724
05168100,Le Touyre à Montferrier,2020-07-20,0.37,NFU,1.793543669,42.894446288
05151200,Le Tarn en amont du Tarnon,2020-07-20,0.33,NFU,3.587573692,44.337010244
05031380,Le Ruisseau du Moulin d'Aignes au niveau de St Cybard,2020-07-20,17.0,NFU,0.146669481,45.429863255
05033700,La Dronne à Valeuil,2020-07-20,1.0,NFU,0.616879957,45.334452331
05055550,La Corrèze à St-Yrieix-le-Déjalat,2020-07-20,0.5,NFU,1.946897981,45.4687812
05074920,Le Gat-Mort à Villagrains,2020-07-20,3.0,NFU,-0.606427574,44.55976089
05042070,La Boucheuse à Glandon,2020-07-20,11.0,NFU,1.26585039,45.458790965
05011720,La Maury au Pont des Ecures,2020-07-20,1.1,NFU,-0.067826331,45.487277613
05068505,L'Auze au niveau de Mauriac,2020-07-20,5.27,NFU,2.300684147,45.197167807
05075000,La Garonne au Tourne,2020-07-20,376.0,NFU,-0.399540781,44.704195035
05155300,La Gesse au niveau de Boissède,2020-07-20,15.0,NFU,0.81655269,43.4144017
05165150,La lèze au niveau de Beaumont sur Lèze,2020-07-20,9.7,NFU,1.350520249,43.380478349
05217310,Le Ruisseau du Bergons au niveau d'Ost,2020-07-20,0.52,NFU,-0.092733647,43.025325847
05068140,La Bertrande au niveau de St Martin Cantales,2020-07-20,2.04,NFU,2.310380402,45.072066913
05192100,L'Escource en aval de Saint Paul en Born,2020-07-20,3.0,NFU,-1.180278381,44.230410585
05231430,Le Ruisseau de Gioulé à Cazeres sur l'Adour,2020-07-20,32.0,NFU,-0.316095177,43.762325191
05155800,La Save à Labastide-Savès,2020-07-20,16.0,NFU,0.980296242,43.521166408
05075250,Le Grand Estey au niveau de Haux,2020-07-20,2.6,NFU,-0.382438721,44.719857911
05086250,Le Boudouyssou au niveau de Penne d'Agenais,2020-07-20,6.2,NFU,0.799082308,44.392201104
05035400,Ruisseau affluent de la Dronne,2020-07-20,20.0,NFU,0.967142208,45.627263727
05111390,La Baïse à Montaut,2020-07-20,9.4,NFU,0.407621749,43.413754414
05033510,Le Boulon au niveau d'Allemans,2020-07-20,15.0,NFU,0.320273173,45.267829398
05057180,La Vézère à Chavanac,2020-07-20,1.8,NFU,2.089978229,45.623933583
06070465,NANT D'AILLON A LE-CHATELARD 1,2020-07-20,0.91,NFU,6.118575174,45.690058578
06580399,CHERAN A ARITH 1,2020-07-20,1.8,NFU,6.096921358,45.733696466
06440850,GRAVELLON A THERVAY 1,2020-07-20,8.6,NFU,5.618601203,47.252484917
05033220,Le Voultron à Blanzaguet-Saint-Cybard,2020-07-20,9.8,NFU,0.324878978,45.465881831
05151000,Le Tarnon à Florac,2020-07-20,0.33,NFU,3.59077447,44.331231992
04172578,RAU DE LIZILDRY à PLOUGRESCANT,2020-07-20,4.1,NFU,-3.219731548,48.832664187
04454025,LE CHER A MEAULNE,2020-07-20,1.8,NFU,2.59477547,46.606561954
04131400,OUDON à CHATELAIS,2020-07-20,7.1,NFU,-0.925375079,47.773706786
04172500,GUINDY à TONQUEDEC,2020-07-20,4.0,NFU,-3.389657987,48.689669174
04131300,CHERAN à LA BOISSIERE,2020-07-20,5.5,NFU,-0.986109317,47.783842894
03174000,LA SEINE A POSES 2,2020-07-20,1.2,NFU,1.23665644,49.310144107
V3005123,DRAPEAU,2020-07-20,1.2,NFU,4.976117877,45.801942569
04111500,BRIANTE à ALENCON,2020-07-20,3.7,NFU,0.08296688,48.428558983
02001025,LE RIEDGRABEN A LANDSER,2020-07-20,25.8,NFU,7.386961818,47.681603442
02074000,LA MEURTHE A BOUXIERES,2020-07-20,8.9,NFU,6.166370584,48.746268814
03168230,LA MAULDRE A LE TREMBLAY-SUR-MAULDRE 1,2020-07-20,3.1,NFU,1.887146274,48.792491132
02052500,LA MOSELLE A ARCHETTES,2020-07-20,2.9,NFU,6.51566334,48.128002065
02098525,L'EICHEL A LORENTZEN,2020-07-20,2.9,NFU,7.173945045,48.955210921
02098300,LE GRENTZBACH A WALDHAMBACH,2020-07-20,4.8,NFU,7.225408738,48.934801513
06178014,LIROU A BEZIERS 2,2020-07-20,4.6,NFU,3.165684004,43.347630775
03168690,LE RUISSEAU DU LIEUTEL A NEAUPHLE-LE-VIEUX 1,2020-07-20,13.0,NFU,1.860979176,48.813156981
I7005803,Barrage du Gast,2020-07-20,6.9,NFU,-1.053010422,48.797698572
03149900,LA RETOURNE A SAULT-SAINT-REMY 1,2020-07-20,7.7,NFU,4.162760841,49.423237294
03033030,LE RUISSEAU DE LYONNET A MOUX-EN-MORVAN 1,2020-07-20,6.4,NFU,4.093727158,47.177995885
BF000002,PECH DAVID,2020-07-20,3.3,NFU,1.419491118,43.60934733
DH000192,ST LAURENT-PRISE D'EAU,2020-07-20,2.6,NFU,-0.907178156,46.952424157
05061940,La Bave en amont de Labathude,2020-07-20,7.65,NFU,1.985961634,44.7647026
05151120,La Mimente à St-Julien-d'Arpaon,2020-07-20,0.22,NFU,3.663475014,44.301201871
05073000,La Garonne en aval de Bordeaux,2020-07-20,410.0,NFU,-0.544535746,44.948115129
05073100,Le Gua à Ambares et Lagrave,2020-07-20,2.6,NFU,-0.524607104,44.937573438
05143000,Le Rance à Plaisance,2020-07-20,1.2,NFU,2.544500156,43.926214483
05074710,Le Ruisseau de la Peguillère au niveau de Cadaujac,2020-07-20,3.1,NFU,-0.532734674,44.743820671
05086260,La Tancanne en aval d'Auradou,2020-07-20,3.9,NFU,0.79330748,44.343817942
05167002,Le Ruisseau du Py au niveau de Pecharic,2020-07-20,6.0,NFU,1.827068444,43.18219944
05068910,La Grande Rhue en aval de Coindre,2020-07-20,3.34,NFU,2.65939364,45.355874977
05167450,L'Hers Vif à Besset,2020-07-20,6.4,NFU,1.839974831,43.084288748
05167800,L'Ambrone à Caudeval,2020-07-20,0.48,NFU,1.960260056,43.080389822
05166900,L'Estaut au niveau de Belpech,2020-07-20,8.4,NFU,1.727433724,43.210127646
05235080,L'Alaric en aval de Ordizan,2020-07-20,0.88,NFU,0.128684038,43.111923
05157670,Le Marès au niveau d'Avignonet Lauragais,2020-07-20,21.0,NFU,1.774101034,43.379086096
05012000,L'Antenne à Javrezac,2020-07-20,1.6,NFU,-0.356851642,45.700268658
05235000,L'Adour à Bazet,2020-07-20,1.6,NFU,0.081139799,43.290127237
05169000,Le Grand Hers à Ste-Colombe,2020-07-20,1.3,NFU,1.967869997,42.954362152
05157550,La Rivel à Baziège,2020-07-20,19.0,NFU,1.594926497,43.462748566
05042072,Le Ruisseau de Marcognac au niveau de Coussac Bonneval,2020-07-20,6.9,NFU,1.296241158,45.497355135
05165250,La Lèze en aval de Lézat-sur-Lèze,2020-07-20,10.0,NFU,1.352138729,43.282966408
05062930,La Bave à Ladirat,2020-07-20,5.14,NFU,1.981592303,44.818956135
05080740,Le Dropt au niveau de Villeréal,2020-07-20,15.0,NFU,0.715559467,44.632850177
05234250,Le Mardaing au niveau d'Ibos,2020-07-20,3.5,NFU,0.00115494,43.233655451
05145900,Le Tarn au niveau de Peyre,2020-07-20,0.63,NFU,2.997877152,44.088893048
05234029,L'Arrêt Darré à Vielle Adour,2020-07-20,0.79,NFU,0.154980325,43.146731709
05011500,Le Né à La Magdeleine,2020-07-20,5.3,NFU,-0.190523555,45.521796246
05057140,Le Ruisseau des Maisons à Meymac,2020-07-20,1.6,NFU,2.063903433,45.582655029
05143200,La Rance en amont de Belmont sur Rance,2020-07-20,0.41,NFU,2.78662512,43.806725945
05184710,La Berle au niveau de St Julien Beychevelle,2020-07-20,16.0,NFU,-0.751189462,45.136934284
05074750,Le Saucats à Saint Médard d'Eyrans,2020-07-20,1.5,NFU,-0.491713272,44.708173625
05084000,Le Lot à Clairac,2020-07-20,4.6,NFU,0.381491045,44.358111686
05068912,La Petite Rhue au niveau de St Amandin,2020-07-20,2.34,NFU,2.663542768,45.351925516
05031300,La Tude en aval de Montmoreau,2020-07-20,8.1,NFU,0.126025495,45.388338012
05145100,La Sorgue à l'aval de St-Affrique,2020-07-20,0.63,NFU,2.838468981,43.955033427
05014190,La Boème à Nersac,2020-07-20,2.9,NFU,0.052678464,45.622338569
05042080,L'Auvézère à Ségur-le-Chateau,2020-07-20,9.8,NFU,1.30788423,45.428810173
05056000,La Vézère à St-Viance,2020-07-20,3.1,NFU,1.451513854,45.218070386
05234980,L'Adour à Aurensan,2020-07-20,2.3,NFU,0.090838628,43.304521567
05172800,Le ruisseau de Lauzate en amont de St-Paul-de-Jarrat,2020-07-20,3.3,NFU,1.666355261,42.894920658
05191100,Le Canal des Landes à Gujan Mestras,2020-07-20,1.5,NFU,-1.116944765,44.63663838
04131200,HIERE à CHERANCE,2020-07-20,7.8,NFU,-0.932074644,47.793528301
05199450,Le Lakako Erreka à Ossès,2020-07-20,1.85,NFU,-1.296877153,43.238046989
05167950,Le Touyre en amont de l'Hers,2020-07-20,1.5,NFU,1.932144706,43.040627859
05151050,Le Baumale en amont de Vebron,2020-07-20,0.15,NFU,3.592968577,44.226892837
05218620,Le Gave de Héas au niveau de Gedre,2020-07-20,0.5,NFU,0.021127059,42.786732601
05055600,La Corrèze de Pradines à Gourdon Murat,2020-07-20,0.6,NFU,1.90038464,45.538758422
05155820,L'Aussoue à Samatan,2020-07-20,71.0,NFU,0.966438059,43.496877399
05068630,Le Mars à Bassignac,2020-07-20,1.14,NFU,2.387935322,45.297180414
05218630,Le Ruisseau des Oulettes au niveau de Gavarnie,2020-07-20,0.86,NFU,-0.019645463,42.741680492
05200050,La Nive d'Arnéguy à Uhart Cize,2020-07-20,0.63,NFU,-1.248127578,43.169714795
05064120,La Jordanne au Pont du Bousquet à Arpajon sur Cère,2020-07-20,4.01,NFU,2.445113822,44.895351918
05192020,La Petite Leyre au niveau de Luxey,2020-07-20,1.6,NFU,-0.501028208,44.255080648
05058100,La Nauze en amont de Siorac-en-Périgord,2020-07-20,3.5,NFU,0.998307376,44.814665332
05162500,Le Touch en aval de Fonsorbes,2020-07-20,51.0,NFU,1.260271198,43.524037222
05148200,La Dourbie en amont de Dourbies,2020-07-20,0.25,NFU,3.491413062,44.07537024
04440019,LISERON A PRECY,2020-07-20,38.0,NFU,2.942682086,47.091622183
04060700,AUMANCE à COSNE-D'ALLIER,2020-07-20,1.4,NFU,2.844552108,46.478742693
02076848,LE RUISSEAU DE TREY A VANDIERES (AMONT),2020-07-20,6.4,NFU,6.018518128,48.949788283
02001030,LE WEIHERBACHGRABEN A DIETWILLER,2020-07-20,9.7,NFU,7.404056217,47.695257579
02067150,LA MEURTHE A SAINT-CLEMENT,2020-07-20,6.0,NFU,6.598309565,48.523718968
02070250,LA MEURTHE A DAMELEVIERES,2020-07-20,6.1,NFU,6.389125509,48.561762429
02098030,L'EICHEL A HINSBOURG,2020-07-20,7.3,NFU,7.289908146,48.894160272
02074900,LA MAUCHERE A FAULX,2020-07-20,18.2,NFU,6.181954203,48.789339231
06105568,DOUX A LABATIE-D'ANDAURE 1,2020-07-20,0.7,NFU,4.493850278,45.02924554
02000008,LA BIRSIG A LEYMEN (FERME WEISSKIRCH),2020-07-20,11.1,NFU,7.506563744,47.504585361
06437950,TOUNOLLE A BOULOT 1,2020-07-20,9.2,NFU,5.959642793,47.345293842
06187100,ORB A CESSENON-SUR-ORB 2,2020-07-20,0.89,NFU,3.086941075,43.437820674
03168230,LA MAULDRE A LE TREMBLAY-SUR-MAULDRE 1,2020-07-20,3.1,NFU,1.887146274,48.792491132
06159385,ASSE A BEYNES 1,2020-07-20,0.76,NFU,6.259866446,44.00985948
06010000,OGNON A PESMES 1,2020-07-20,2.4,NFU,5.550034885,47.287898466
06580822,SIERROZ A MONTCEL 2,2020-07-20,0.56,NFU,6.005255361,45.715163456
03202250,LE CAILLY A LE HOULME 1,2020-07-20,4.1,NFU,1.036954004,49.50839983
03178000,L'EPTE A FOURGES 1,2020-07-20,2.8,NFU,1.64512256,49.119980322
03193000,L'EURE A LERY 1,2020-07-20,5.8,NFU,1.209558025,49.287347104
03168995,LA MAULDRE A BEYNES 3,2020-07-20,3.9,NFU,1.875845721,48.856991973
03005284,LE TIRVA A PAYNS 1,2020-07-20,0.56,NFU,3.983960325,48.377989825
03207020,LA RIVIERE DU COMMERCE A LILLEBONNE 3,2020-07-20,4.4,NFU,0.535889212,49.506210238
03149906,LE RUISSEAU DE LA WASSIGNEAU A ROIZY 1,2020-07-20,2.2,NFU,4.171607293,49.424428446
03005200,LA SEINE A SAINT-LYE 1,2020-07-20,3.2,NFU,4.007667398,48.361289134
BX000796,FOSSE DE SORGES,2020-07-20,10.0,NFU,-0.508279999,47.430158894
AM000307,SECOURS SCP,2020-07-20,40.0,NFU,5.349665722,43.673318043
05144250,L'Alrance à Alrance,2020-07-20,5.5,NFU,2.677680097,44.127841218
05111400,La Baïse à Fontrailles,2020-07-20,12.0,NFU,0.392165155,43.347765056
05191200,La Leyre à Mios,2020-07-20,10.0,NFU,-0.944635533,44.604524756
05022070,La Doue au Bourdeix,2020-07-20,7.9,NFU,0.609862029,45.57231338
05145700,Le Cernon à Saint-Rome de Cernon,2020-07-20,2.2,NFU,2.964668153,44.036866054
05147000,Le Tarn à l'amont de Millau,2020-07-20,0.91,NFU,3.086332525,44.102089631
05145215,Le Grauzou au niveau de Montlaur,2020-07-20,1.2,NFU,2.83987361,43.89401868
05094000,Le Riou Mort à Viviez,2020-07-20,3.2,NFU,2.221309298,44.559352734
05175000,La Louge à St-Hilaire,2020-07-20,16.0,NFU,1.283828555,43.41939468
05007600,La Seugne au Château Renaud,2020-07-20,3.2,NFU,-0.536477788,45.594717207
05068680,La Sumène à Antignac,2020-07-20,2.12,NFU,2.544741748,45.340249818
05144520,Le Tarn au niveau de Broquies,2020-07-20,0.66,NFU,2.706363852,44.000927631
05031350,La Velonde au niveau de St Amant,2020-07-20,6.8,NFU,0.149522079,45.407680054
05217150,Le Gave de Pau en amont de Lourdes,2020-07-20,1.23,NFU,-0.04938631,43.086237332
05076050,Le Ciron dans sa partie aval,2020-07-20,2.6,NFU,-0.306355231,44.597719918
05063350,Le Ruisseau d'Escalmels (CC. Peyratel ),2020-07-20,1.55,NFU,2.045555017,44.942520664
05129900,Ruisseau de Magnanac à Villemur-sur-Tarn,2020-07-20,4.5,NFU,1.493434415,43.875730514
05061240,La Doue en amont de Martel,2020-07-20,1.4,NFU,1.597236461,44.962531498
05052550,La Couze au niveau de Larche,2020-07-20,4.0,NFU,1.412224513,45.115661588
05014100,La Claix à Badorit,2020-07-20,1.9,NFU,0.045084215,45.594024718
05148150,La Dourbie à Nant,2020-07-20,0.89,NFU,3.300364958,44.059320187
05162800,Le Canal de St-Martory en amont du L'Herm,2020-07-20,2.4,NFU,1.195596911,43.405632365
05085900,La Lède à Gavaudun,2020-07-20,7.7,NFU,0.887495332,44.561521464
05013650,La Guirlande à Bassac,2020-07-20,1.4,NFU,-0.110404775,45.664357522
05130100,Le Souet à Bondigoux,2020-07-20,4.7,NFU,1.552072489,43.850422136
05073800,La Jalle de Blanquefort à Bordeaux,2020-07-20,3.1,NFU,-0.561062929,44.913608714
05065000,La Jordanne à Rouffiac,2020-07-20,1.27,NFU,2.523809231,44.976570736
05167550,Le Countirou à Mirepoix,2020-07-20,2.1,NFU,1.877736597,43.084239025
05118795,L'Arrats au niveau de la Devèze,2020-07-20,15.0,NFU,0.559433787,43.290827797
05214310,Le Ruisseau Lourrou au niveau de Lucgarier,2020-07-20,1.67,NFU,-0.177589416,43.234122758
05216210,Le Gave de Pau à Rieulhes,2020-07-20,0.91,NFU,-0.142442932,43.102644458
05055900,La Loyre au lieu-dit Chassagnac,2020-07-20,4.8,NFU,1.438027305,45.217792564
05010950,Le Né à Ars,2020-07-20,4.2,NFU,-0.379766741,45.640187068
05191900,La Leyre à Belin Beliet,2020-07-20,4.8,NFU,-0.792652266,44.470602113
05184700,La Jalle du Nord au niveau de St Laurent Médoc,2020-07-20,4.6,NFU,-0.802862286,45.147443274
05068890,La Rhue à St-Thomas,2020-07-20,1.6,NFU,2.487624992,45.380974249
05145410,Le Verzolet en amont de Versols,2020-07-20,0.38,NFU,2.960133937,43.902048257
04631007,L'EGRENNE A LONLAY L'ABBAYE,2020-07-20,7.1,NFU,-0.693563956,48.624643687
04404000,RAU AUZE A ARAULES,2020-07-20,2.6,NFU,4.177095174,45.0800502
04452017,LE CHER A MEAULNE,2020-07-20,2.2,NFU,2.60275595,46.588274849
02072670,LE RUISSEAU DE GREMILLON A ESSEY-LES-NANCY,2020-07-20,9.0,NFU,6.227729156,48.703117755
04440021,BELAINE A BANNAY,2020-07-20,27.0,NFU,2.873639653,47.386358196
04061600,OEIL à COSNE-D'ALLIER,2020-07-20,2.1,NFU,2.822352002,46.491312384
02000003,LE RUISSEAU DE NEUWILLER A NEUWILLER,2020-07-20,5.9,NFU,7.522927364,47.530810277
02000990,LE LERTZBACH A HEGENHEIM,2020-07-20,0.9,NFU,7.529100707,47.564525438
02048980,LA MOSELLE A RAMONCHAMP,2020-07-20,0.4,NFU,6.739336201,47.892005589
02056200,LA MOSELLE A TONNOY,2020-07-20,1.9,NFU,6.246151001,48.550464672
02001000,L'AUGRABEN A BARTENHEIM,2020-07-20,10.4,NFU,7.514386956,47.638792108
06103500,CANCE A SARRAS 1,2020-07-20,4.1,NFU,4.786733558,45.205930398
06073500,LEYSSE A LE-BOURGET-DU-LAC 1,2020-07-20,2.5,NFU,5.862137998,45.649831424
03168890,LE RU MALDROIT A BEYNES 1,2020-07-20,1.4,NFU,1.877881353,48.852343125
06184980,MARE A HEREPIAN ,2020-07-20,1.0,NFU,3.122163642,43.594453494
06183500,HERAULT A ASPIRAN ,2020-07-20,6.4,NFU,3.471281946,43.568045556
03008267,LA BARSE A CHAMP-SUR-BARSE 1,2020-07-20,3.7,NFU,4.411866535,48.235948823
03240960,LA COULANDRE A SAINTE-HONORINE-LA-GUILLAUME 1,2020-07-20,3.4,NFU,-0.387601464,48.794731037
03033085,LE CAILLOT A GOULOUX 2,2020-07-20,11.0,NFU,4.075423177,47.232107729
03033120,LE VIGNON A SAINT-BRISSON 2,2020-07-20,2.7,NFU,4.049059315,47.283263244
BE000740,PRISE DE PONT D'HERAULT,2020-07-20,0.11,NFU,3.744911537,43.977706792
05115550,La Gèze à Castelnau Magnoac,2020-07-20,22.0,NFU,0.535686658,43.327279294
05221650,La Souye à Barinque,2020-07-20,2.0,NFU,-0.265901252,43.398681019
05150900,Le Tarn en amont de Pont de Monvert,2020-07-20,0.14,NFU,3.819247206,44.387380995
05111900,La garonne à Colayrac St Cirq,2020-07-20,3.6,NFU,0.53626611,44.214263598
05093300,Le Lot à Bouillac,2020-07-20,0.8,NFU,2.159848696,44.571956503
05060900,La Dordogne à St-Julien de Lampon,2020-07-20,0.76,NFU,1.356820407,44.865942327
05234200,Le Souy à Lagarde,2020-07-20,2.1,NFU,0.036659394,43.306560314
05145000,Le Dourdou à Saint-Izaire,2020-07-20,3.2,NFU,2.722016425,43.974328823
05166999,La Vixiège en amont de Belpech,2020-07-20,9.1,NFU,1.751341944,43.195383374
05033300,La Manore à Edon,2020-07-20,11.0,NFU,0.36630342,45.500377994
05142495,Ruisseau d'Aygou à Sérénac,2020-07-20,0.51,NFU,2.33203113,43.935741861
05106700,La Gélise à Sos,2020-07-20,8.2,NFU,0.143221503,44.039648022
05074840,Le Saucats à Saucats,2020-07-20,10.0,NFU,-0.626412965,44.656346108
05143990,L'Alrance à Brousse Le Chateau,2020-07-20,3.1,NFU,2.628391461,43.99655054
05184900,La Jalle de Castelnau à Moulis en Médoc,2020-07-20,3.1,NFU,-0.745113091,45.05601157
05167010,Le Grand Hers à Vals,2020-07-20,6.1,NFU,1.744972207,43.09806599
05145650,Le Muze à St Beauzely,2020-07-20,3.0,NFU,2.965484291,44.172412823
05060400,La Dordogne à Groléjac,2020-07-20,5.2,NFU,1.283164866,44.823942947
05060930,La Dordogne à Roc,2020-07-20,1.1,NFU,1.432028124,44.87171268
05191150,Le Lacanau à Biganos,2020-07-20,5.6,NFU,-0.961274995,44.629799136
05106430,L'Osse au niveau de Sadeillan,2020-07-20,4.3,NFU,0.326065982,43.390077403
05068645,Le Mars au Vaulmier,2020-07-20,1.14,NFU,2.569765818,45.185112129
05055800,La Vézère à Risquetout,2020-07-20,3.3,NFU,1.461543867,45.190740932
05231450,Le Ruisseau de Gioulé au niveau de Lussagnet,2020-07-20,75.0,NFU,-0.231790444,43.771974815
05069222,Le Tact en aval de Marchal,2020-07-20,1.8,NFU,2.610459906,45.409563108
05033200,La Lizonne à Jaufrenie,2020-07-20,3.5,NFU,0.317582406,45.435885125
05058120,La Beuze au niveau de Ste Foy de Belves,2020-07-20,6.8,NFU,1.030886954,44.743921594
05118785,L'Arrats au niveau de Cabas-Loumassès,2020-07-20,19.0,NFU,0.605546497,43.354679122
05232350,Le Lees à Baleix,2020-07-20,2.7,NFU,-0.11569957,43.377179538
05053086,Ruisseau de Planchetorte à Brive-la-Gaillarde,2020-07-20,4.0,NFU,1.482947099,45.155821093
05148080,Le Trèvezel au niveau de Lanuéjouls,2020-07-20,0.23,NFU,3.430223922,44.108119501
05112170,La Masse d'Agen en amont du Pont-du-Casse,2020-07-20,11.0,NFU,0.683609093,44.247098231
05053010,Le Maumont Blanc à Ussac,2020-07-20,13.0,NFU,1.476505247,45.164739119
05199750,La Nive au niveau d'Ispoure,2020-07-20,1.21,NFU,-1.252675306,43.190523777
05074700,Le ruisseau de Moulinan à Quinsac,2020-07-20,4.9,NFU,-0.502587808,44.760459137
05061942,Le Tolerme en amont du Moulin de Bray,2020-07-20,4.04,NFU,2.011192551,44.83777212
05129150,Le Rieu Tort à Labastide St Pierre,2020-07-20,4.8,NFU,1.362810793,43.924166592
05068150,La Maronne en aval de Salers,2020-07-20,1.98,NFU,2.384468673,45.118962706
05061230,Le Vignon à Strenquels,2020-07-20,0.96,NFU,1.631601545,44.987813553
05118760,L'Arrat à Manent-Montané,2020-07-20,11.0,NFU,0.624784727,43.344573144
05033400,Le Ruisseau de Beaussac à Beaussac,2020-07-20,16.0,NFU,0.501650458,45.492570917
05199800,La Nive en amont du Bastan à Bidarray,2020-07-20,1.12,NFU,-1.345419742,43.267904474
05192024,La Grande Leyre à Pissos,2020-07-20,4.3,NFU,-0.754859967,44.341312924
05059000,La Dordogne à Cenac,2020-07-20,1.3,NFU,1.204160284,44.805941762
05069245,Le Ruisseau de Neuffonds à Picherande,2020-07-20,1.0,NFU,2.789076737,45.46046734
05166998,Le Rifaudès au niveau de Belpech,2020-07-20,16.0,NFU,1.770368445,43.195152042
05232220,Le Gabassot au niveau de Ribarrouy,2020-07-20,8.2,NFU,-0.267737353,43.516043437
05032800,La Lizonne au Marchais,2020-07-20,6.8,NFU,0.268142976,45.299272845
05093000,Le Lot à Capdenac (Pont de Capdenac),2020-07-20,1.0,NFU,2.07274878,44.577651868
05033590,La Donzelle au niveau de Lisle,2020-07-20,3.2,NFU,0.538535476,45.282667921
05145680,Le Tarn à Comprégnac,2020-07-20,0.78,NFU,2.96155641,44.081596048
05236100,L'Adour en amont de Bagnères-de-Bigorre,2020-07-20,0.66,NFU,0.157561873,43.054009315
05129073,Le Tescounet au moulin de la Ganguise,2020-07-20,19.0,NFU,1.483818747,43.9449958
05086300,Le Lot à St-Sylvestre,2020-07-20,2.5,NFU,0.807428367,44.394618933
05015000,La Charente au Pont de La Meure,2020-07-20,1.1,NFU,0.046875433,45.634351346
05076450,L'Arec à Pujols sur Ciron,2020-07-20,1.2,NFU,-0.352495219,44.563710775
05218530,Le Bastan à Esterre,2020-07-20,2.78,NFU,0.00596428,42.875485871
05042071,La Boucheuse au niveau de Montgibaud,2020-07-20,6.7,NFU,1.405449378,45.522646524
05042074,La Valentine à Coussac Bonneval,2020-07-20,2.9,NFU,1.327372934,45.505929311
05191000,La Leyre à Lamothe,2020-07-20,9.0,NFU,-0.996250824,44.626376171
O1025023,Etang de Naguilhes,2020-07-20,1.0,NFU,1.915827577,42.654634886
05231500,L'Adour à Cazères,2020-07-20,3.6,NFU,-0.317144358,43.755988658
05217190,Le Gave de Pau à Ger,2020-07-20,0.64,NFU,-0.053180373,43.050397024
04130500,OUDON à COSSE-LE-VIVIEN,2020-07-20,9.6,NFU,-0.927848906,47.934602125
04440020,CHANTEREINE A FEUX,2020-07-20,2.6,NFU,2.893994921,47.220986641
04131000,OUDON à CRAON,2020-07-20,16.0,NFU,-0.947905907,47.826947799
02073700,L'AMEZULE A DOMMARTIN-SOUS-AMANCE,2020-07-20,6.6,NFU,6.253660643,48.736674285
02043350,LE FISCHBACH A NEUWILLER-LES-SAVERNE,2020-07-20,1.9,NFU,7.346237774,48.803426948
04614008,LA MAULNE A SAINT LAURENT DE LIN,2020-07-20,15.0,NFU,0.263864759,47.517355451
02076180,L'ESCHE A MARTINCOURT (SAINT-JEAN),2020-07-20,2.5,NFU,5.931837814,48.852599948
02076195,L'ESCHE A GEZONCOURT,2020-07-20,2.2,NFU,6.001211298,48.839107435
02075300,LA MOSELLE A MILLERY,2020-07-20,8.8,NFU,6.117079335,48.807692151
06300092,GAPEAU A BELGENTIER 1,2020-07-20,1.2,NFU,6.000062518,43.244522714
02001016,LE SAURENTZ A WALTENHEIM,2020-07-20,9.0,NFU,7.429062761,47.656205973
06580830,DEISSE A GRESY-SUR-AIX 1,2020-07-20,1.2,NFU,5.920442186,45.723377101
03033150,LE RUISSEAU DE SAINT-MARC A DUN-LES-PLACES 2,2020-07-20,8.6,NFU,3.991100481,47.296440197
DE000001,GARONNE A SAINT MICHEL (CANDE),2020-07-20,8.3,NFU,0.915990848,44.071973938
AW000193,LE GOUET - LE GRAND GUE,2020-07-20,4.2,NFU,-2.858100307,48.393693344
05167030,Le Douctouyre à Lieurac,2020-07-20,1.4,NFU,1.786920858,42.984851737
05111039,La Baïse Darré au niveau de Campistrous,2020-07-20,4.6,NFU,0.390017944,43.1588881
05157950,L'Hers Mort à Fonters-du-Razes,2020-07-20,6.9,NFU,1.921016123,43.241743026
05069220,La Tarentaine en aval de Champs-sur-Tarentaine,2020-07-20,1.34,NFU,2.539006288,45.380657149
05095110,L'Ady à Valady,2020-07-20,3.4,NFU,2.4277807,44.46221888
05232200,Le Lees de Garlin à Castetpugon,2020-07-20,4.0,NFU,-0.247606976,43.567705902
05144500,Le Dourdou en aval de Saint Izaire,2020-07-20,2.4,NFU,2.701427105,43.991284319
05043300,La Loue au Moulin des Jalladas,2020-07-20,6.1,NFU,1.177744946,45.493152347
05199700,La Nive à Ascarat,2020-07-20,1.05,NFU,-1.259588495,43.200790251
05220920,Le Luy de Béarn à Caubios Loos,2020-07-20,4.7,NFU,-0.423428859,43.413533069
05162520,La Saudrune à St Lys,2020-07-20,39.0,NFU,1.211280264,43.490752918
05011490,Le Ruisseau des Fontaines Blanches à Lachaise,2020-07-20,8.8,NFU,-0.224037259,45.51498088
05015320,Les Eaux-Claires à Puymerle,2020-07-20,1.9,NFU,0.216846249,45.588045912
05192040,La Grande Leyre à Sabres,2020-07-20,8.8,NFU,-0.790128346,44.151763008
05074800,Le Saucats à La Brède,2020-07-20,2.0,NFU,-0.522761186,44.685741402
05157625,La Tésauque au niveau de Montesquieu Lauragais,2020-07-20,15.0,NFU,1.653852654,43.408879154
05167008,Le Grand Hers en amont de la Vixiège,2020-07-20,3.5,NFU,1.735724241,43.199969465
05168000,Le Touyré à Léran,2020-07-20,1.2,NFU,1.896545668,42.989180371
05033190,Le Roncenac au niveau de Gurat,2020-07-20,18.0,NFU,0.276256416,45.440384804
05234026,L'Aule au niveau de Segalas,2020-07-20,2.7,NFU,0.137843253,43.414610677
05145300,Le Dourdou en aval de Brusque,2020-07-20,0.37,NFU,2.938027231,43.789009474
05044300,L'Isle au Chalard,2020-07-20,11.0,NFU,1.154671072,45.558167366
05129160,Le Ruisseau de Pengaline au niveau d'Orgueil,2020-07-20,3.6,NFU,1.417584243,43.904360896
05176000,L'Arize à Rieux Volvestre,2020-07-20,4.3,NFU,1.203811363,43.258288273
05234288,L'Echez à Louey,2020-07-20,2.4,NFU,0.022275347,43.175551104
05151150,La Mimente à Cassagnas,2020-07-20,0.18,NFU,3.758628632,44.267730364
05064000,La Cère à Sansac,2020-07-20,2.45,NFU,2.350414975,44.88214324
05061000,La Dordogne à Lanzac,2020-07-20,1.7,NFU,1.485329574,44.882538287
05015100,Le Charreau à St-Michel,2020-07-20,3.9,NFU,0.104712583,45.639549075
05175800,La Garonne à Marquefave,2020-07-20,3.4,NFU,1.244433271,43.317081905
05183480,Le Canal de la Neste au niveau de Lannemezan,2020-07-20,1.0,NFU,0.37955514,43.111747279
05128950,Le Ruisseau de Payrol à Barry d'Islemade,2020-07-20,63.0,NFU,1.266268737,44.075352039
05118790,L'Arrats à Casterets,2020-07-20,14.0,NFU,0.581182218,43.316606544
05053080,Le Clan à Ussac,2020-07-20,16.0,NFU,1.489868947,45.207698365
05148850,Le Mialet au niveau de Rivière sur Tarn,2020-07-20,2.8,NFU,3.158195944,44.203447133
05200135,L'Ampro à Esterencuby,2020-07-20,1.25,NFU,-1.19256229,43.104606843
05013700,L'Anqueville à Graves-St-Amant,2020-07-20,4.7,NFU,-0.111116825,45.644331617
05155230,La Save à Samatan,2020-07-20,24.0,NFU,0.936275454,43.493697567
05148680,La Barbade à Aguessac,2020-07-20,0.98,NFU,3.089123175,44.161311145
05086000,Le Lot à Casseneuil,2020-07-20,3.4,NFU,0.619754815,44.441244591
05129060,Le Tescou dans Montauban,2020-07-20,4.8,NFU,1.353944939,44.013060163
05157900,L'Hers Mort à Payra sur l'Hers,2020-07-20,6.7,NFU,1.853381626,43.264256542
05232000,Le Grand Lées en amont de l'Adour,2020-07-20,7.1,NFU,-0.238089377,43.67623451
05079900,Le Dropt à Allemans,2020-07-20,3.5,NFU,0.290987543,44.628755124
05157600,Le Visenc à Baziège,2020-07-20,11.0,NFU,1.626050795,43.449560442
05201060,La Bidouze à Uhart Mixe,2020-07-20,1.08,NFU,-1.01998199,43.278800923
05111360,La Baïsole au niveau de Campuzan,2020-07-20,4.5,NFU,0.416261367,43.265898506
05015800,L'Anguienne au Lion de St-Marc,2020-07-20,2.5,NFU,0.18629014,45.630265347
05068510,La Sionne à Drugeac,2020-07-20,2.04,NFU,2.34814032,45.176204321
05157820,Le Jammas à Salles-sur-l'Hers,2020-07-20,1.4,NFU,1.789969206,43.29370345
05068640,La Sumène en amont de Valette,2020-07-20,1.8,NFU,2.605224233,45.261059775
05013200,La Charente à St-Brice,2020-07-20,1.1,NFU,-0.284586054,45.68806928
05214320,L'Ousse à Barzun,2020-07-20,1.88,NFU,-0.127870721,43.213879682
05053000,La Corrèze à l'aval de Brive,2020-07-20,4.2,NFU,1.460925928,45.166956936
05066000,La Cère à Comblat le Pont,2020-07-20,1.83,NFU,2.615220376,44.965399623
05074000,La Jalle de Blanquefort à Corbiac,2020-07-20,4.5,NFU,-0.710385262,44.888529583
05093600,Le Riou Viou en amont de Viviez,2020-07-20,0.6,NFU,2.209941141,44.551979712
05176200,La Garonne à Carbonne,2020-07-20,2.3,NFU,1.216703022,43.290084066
05074100,Le Magudas au niveau de St Medard en Jalles,2020-07-20,5.9,NFU,-0.736363427,44.879365687
04453021,L'ŒIL A COSNE D ALLIER,2020-07-20,1.2,NFU,2.823574054,46.448618949
04172370,JAUDY à MANTALLOT,2020-07-20,3.9,NFU,-3.270216319,48.713889805
04455011,VALENTIGNY A LES AIX D'ANGILLON,2020-07-20,14.0,NFU,2.58741072,47.193103113
04631004,VARENNE A CHATELLIER,2020-07-20,16.0,NFU,-0.559904129,48.687853796
04453023,LE RU DES CARRIERES A HAUT-BOCAGE,2020-07-20,42.0,NFU,2.726513665,46.473370589
02098100,L'EICHEL A FROHMUHL,2020-07-20,2.8,NFU,7.276797014,48.908129754
02061500,LA MEURTHE A FRAIZE,2020-07-20,0.9,NFU,6.975263671,48.18441721
02041746,LE SCHWARZBACH A NIEDERBRONN-LES-BAINS,2020-07-20,4.8,NFU,7.687831879,48.960384342
06178006,ILOUVRE A BABEAU-BOULDOUX ,2020-07-20,0.43,NFU,2.91200774,43.447050373
02041735,LE ROTHENBACH A STURZELBRONN (GRAFENWEIHER),2020-07-20,5.5,NFU,7.604939636,49.022327995
06188500,ORB A VILLENEUVE-LES-BEZIERS ,2020-07-20,3.8,NFU,3.253011588,43.312170832
06106030,DOUX A SAINT-JEAN-DE-MUZOLS 1,2020-07-20,2.7,NFU,4.778269592,45.059451317
03033128,Breuil à Dun les Places,2020-07-20,6.1,NFU,4.037816662,47.293033802
U4525003,ANSE,2020-07-20,2.3,NFU,4.726995209,45.954951883
03033259,LE PARGON A OUROUX-EN-MORVAN 2,2020-07-20,2.6,NFU,3.932240536,47.21432365
03168435,LA GUYONNE A MAREIL-LE-GUYON 1,2020-07-20,5.9,NFU,1.849664438,48.790813989
03204000,L'AUSTREBERTHE A DUCLAIR 1,2020-07-20,4.0,NFU,0.873747359,49.484788747
AL000850,BARRAGE DU SELVET,2020-07-20,2.7,NFU,2.751315416,44.808910399
DE000067,GARONNE A MALAUSE( GANNEAU),2020-07-20,5.9,NFU,0.968270293,44.08547102
05157680,La Rigole du Canal du midi au niveau de Montferrand,2020-07-20,19.0,NFU,1.822782282,43.35155547
05063400,Le Ruisseau d'Escalmels (Lieu dit Lacaze),2020-07-20,3.78,NFU,2.080242045,44.920932881
05011727,Le Né au niveau de Péreuil,2020-07-20,12.0,NFU,-0.011058691,45.465296125
05052540,La Couze à Chasteaux,2020-07-20,0.6,NFU,1.470106546,45.094857106
05110000,La Petite Baïse à Puntous,2020-07-20,6.3,NFU,0.465526088,43.298656317
05068660,La Sumène au niveau de Bassignac,2020-07-20,1.83,NFU,2.407567604,45.301068042
05035300,La Dronne au niveau de Dournazac,2020-07-20,4.1,NFU,0.922132382,45.605993566
05017060,L'Echelle en aval de Peusec,2020-07-20,3.6,NFU,0.267297973,45.643885346
05085530,La Lède au niveau de Monflanquin,2020-07-20,20.0,NFU,0.742578159,44.51974792
05145760,Le Cernon au niveau de St Rome de Cernon,2020-07-20,1.4,NFU,2.991596544,44.000781414
05234050,Le Lys au niveau de Montaner,2020-07-20,1.3,NFU,-0.008577474,43.357524447
05069250,La Tarentaine au niveau de Picherande,2020-07-20,1.8,NFU,2.744828768,45.474512781
05022000,Le Bandiat à Feuillade,2020-07-20,2.2,NFU,0.472736919,45.607152985
05044310,Le Crassat à La Meyze,2020-07-20,16.0,NFU,1.173612876,45.57477974
05106400,L'Osse à Miélan,2020-07-20,13.0,NFU,0.326811912,43.43222322
05079950,La Dourdenne à Roumagne,2020-07-20,5.1,NFU,0.341379543,44.618628935
05189000,Le Canal du Porge à Cleyse-Vieille,2020-07-20,1.9,NFU,-1.136811783,44.873813073
05234280,L'Echez à Oursbelille,2020-07-20,2.4,NFU,0.046163187,43.286116033
05022100,Le Bandiat au Pont de Villejaleix,2020-07-20,2.1,NFU,0.621238108,45.534087074
05234060,Le Lys au niveau de Tarasteix,2020-07-20,2.1,NFU,-0.016060591,43.323016494
05148700,Le Lumansonesque au niveau de Compeyre,2020-07-20,0.89,NFU,3.092023781,44.161218743
05142600,Le Tarn à Courris,2020-07-20,0.7,NFU,2.406419308,43.943011167
05068170,L'Aspre au niveau de Fontanges,2020-07-20,1.01,NFU,2.48661102,45.121100429
05092980,Le Ruisseau d'Audiernes au niveau de Peyrusse-le-Roc,2020-07-20,0.8,NFU,2.126204591,44.50462424
05167006,La Vixiège à Gaja La Selve,2020-07-20,5.6,NFU,1.902851289,43.188124216
05145750,Le Soulzon à l'aval de Roquefort,2020-07-20,3.0,NFU,2.970314498,43.999067727
05155890,La Gradoue au niveau de Saint-Lizie du Planté,2020-07-20,50.0,NFU,0.961303088,43.424513006
05155600,La Save à Espaon,2020-07-20,13.0,NFU,0.857501997,43.42106946
05055570,La Corrèze de Pradines à Grandsaigne,2020-07-20,0.7,NFU,1.918573273,45.489224432
05153970,La Lauze à Saramon,2020-07-20,39.0,NFU,0.765824296,43.53109255
05092975,La Diège à Naussac,2020-07-20,1.3,NFU,2.10260834,44.513887757
05149000,La Jonte au Maynial,2020-07-20,0.43,NFU,3.277388002,44.200330339
05154100,La Gimone à Boulogne sur Gesse,2020-07-20,12.0,NFU,0.630919964,43.292238629
05061950,Le Cayla en amont de Sousceyrac,2020-07-20,2.26,NFU,2.051473349,44.863965179
05175400,La Garonne au Pont vieux de Muret,2020-07-20,3.0,NFU,1.327566713,43.45805307
05165255,La Lèze à Lézat-sur-Lèze,2020-07-20,11.0,NFU,1.352968736,43.280639713
05129070,Le Tescou en aval de Saint Nauphary,2020-07-20,1.9,NFU,1.390547037,43.989029897
05192050,Le Ruisseau des Forges à Parentis,2020-07-20,5.1,NFU,-1.080946506,44.341408483
05149600,Le Tarn en amont de la Jonte,2020-07-20,0.46,NFU,3.223565862,44.220435316
05111450,La Baïse à Trie sur Baïse,2020-07-20,13.0,NFU,0.370698736,43.316552367
05055150,Le Douyge en amont de Saint-Augustin,2020-07-20,1.0,NFU,1.864017958,45.435372729
05157800,L'Hers Mort à Saint-Michel-de-Lanès,2020-07-20,8.3,NFU,1.756975672,43.324997952
05129100,Le Tarn à Bressols,2020-07-20,1.7,NFU,1.344370102,43.966106146
05143120,Le Liamou au niveau de Belmont-sur-Rance,2020-07-20,0.93,NFU,2.731821636,43.807954759
05088050,La Lémance en amont de Montflanquin,2020-07-20,6.8,NFU,0.971998008,44.574992858
05191180,Le ruisseau de Biard au niveau de Biganos,2020-07-20,6.3,NFU,-0.895560471,44.651334667
05069242,Le Ruisseau de Neuffonds au niveau de Saint Genès-Champespe,2020-07-20,1.1,NFU,2.725794783,45.436017958
05069248,La Tarentaine au niveau de Saint Donat,2020-07-20,1.2,NFU,2.710641565,45.452638509
05012200,Le Ri Bellot au niveau de Cherves Richemont,2020-07-20,1.1,NFU,-0.3620431,45.733822533
05011600,Le Beau à Saint-Médard,2020-07-20,7.3,NFU,-0.139894117,45.512229215
02055580,LE CANAL DE L'EST BRANCHE SUD A CREVECHAMPS,2020-07-20,2.8,NFU,6.268292995,48.523027894
02000011,LE VIEUX RHIN A KEMBS,2020-07-20,2.9,NFU,7.522627723,47.660768893
04614007,LA FARE A CHÂTEAU LA VALLIERE,2020-07-20,27.0,NFU,0.314346085,47.546864939
04614006,LA FARE A CHÂTEAU LA VALLIERE,2020-07-20,16.0,NFU,0.349051774,47.527268536
04046600,VAUVISE à SAINT-BOUIZE,2020-07-20,5.7,NFU,2.889614898,47.278757393
04404019,BELLECOMBE A SAINT-JEURES,2020-07-20,0.89,NFU,4.177527935,45.10543964
02073200,LE RUISSEAU DES ETANGS DE CHAMPIGNEULLES A CHAMPIGNEULLES,2020-07-20,4.5,NFU,6.158492104,48.728987969
02001150,LE CANAL D'IRRIGATION DE LA HARDT A BANTZENHEIM,2020-07-20,6.2,NFU,7.496749656,47.810337618
02052610,LE RUISSEAU DES NAUVES A ARCHES,2020-07-20,2.8,NFU,6.51411775,48.12640883
02076800,LA MOSELLE A VANDIERES,2020-07-20,5.7,NFU,6.050661886,48.954805707
06005400,SOUFROIDE A MANTOCHE 1,2020-07-20,20.0,NFU,5.540354574,47.446225207
06580812,MERE A LA-RAVOIRE ,2020-07-20,13.0,NFU,5.960726214,45.557196731
06580075,AY A SARRAS 2,2020-07-20,2.2,NFU,4.755101227,45.190607712
06184000,HERAULT A FLORENSAC,2020-07-20,2.5,NFU,3.446648719,43.38405324
06439900,RESIE A BROYE-AUBIGNEY-MONTSEUGNY 2,2020-07-20,30.0,NFU,5.518756893,47.315611695
I7005803,Barrage du Gast,2020-07-20,38.0,NFU,-1.053010422,48.797698572
03010670,LE MELDA A SAINT-BENOIT-SUR-SEINE 1,2020-07-20,1.9,NFU,4.021650795,48.364543489
03004985,LA NOUE ROBERT A BARBEREY-SAINT-SULPICE 2,2020-07-20,3.0,NFU,4.037507856,48.338096384
03006000,LA SEINE A MERY-SUR-SEINE 1,2020-07-20,3.1,NFU,3.88982603,48.50738038
03180100,L'ANDELLE A RADEPONT 1,2020-07-20,5.2,NFU,1.325227245,49.353519128
CU000052,HUISNE - PRISE D'EAU DE L'EPAU,2020-07-20,7.1,NFU,0.200609396,47.988490895
05074900,Le Gat-mort à St Selve,2020-07-20,3.2,NFU,-0.482214456,44.67107481
05060940,La Borrèze à Malherbes,2020-07-20,9.6,NFU,1.461356169,44.920750951
05192014,La Petite Leyre à Belhade,2020-07-20,5.5,NFU,-0.673633862,44.375055861
05015060,La Nouère à Cheneuzac,2020-07-20,0.53,NFU,0.082266701,45.645727471
05011000,Le Né à Saint Fort,2020-07-20,3.6,NFU,-0.309464764,45.574952252
05084985,La Lède à Casseneuil,2020-07-20,13.0,NFU,0.647812728,44.450312716
05013175,Le Malémont à Sainte-Sévère,2020-07-20,41.0,NFU,-0.23083607,45.786057174
05217800,Le Gave d'Estaing à La Badette,2020-07-20,0.5,NFU,-0.159146746,42.961381734
05142540,Ruisseau de Blasou à Ambialet,2020-07-20,3.5,NFU,2.385374474,43.940194869
05085600,Le Laussou au niveau de Monflanquin,2020-07-20,24.8,NFU,0.789719773,44.555104585
05069224,Le Taurons au niveau de Saint-Genès-Champespe,2020-07-20,0.62,NFU,2.716484822,45.395654118
05231390,Le Lourden au niveau de Renung,2020-07-20,4.9,NFU,-0.338748599,43.756769341
05218250,Le Gave de Cauterets à Pierrefitte,2020-07-20,0.5,NFU,-0.07725034,42.956738211
05157510,Le Tissier à Montlaur,2020-07-20,6.1,NFU,1.574851925,43.47472413
05231700,Le Ruisseau du Broussau au niveau d'Aire sur Adour,2020-07-20,21.0,NFU,-0.283307093,43.711352731
05022040,Le Bandiat à Varaignes,2020-07-20,3.6,NFU,0.530742222,45.584116724
05068160,La Maronne au droit de St Martin Valmeroux,2020-07-20,1.13,NFU,2.469624114,45.125973274
05157750,L'Hers Mort à Renneville,2020-07-20,12.0,NFU,1.714998187,43.377680817
05111100,La Baïse Darré à Lannemezan,2020-07-20,2.4,NFU,0.373964827,43.118270649
05013900,La Charente à St-Simeux,2020-07-20,1.1,NFU,-0.026172483,45.621866773
05068885,La Petite Rhue à Riom-ès-Montagnes,2020-07-20,5.41,NFU,2.702557408,45.277839111
05162600,Le Touch à Bérat,2020-07-20,41.0,NFU,1.17363407,43.38402718
05111340,La Baïsole au niveau de Saint Michel,2020-07-20,20.0,NFU,0.421133154,43.433519878
05032100,L'Auzonne à Pillac,2020-07-20,27.0,NFU,0.220484365,45.309541197
05085545,La Rètge au niveau de Boudy de Beauregard,2020-07-20,25.2,NFU,0.666394858,44.536535561
05217400,Le Gave de Pau en aval du Gave d'Azun,2020-07-20,2.36,NFU,-0.081708757,43.005571303
05060000,La Cuze à Vitrac,2020-07-20,5.8,NFU,1.223340276,44.827863946
05058928,Le Céou au niveau de Decagnac,2020-07-20,0.81,NFU,1.357523553,44.691704637
05034850,La Côle au niveau de la coquille,2020-07-20,7.9,NFU,0.954546068,45.560557955
05201055,La Bidouze en aval de Saint-Palais,2020-07-20,1.66,NFU,-1.026563252,43.337013899
05063950,L'Authre au Pont du Mercadier,2020-07-20,4.4,NFU,2.428242845,44.994668744
05105200,L'Osse au niveau de Nérac,2020-07-20,12.0,NFU,0.292721701,44.122338276
05200115,Le Laurhibar à Saint Jean le Vieux,2020-07-20,0.94,NFU,-1.218719683,43.165735594
05142520,Le Ruisseau de la Broncarié au niveau d'Ambialet,2020-07-20,0.95,NFU,2.385869749,43.96476747
05218560,Le Bastan en amont de Barèges,2020-07-20,0.66,NFU,0.090003103,42.902904023
05084800,Le Lot en aval de Ste-Livrade,2020-07-20,2.7,NFU,0.537656824,44.393238617
05085540,La Gardonne à Saint-Eutrope-de-Born,2020-07-20,28.0,NFU,0.69608856,44.557153099
05011400,Le Collinaud au niveau de Criteuil la Magdeleine,2020-07-20,4.9,NFU,-0.232142806,45.542775888
05234290,L'Echez en amont des Angles,2020-07-20,1.4,NFU,0.01262303,43.077534888
05199600,La Nive des Aldudes à l'amont immédiat de la Nive,2020-07-20,1.52,NFU,-1.303188265,43.227345538
05035200,La Dronne en amont de St Pardoux la Rivière,2020-07-20,1.5,NFU,0.751601902,45.514701757
05192008,"Le Castéra, à Mano",2020-07-20,7.2,NFU,-0.689887578,44.413532009
05216150,Le Gave de Pau à St Pé de Bigorre,2020-07-20,0.8,NFU,-0.165966627,43.101955542
05157645,Le Ruisseau de Gardijol à Gardouch,2020-07-20,9.2,NFU,1.685830535,43.390466949
05162605,Ruisseau des Feuillants à Bérat,2020-07-20,5.2,NFU,1.16818645,43.378805901
05236000,L'Adour à Pouzac,2020-07-20,0.72,NFU,0.139109377,43.087180026
05034855,La Dronne à Champagnac-de-Bélair,2020-07-20,2.1,NFU,0.690918115,45.378253343
05094810,Le Lot à Livinhac,2020-07-20,1.0,NFU,2.229703705,44.585519887
05111000,La Petite Baïse à Galan,2020-07-20,4.6,NFU,0.412662456,43.224771866
05013000,La Charente à Merpins,2020-07-20,2.0,NFU,-0.396893346,45.685187712
05068920,La VÃ©ronne en aval de Riom-Ã¨s-Montagnes (Amont du Rhue de ,2020-07-20,2.69,NFU,2.66555164,45.306638848
05058935,Le Bléou en aval de Gourdon,2020-07-20,5.9,NFU,1.37739666,44.706045205
O1025023,Etang de Naguilhes,2020-07-20,0.9,NFU,1.915827577,42.654634886
05083650,L'Ourbise au moulin de Picon,2020-07-20,9.1,NFU,0.261740906,44.353665115
05075800,Le Ruisseau de Machique à Ladaux,2020-07-20,4.2,NFU,-0.241383516,44.698398443
05076010,Le ruisseau de St-Cricq à Cérons,2020-07-20,6.8,NFU,-0.327821264,44.628522147
04456006,RAU DE L'ETANG DE FOND BON A DUN-SUR-AURON,2020-07-20,19.0,NFU,2.59744019,46.868916758
05189005,Le Craste de Louley au niveau de Lacanau,2020-07-20,5.7,NFU,-1.114959633,45.007519043
05148000,La Dourbie au niveau de Monna,2020-07-20,0.44,NFU,3.13749258,44.107257641
05085000,La Lède à Soubirous,2020-07-20,19.4,NFU,0.691781122,44.460428353
05234285,La Geune à Juillan,2020-07-20,1.7,NFU,0.020964858,43.201438578
05234082,La Gespe au niveau d'Odos,2020-07-20,3.2,NFU,0.058739766,43.202385013
05234287,L'Aube à Hibarette,2020-07-20,2.0,NFU,0.036482576,43.164961151
05031600,La Tude à Chavenat,2020-07-20,16.0,NFU,0.189324967,45.453827063
05057150,La Vézère à Orlianges,2020-07-20,0.8,NFU,1.95620189,45.61187546
04404016,AUZE A ST-JEURES,2020-07-20,1.8,NFU,4.178550627,45.10545585
04455010,VALENTIGNY A LES AIX D'ANGILLON,2020-07-20,9.9,NFU,2.586284297,47.193594255
04631005,ANDAINETTE A  DOMFRONT,2020-07-20,11.0,NFU,-0.604233339,48.605015111
04631006,LA HALOUZE A SAINT CLAIR DE HALOUZE,2020-07-20,9.1,NFU,-0.614924743,48.672889625
02003700,LE CANAL DU RHONE AU RHIN A HEIDWILLER,2020-07-20,34.4,NFU,7.221672385,47.657542875
04068348,GRANDE SAULDRE à ARGENT-SUR-SAULDRE,2020-07-20,6.0,NFU,2.427691453,47.5653509
02060750,LA MOSELLE A LIVERDUN,2020-07-20,11.2,NFU,6.066786231,48.745656138
02000010,LE GRAND CANAL D'ALSACE A ROSENAU,2020-07-20,8.0,NFU,7.52341035,47.652381037
02070900,LE CANAL DE LA MARNE AU RHIN A MAIXE,2020-07-20,8.9,NFU,6.440423773,48.642862148
02098256,LE GRENTZBACH A RATZWILLER (AMONT),2020-07-20,6.7,NFU,7.283809713,48.963732949
06204550,ISSOLE A STE-ANASTASIE-SUR-ISSOLE ,2020-07-20,1.4,NFU,6.129410605,43.341500525
06159900,VERDON A ST-ANDRE-LES-ALPES ,2020-07-20,4.7,NFU,6.513831794,43.961371935
06440445,OGNON A BUSSIERES 1,2020-07-20,3.2,NFU,5.968455432,47.335447701
06438900,RUISSEAU DE NOIRONTE A RUFFEY-LE-CHATEAU ,2020-07-20,3.4,NFU,5.806764654,47.285835096
06440750,FONTAINE DE DOUIS A MARNAY 1,2020-07-20,5.9,NFU,5.770385423,47.292510786
06580819,CANAL DE TERRE NUE A VOGLANS ,2020-07-20,5.7,NFU,5.892614749,45.639780013
06004870,MORTHE A ST-BROING 3,2020-07-20,17.0,NFU,5.656953322,47.45130403
03033151,LE COURS D'EAU NUMÃRO 01 L'HUIS CHÃTELAIN A DUN-LES-PLACES,2020-07-20,3.2,NFU,4.022015854,47.306921838
03150000,L'AISNE A GUIGNICOURT 2,2020-07-20,2.3,NFU,3.961768941,49.432992199
03171085,LE RU DE GALLY A CRESPIERES 1,2020-07-20,3.7,NFU,1.889514978,48.87046182
BX000796,FOSSE DE SORGES,2020-07-20,35.0,NFU,-0.508279999,47.430158894
DI000123,LA VARENNE - LE CLAIN,2020-07-20,1.8,NFU,0.344268695,46.550069406
05083582,Le Tolzac en aval de Fauilllet,2020-07-21,15.0,NFU,0.289472554,44.428119465
05068655,La Triouzoune au niveau de Palisse,2020-07-21,1.6,NFU,2.254180783,45.450172359
05019000,La Charente à Luxé,2020-07-21,1.4,NFU,0.111631059,45.889329044
05069200,L'Etoile en amont de Lanobre,2020-07-21,0.65,NFU,2.553072181,45.454102499
05077350,Le Ruisseau de Barthos au niveau de Cudos,2020-07-21,4.4,NFU,-0.176720359,44.357820996
05042930,L'Isle à Antonne-et-Trigonant,2020-07-21,2.5,NFU,0.865283708,45.223447168
05115185,Le Cédon au niveau de Lasseube-Propre,2020-07-21,21.0,NFU,0.573004346,43.574658915
05095160,Le Dourdou au niveau de Rodelle,2020-07-21,0.6,NFU,2.605492967,44.502247566
05005610,La Légère à St-Faziol,2020-07-21,3.4,NFU,-0.147199539,46.202615918
05118710,L'Arrats à Aubiet,2020-07-21,76.0,NFU,0.777845358,43.642143183
05136200,Le Linoubre en aval du Barrage des Montagnès à Mazamet,2020-07-21,2.0,NFU,2.360941991,43.461693403
05039200,La Manoire en aval de Boulazac,2020-07-21,5.7,NFU,0.760895853,45.182399623
O0115183,Lac d'Orédon,2020-07-21,0.7,NFU,0.161716253,42.825657658
05140000,L'Agout à St-Agnan,2020-07-21,1.6,NFU,2.480223013,43.639132261
05230020,Le ruisseau de Laudon au niveau d'Audignon,2020-07-21,21.0,NFU,-0.604907187,43.715942972
05011660,Le Condéon à Condéon,2020-07-21,25.0,NFU,-0.139458247,45.408245912
05029900,Le Lary en amont de St-Martin-d'Ary,2020-07-21,9.9,NFU,-0.210750243,45.235540899
05063150,Le Ruisseau d'Orgues à Gagnac sur Cère,2020-07-21,2.65,NFU,1.887627187,44.952308295
05170950,L'Estrique de Saint-Victor en aval de Saint-Victor-Rouzau,2020-07-21,0.76,NFU,1.55758517,43.098688814
05068400,La Luzège en amont de Laval,2020-07-21,3.1,NFU,2.168535127,45.253712378
05158160,Le Balerme à Teulat,2020-07-21,120.0,NFU,1.691168709,43.63708569
05095120,Le Ruisseau de Cruou à Marcillac Vallon,2020-07-21,0.3,NFU,2.465504277,44.47411112
05139330,Le Gijou en amont de Lacaze,2020-07-21,1.2,NFU,2.534562692,43.732421053
05134550,Le Laudot au niveau de Les Brunels,2020-07-21,2.7,NFU,2.043543575,43.433805116
05071300,La Mortagne en amont de Tauves,2020-07-21,6.0,NFU,2.633922876,45.562362693
O0115183,Lac d'Orédon,2020-07-21,0.5,NFU,0.161716253,42.825657658
05131200,Le Dadou au niveau de Peyrières,2020-07-21,3.5,NFU,1.824413935,43.746598563
05099120,La Coussane en amont de Coubisou,2020-07-21,0.3,NFU,2.721110847,44.587672909
05082000,L'Avance au Pont des Sables,2020-07-21,3.4,NFU,0.12572545,44.4673862
05007935,Le Petit Trèfle à Lamerat,2020-07-21,33.0,NFU,-0.244043679,45.450237247
05068080,La Maronne au niveau de St Geniez ô Merle,2020-07-21,2.58,NFU,2.080531895,45.061763037
05069310,Le Rigaud en aval de Larodde,2020-07-21,3.1,NFU,2.558923155,45.522922295
05157140,La Seillonne au niveau de Balma,2020-07-21,29.0,NFU,1.518210275,43.632525856
05087400,La Lémance en amont de Monsempron-Libos,2020-07-21,2.1,NFU,0.944284425,44.508471188
02082000,LA SEILLE A NOMENY,2020-07-21,2.7,NFU,6.227694642,48.888309618
02001725,L'ISCHERT A SUNDHOUSE,2020-07-21,10.2,NFU,7.650320964,48.266710787
05080710,Le Dropt à Castillonès,2020-07-21,6.5,NFU,0.578081912,44.673157098
05061110,La Trémenouze à Rueyres,2020-07-21,9.74,NFU,1.846943743,44.750827875
05005200,La Béronne à Vernoux-sur-Boutonne,2020-07-21,5.6,NFU,-0.291803928,46.151383389
05165790,La Mouillonne au niveau de Miremont,2020-07-21,7.9,NFU,1.437602111,43.390948303
05068350,Le Doustre en amont de la Dordogne,2020-07-21,9.51,NFU,1.960619325,45.119149625
05053100,La Corrèze à Malemort,2020-07-21,4.5,NFU,1.570076433,45.173001572
05137000,L'Arn au Pont de l'Arn,2020-07-21,0.73,NFU,2.40866972,43.503621051
05138900,Le Thoré en amont de Labastide Rouairoux,2020-07-21,0.15,NFU,2.655246828,43.466717594
05152550,Le Sarrampion au niveau de Maubec,2020-07-21,20.0,NFU,0.915233907,43.804911966
05083350,La Canaule à Longueville,2020-07-21,7.9,NFU,0.224750609,44.473977414
05206750,Le Gave d'Aspe à Ponsuzou,2020-07-21,0.5,NFU,-0.606262136,43.034180323
05222980,Le Ruisseau de Cabanes à St-Paul-les-Dax,2020-07-21,11.0,NFU,-1.042588271,43.739029433
05068367,L'Etang de Bourre au niveau de Chamapgnac-la-Noaille,2020-07-21,2.5,NFU,1.990913486,45.295384417
06209970,BRAGUE A BIOT 3,2020-07-21,0.72,NFU,7.100958237,43.621477691
06077500,RHONE A BREGNIER-CORDON 3,2020-07-21,2.5,NFU,5.623039917,45.638440114
04570025,MADELON A VILLEDOMER,2020-07-21,9.9,NFU,0.887583067,47.544548801
05042950,Le Ravillou au niveau de Coulaures,2020-07-21,2.9,NFU,0.988922732,45.316624557
04419003,ALENE A LUZY,2020-07-21,14.0,NFU,3.982791867,46.783250177
04130000,MAYENNE à DAON,2020-07-21,5.4,NFU,-0.642932959,47.749228604
04402015,BOURBOUILLOUX A BORNE,2020-07-21,2.4,NFU,3.801396557,45.101105707
02082350,LA SEILLE A CHEMINOT,2020-07-21,1.2,NFU,6.1243344,48.94101026
06072400,RHONE A RUFFIEUX ,2020-07-21,4.3,NFU,5.805818155,45.853960341
06208900,MOURACHONNE A PEGOMAS 1,2020-07-21,0.69,NFU,6.930050738,43.593256749
06188920,VENE A POUSSAN 1,2020-07-21,2.3,NFU,3.694341572,43.475820807
U4035023,MONTREVEL-EN-BRESSE,2020-07-21,3.3,NFU,5.134990688,46.34510594
03040250,L'OZE A DARCEY 1,2020-07-21,2.6,NFU,4.539739382,47.534646295
03130490,L'OISE A MEZIERES-SUR-OISE 1,2020-07-21,5.1,NFU,3.399296721,49.780558022
06580766,HUERT A LES-AVENIERES 2,2020-07-21,7.4,NFU,5.531073921,45.659943633
06300250,CAMIOLE A MONTAUROUX ,2020-07-21,1.5,NFU,6.769480434,43.596041307
03129020,L'OISE A ERLOY 1,2020-07-21,3.4,NFU,3.828080624,49.910217749
03127370,LA SEINE A MERICOURT 4,2020-07-21,2.3,NFU,1.611228878,49.021328188
03219780,LA RISLE A AMBENAY 2,2020-07-21,4.4,NFU,0.723226794,48.838889125
05053910,La Roanne au niveau de Dampniat,2020-07-21,4.1,NFU,1.639737921,45.176934077
05036000,L'Isle à Coutras,2020-07-21,2.4,NFU,-0.126212661,45.022122876
05077560,Le Ciron à Houeillès,2020-07-21,4.0,NFU,-0.024351931,44.196371063
05007955,Le Tort à St Sigismond de Clermont,2020-07-21,13.0,NFU,-0.5375756,45.452265592
05086255,Le Boudouyssou à Penne d'Agenais,2020-07-21,15.6,NFU,0.811638172,44.385787562
05219900,Le Luy au lieu-dit Chérrou,2020-07-21,6.5,NFU,-0.785040987,43.640819645
05230080,Le Ruisseau du Bas avant le Gabas,2020-07-21,20.0,NFU,-0.532893527,43.7002907
05069350,Le Ruisseau la Burande au niveau de Singles,2020-07-21,0.85,NFU,2.542470245,45.542126881
05183300,Le Nistos en amont de Nistos,2020-07-21,0.77,NFU,0.475615527,43.012537317
05134260,Le Ruisseau de Bagas au niveau de Lautrec,2020-07-21,12.0,NFU,2.136998256,43.67204377
05226150,L'Estrigon à Cère,2020-07-21,6.0,NFU,-0.541140551,43.993417471
05088130,La Thèze au niveau de Montcabrier,2020-07-21,4.5,NFU,1.070645723,44.543711469
05081980,Le Sérac à Gaujac,2020-07-21,2.4,NFU,0.1034797,44.478784616
05158170,Le Dagour au niveau de Bourg-Saint-Bernard,2020-07-21,35.0,NFU,1.681189706,43.617347138
05163290,La Garonne à l'entrée dans Toulouse,2020-07-21,3.8,NFU,1.436897496,43.572350837
05071280,La Mortagne en aval de Singles,2020-07-21,2.3,NFU,2.555443796,45.563880696
05170800,Le Crieu à Ventenac,2020-07-21,1.6,NFU,1.729007645,43.01791274
05155125,La Save en aval de L'Isle Jourdain,2020-07-21,48.0,NFU,1.079723834,43.620623165
05226050,Le Geloux au niveau de Garein,2020-07-21,3.0,NFU,-0.649665364,44.050752632
05158200,La Vendinelle à Loubens-Lauragais,2020-07-21,17.0,NFU,1.799080259,43.546455286
05134432,La Rigole de la Plaine au niveau de Revel,2020-07-21,3.5,NFU,1.955308076,43.435689477
05204880,L'Arrec de Bitole à Lanne en Baretous,2020-07-21,0.61,NFU,-0.74748295,43.112911069
05229225,Le ruisseau de Marrein à Gouts,2020-07-21,7.6,NFU,-0.803364875,43.789815544
05101405,La Crueize à St Leger de Peyre,2020-07-21,0.7,NFU,3.298347082,44.593743824
05024180,Le Transon au niveau de Chatain,2020-07-21,9.8,NFU,0.4369725,46.085025568
05004230,Le Ruisseau du Roi à Saint-Pierre-de-l'Ile,2020-07-21,26.0,NFU,-0.44324528,46.016827507
05199100,Le ruisseau d'Olha à cambo les Bains,2020-07-21,3.3,NFU,-1.382948652,43.365042806
05029800,L'Isle à Guitres,2020-07-21,3.4,NFU,-0.192069079,45.037104122
05005000,La Boutonne au Pont des Loges à Séligné,2020-07-21,3.2,NFU,-0.302987282,46.145650981
05206000,Le Gave d'Aspe à Bidos,2020-07-21,0.5,NFU,-0.604900099,43.178644411
05171660,L'Estrique à Bézac,2020-07-21,5.9,NFU,1.585424587,43.152493276
05079200,L'Andouille au niveau de Roquebrune,2020-07-21,6.9,NFU,0.03568069,44.635535676
05142000,Le Tarn à l'aval d'Albi (Au niveau de Terssac),2020-07-21,2.2,NFU,2.072601576,43.929797825
05079050,Le Ruisseau de Marquelot à Bagas,2020-07-21,7.4,NFU,-0.042990567,44.617091004
05158150,Le Girou en amont de Verfeil,2020-07-21,17.0,NFU,1.652755251,43.641925945
05165900,L'Ariège à Cintegabelle,2020-07-21,3.6,NFU,1.532947423,43.310764293
05161900,La Garonne à Blagnac,2020-07-21,2.7,NFU,1.400961721,43.624924498
05083200,Le Trec à Marmande,2020-07-21,14.0,NFU,0.164039787,44.496753564
04120400,TREULON à AUVERS-LE-HAMON,2020-07-21,14.0,NFU,-0.367439044,47.908915701
04174480,R PENZE À TAULE,2020-07-21,1.4,NFU,-3.923471987,48.586056065
02001500,LA LACHTER A BOOFZHEIM,2020-07-21,4.9,NFU,7.674344181,48.327772674
02026500,LA ZEMBS A KRAFFT,2020-07-21,3.6,NFU,7.700865897,48.419147352
03129020,L'OISE A ERLOY 1,2020-07-21,3.4,NFU,3.828080624,49.910217749
06077000,FURANS A BELLEY 1,2020-07-21,3.6,NFU,5.677092267,45.708409236
06180500,CANAL DE LA ROBINE A GRUISSAN ,2020-07-21,31.0,NFU,3.030844093,43.122126674
U4205163,SAINT-DENIS-LES-BOURG,2020-07-21,48.0,NFU,5.163064847,46.213706307
U4205163,SAINT-DENIS-LES-BOURG,2020-07-21,3.7,NFU,5.163064847,46.213706307
03040250,L'OZE A DARCEY 1,2020-07-21,2.6,NFU,4.539739382,47.534646295
03171770,LA FLEXANVILLE A SEPTEUIL 2,2020-07-21,4.0,NFU,1.671676992,48.899601335
03126511,LA SEINE A GARGENVILLE 2,2020-07-21,3.7,NFU,1.808909092,48.971356621
05094825,Ruisseau de Limou à Flagnac,2020-07-21,1.3,NFU,2.249966745,44.596462778
05077950,Le Beuve à Bazas,2020-07-21,8.3,NFU,-0.161111099,44.474307143
05061900,La Bave à Pauliac,2020-07-21,2.92,NFU,1.785272475,44.894057961
05009850,Le Pontignac au niveau de Pommiers-Moulon,2020-07-21,19.0,NFU,-0.342879921,45.328097309
05068000,La Maronne à Basteyroux,2020-07-21,2.84,NFU,1.947905898,45.082380937
05083585,Le Tolzac à Varès,2020-07-21,48.0,NFU,0.387805158,44.440582881
05067000,La Dordogne à Brivezac,2020-07-21,3.56,NFU,1.843823665,45.023808851
05080650,Le Ruisseau de Lacalège au niveau de Lauzun,2020-07-21,12.0,NFU,0.505428768,44.664787178
05223170,Le Louts à Samadet,2020-07-21,2.3,NFU,-0.487989705,43.624911875
05231050,Le Bahus au niveau de Larrivière,2020-07-21,5.6,NFU,-0.541903368,43.764851635
05229250,Le Gaillou au niveau de Souprosse,2020-07-21,7.0,NFU,-0.743333619,43.802705942
05138100,Le Thoré en amont de St Amans de Soult,2020-07-21,0.28,NFU,2.508331921,43.476227482
05220000,Le Luy de Béarn à Amou,2020-07-21,6.6,NFU,-0.74756912,43.591134002
05161500,La Garonne au Syndicat Centre et Nord,2020-07-21,3.0,NFU,1.403577731,43.664021872
05101400,La Colagne en amont de Marvejols (Pont du Grenier),2020-07-21,1.2,NFU,3.29404397,44.565847554
05141000,Le Tarn en aval de Rabastens,2020-07-21,1.6,NFU,1.693817666,43.796049982
05029750,Le Ruisseau de Gendarme à Petit-Palais-et-Cornemps,2020-07-21,25.0,NFU,-0.081362326,44.982645835
05080990,Le Ruisseau de la Ville à Ste-Bazeille,2020-07-21,33.0,NFU,0.099005289,44.52280733
05225340,Le bès à Villenave,2020-07-21,4.0,NFU,-0.784765903,43.952185172
05204890,Le Gave de Lourdios à Issor,2020-07-21,0.8,NFU,-0.648025493,43.105430985
05080745,Le Brayssou au niveau de Tourliac,2020-07-21,6.3,NFU,0.823736333,44.675740288
05152555,Le ruisseau du Pest au niveau de Ste Anne,2020-07-21,40.0,NFU,0.959815541,43.750665056
05077370,Le Barthos à Marions,2020-07-21,5.4,NFU,-0.093185542,44.369840735
05100000,Le Lot à La Mothe,2020-07-21,1.7,NFU,3.198963822,44.443359732
05219600,Le Grand Arrigan à Estibeaux,2020-07-21,4.7,NFU,-0.934961849,43.607024492
05238450,L'Untxin Ã  Urrugne (Pont du cc ChÃ¢teau d'Urtubie Ã  Urrugn,2020-07-21,2.84,NFU,-1.686786176,43.368157524
05163000,La Garonne dans Toulouse (St-Pierre),2020-07-21,4.4,NFU,1.435571267,43.601939515
05030000,La Dronne à Coutras,2020-07-21,2.5,NFU,-0.131489121,45.04035677
05139310,Le Gijou à l'aval de Vabre,2020-07-21,1.8,NFU,2.417052991,43.681283654
05134250,Le Bagas à Vielmur sur Agout,2020-07-21,2.5,NFU,2.088044878,43.632860601
05153942,La Marcaoue à Touget,2020-07-21,83.0,NFU,0.911317399,43.687905363
05159260,Le Courbet à Pibrac,2020-07-21,13.0,NFU,1.286981282,43.622467745
05132000,Le Dadou à Rieutord,2020-07-21,1.5,NFU,1.962364649,43.772208488
05068460,La Soudeillette à Moustier Ventador,2020-07-21,1.9,NFU,2.119739327,45.39138507
05224000,La Midouze au niveau de Bégaar,2020-07-21,11.0,NFU,-0.829866376,43.807806642
05053925,La Vianne à Lanteuil,2020-07-21,3.5,NFU,1.669715267,45.124343742
05053960,Le ruisseau du Mazet au niveau de Cornil,2020-07-21,13.0,NFU,1.725573715,45.226305846
05010000,Le Pharaon à St-Pardon,2020-07-21,17.0,NFU,-0.309880913,45.388740494
05141300,Ruisseau de Rabistau à Lisle-sur-Tarn,2020-07-21,2.3,NFU,1.807734919,43.850635425
05078910,Le Babin à St-Laurent-du-Plan,2020-07-21,9.0,NFU,-0.107682065,44.622948636
05068369,Le Ruisseau de l'Etang Gros au niveau de Rosiers d'Egletons,2020-07-21,4.1,NFU,2.008792826,45.36902623
05198750,La Nive à l'amont d'Ustaritz,2020-07-21,2.81,NFU,-1.450935797,43.391729573
05157100,La Sausse à Toulouse,2020-07-21,9.7,NFU,1.483920545,43.646812257
05165760,L'Aise à Issus,2020-07-21,18.0,NFU,1.443832556,43.427030658
05101600,Le Lot aux Ajustons,2020-07-21,2.0,NFU,3.248378745,44.49070038
05081000,La Garonne à Couthures,2020-07-21,2.3,NFU,0.081872311,44.509563595
05139215,Ruisseau des Gourgs à Castres,2020-07-21,3.0,NFU,2.271097749,43.623354253
05139350,Le Gijou à l'aval de Lacaune,2020-07-21,0.83,NFU,2.652663322,43.716574548
05076800,Le Ruisseau de la Hure (Grave) à St-Symphorien,2020-07-21,2.3,NFU,-0.492405955,44.422676763
05134400,Le Sor en aval de Revel,2020-07-21,3.1,NFU,1.992900902,43.47464446
05135200,Le Thoré en aval de Mazamet-Aussillon,2020-07-21,2.6,NFU,2.349448376,43.515788405
05023050,Le Lien à Condac,2020-07-21,0.66,NFU,0.217601682,46.023631038
05068750,La Diège à l'aval d'Ussel,2020-07-21,2.4,NFU,2.327070341,45.512227288
05155140,Le Gay à l'Isle Jourdain,2020-07-21,47.0,NFU,1.047615312,43.603760201
05199000,La Nive en aval de Cambo-les-Bains,2020-07-21,2.13,NFU,-1.428512686,43.374268734
05172000,L'Ariège à Saint-Jean de Verges,2020-07-21,1.0,NFU,1.608804568,43.012198103
06580150,RHONE A BRANGUES ,2020-07-21,2.5,NFU,5.548479468,45.712040473
04174480,R PENZE À TAULE,2020-07-21,1.4,NFU,-3.923471987,48.586056065
04453019,LE MORGON A SAINT HILAIRE,2020-07-21,4.4,NFU,3.017663126,46.499224249
04126500,MAYENNE à L'HUISSERIE,2020-07-21,8.0,NFU,-0.74036546,48.012326547
03041247,LE RUISSEAU DE TRÉMAGNE A LA LOGE-POMBLIN 1,2020-07-21,11.0,NFU,4.01940767,48.056388146
H6259303,Plan d'eau de Toutainville,2020-07-21,10.0,NFU,0.486831236,49.362201628
03170100,LA MAULDRE A EPONE 1,2020-07-21,1.7,NFU,1.823740694,48.967727806
03221500,LA RISLE A FONTAINE-LA-SORET 2,2020-07-21,3.2,NFU,0.729344844,49.153236289
03171880,LA VAUCOULEURS A VILLETTE 2,2020-07-21,4.6,NFU,1.692040381,48.927454966
BD000331,KERMAGORET,2020-07-21,1.0,NFU,-3.584863479,47.903346835
BQ000246,ANDRABLE SI HAUT FOREZ,2020-07-21,5.7,NFU,3.986117322,45.475450418
05005622,Ruisseau des Coudrières à Saint-Génard,2020-07-21,1.1,NFU,-0.146450174,46.177132719
05225320,Le ruisseau de Lassus au niveau Ousse-Suzan,2020-07-21,5.0,NFU,-0.712595068,43.940336973
05138000,Le Thoré à St-Amant Soult,2020-07-21,0.54,NFU,2.463361908,43.488070349
05131000,L'Agout à St-Sulpice,2020-07-21,3.3,NFU,1.688112674,43.776631492
05140200,La Caunaise en aval de Lacaune,2020-07-21,1.6,NFU,2.764626429,43.702296877
05163100,Le Bras inférieur Garonne dans Toulouse (Coubertin),2020-07-21,6.1,NFU,1.430186212,43.585122999
05069910,La Clidane au niveau de Messeix,2020-07-21,1.8,NFU,2.569567226,45.627150084
05229200,L'Adour à Onard,2020-07-21,4.4,NFU,-0.837279293,43.789256614
05163800,Le Canal du Midi au niveau de Castanet,2020-07-21,12.0,NFU,1.515785139,43.526123434
05134310,Le Sor à Sémalens,2020-07-21,4.3,NFU,2.112721801,43.592932455
05095150,Le Dourdou amont Nauviale,2020-07-21,1.6,NFU,2.455303843,44.516282242
05137200,Le Thoré à La Richarde,2020-07-21,2.7,NFU,2.390560812,43.499022183
05031100,La Viveronne à Chalais,2020-07-21,6.8,NFU,0.035604027,45.273166496
05047510,La Dordogne au niveau de Bergerac,2020-07-21,2.4,NFU,0.483198375,44.847949048
05003900,La Guillotière à Loiré-sur-Nie,2020-07-21,2.5,NFU,-0.281870745,45.952220112
05139000,L'Agout à Castres,2020-07-21,1.2,NFU,2.218637427,43.583578118
05069900,Le Chavanon à La Cellette,2020-07-21,3.4,NFU,2.507689789,45.639053129
05140100,Le Viau à Murat sur Vèbre,2020-07-21,3.9,NFU,2.781619611,43.70206235
05006000,La Boutonne à Chérigné,2020-07-21,2.5,NFU,-0.16658405,46.122320398
05133280,L'Oulas au niveau de Paulinet,2020-07-21,1.3,NFU,2.38179289,43.846578629
05061500,La Dordogne à Carennac,2020-07-21,1.9,NFU,1.743605132,44.915655835
05079450,La Dourdèze à Baleyssagues,2020-07-21,3.0,NFU,0.165095048,44.67937866
05083700,L'Ourbise à Caubeyres,2020-07-21,0.57,NFU,0.189836967,44.271148252
